product_id,product_name,category,segment,size,color,price,cogs
536,SaigonFlex UC-01,Streetwear,Everyday,S,green,11059.65,9704.84
537,SaigonFlex UC-02,Streetwear,Everyday,M,silver,9523.08,5393.87
538,SaigonFlex UC-03,Streetwear,Everyday,L,pink,15951.63,11371.92
539,SaigonFlex UC-04,Streetwear,Everyday,XL,yellow,15753.72,8573.17
540,SaigonFlex UC-05,Streetwear,Everyday,S,red,15766.33,14063.57
541,SaigonFlex UC-06,Streetwear,Everyday,M,black,16095.85,15291.06
542,SaigonFlex UC-07,Streetwear,Everyday,L,orange,9213.82,6152.07
543,SaigonFlex UC-08,Streetwear,Everyday,XL,blue,40.39,22.49
544,SaigonFlex UC-09,Streetwear,Everyday,S,white,11334.11,8528.92
545,SaigonFlex UC-10,Streetwear,Everyday,M,purple,10045.68,9091.34
546,SaigonFlex UC-11,Streetwear,Everyday,L,green,16066.12,13338.09
547,SaigonFlex UC-12,Streetwear,Everyday,XL,silver,6544.42,4298.38
548,SaigonFlex UC-13,Streetwear,Everyday,S,pink,6163.41,4883.89
549,SaigonFlex UC-14,Streetwear,Everyday,M,yellow,6655.75,5205.46
550,SaigonFlex UC-15,Streetwear,Everyday,L,red,5184.62,3404.74
551,SaigonFlex UC-16,Streetwear,Everyday,XL,black,11245.41,10683.14
552,SaigonFlex UC-17,Streetwear,Everyday,S,orange,11588.85,11009.41
553,SaigonFlex UC-18,Streetwear,Everyday,M,blue,11516.62,9748.82
554,SaigonFlex UC-19,Streetwear,Everyday,L,white,10501.45,6426.89
555,SaigonFlex UC-20,Streetwear,Everyday,XL,purple,10520.48,9994.46
556,SaigonFlex UC-21,Streetwear,Everyday,S,green,10268.64,9686.41
557,SaigonFlex UC-22,Streetwear,Everyday,M,silver,10090.44,7554.71
558,SaigonFlex UC-23,Streetwear,Everyday,L,pink,18269.37,14094.82
559,SaigonFlex UC-24,Streetwear,Everyday,XL,yellow,7658.99,6569.11
560,SaigonFlex UC-25,Streetwear,Everyday,S,red,8428.27,7354.51
561,SaigonFlex UC-26,Streetwear,Everyday,M,black,8951.67,7753.94
562,SaigonFlex UC-27,Streetwear,Everyday,L,orange,11109.75,10554.26
563,SaigonFlex UC-28,Streetwear,Everyday,XL,blue,9445.09,8972.84
564,SaigonFlex UC-29,Streetwear,Everyday,S,white,11503.8,7876.65
565,SaigonFlex UC-30,Streetwear,Everyday,M,purple,10752.79,9051.7
566,SaigonFlex UC-31,Streetwear,Everyday,L,green,11783.94,9612.16
567,SaigonFlex UC-32,Streetwear,Everyday,XL,silver,10134.78,8711.85
568,SaigonFlex UC-33,Streetwear,Everyday,S,pink,10532.7,7628.83
569,SaigonFlex UC-34,Streetwear,Everyday,M,yellow,12601.62,11971.54
570,SaigonFlex UC-35,Streetwear,Everyday,L,red,6934.76,6364.03
571,SaigonFlex UC-36,Streetwear,Everyday,XL,black,6325.2,6008.94
572,SaigonFlex UC-37,Streetwear,Everyday,S,orange,5428.18,5156.77
573,SaigonFlex UC-38,Streetwear,Everyday,M,blue,3743.69,2813.76
574,SaigonFlex UC-39,Streetwear,Everyday,L,white,10912.66,10134.59
575,SaigonFlex UC-40,Streetwear,Everyday,XL,purple,11157.96,10600.06
576,SaigonFlex UC-41,Streetwear,Everyday,S,green,18775.84,12572.3
577,SaigonFlex UC-42,Streetwear,Everyday,M,silver,12288.26,9234.63
578,SaigonFlex UC-43,Streetwear,Everyday,L,pink,9414.21,6648.32
579,SaigonFlex UC-44,Streetwear,Everyday,XL,yellow,15941.11,14039.33
580,SaigonFlex UC-45,Streetwear,Everyday,S,red,9901.55,9406.47
581,SaigonFlex UC-46,Streetwear,Everyday,M,black,16696.35,14125.11
582,SaigonFlex UC-47,Streetwear,Everyday,L,orange,4283.7,3193.5
583,SaigonFlex UC-48,Streetwear,Everyday,XL,blue,6610.57,4418.51
584,SaigonFlex UC-49,Streetwear,Everyday,S,white,7436.31,4666.29
585,SaigonFlex UC-50,Streetwear,Everyday,M,purple,5044.25,4792.04
586,SaigonFlex UC-51,Streetwear,Everyday,L,green,4552.69,4325.05
587,SaigonFlex UC-52,Streetwear,Everyday,XL,silver,31.33,19.58
588,SaigonFlex UC-53,Streetwear,Everyday,S,pink,7437.17,6317.87
589,SaigonFlex UC-54,Streetwear,Everyday,M,yellow,10207.29,7250.24
590,SaigonFlex UC-55,Streetwear,Everyday,L,red,10658.33,10125.42
591,SaigonFlex UC-56,Streetwear,Everyday,XL,black,11048.62,10496.19
592,SaigonFlex UC-57,Streetwear,Everyday,S,orange,11573.64,7346.95
593,SaigonFlex UC-58,Streetwear,Everyday,M,blue,10942.19,8946.34
594,SaigonFlex UC-59,Streetwear,Everyday,L,white,42.91,24.5
595,SaigonFlex UC-60,Streetwear,Everyday,XL,purple,8975.73,5284.91
596,SaigonFlex UC-61,Streetwear,Everyday,S,green,9577.15,5842.06
597,SaigonFlex UC-62,Streetwear,Everyday,M,silver,60.9,38.96
598,SaigonFlex UC-63,Streetwear,Everyday,L,pink,11489.45,7924.28
599,SaigonFlex UC-64,Streetwear,Everyday,XL,yellow,10648.86,10116.41
600,SaigonFlex UC-65,Streetwear,Everyday,S,red,9148.35,4647.36
601,SaigonFlex UC-66,Streetwear,Everyday,M,black,15754.5,14966.77
602,SaigonFlex UC-67,Streetwear,Everyday,L,orange,15756.27,11752.6
603,SaigonFlex UC-68,Streetwear,Everyday,XL,blue,11026.34,8163.9
604,SaigonFlex UC-69,Streetwear,Everyday,S,white,6135.3,4141.94
605,SaigonFlex UC-70,Streetwear,Everyday,M,purple,4940.96,3748.21
606,SaigonFlex UC-71,Streetwear,Everyday,L,green,4042.85,3552.46
607,SaigonFlex UC-72,Streetwear,Everyday,XL,silver,11408.04,7676.47
608,SaigonFlex UC-73,Streetwear,Everyday,S,pink,11699.1,11114.14
609,SaigonFlex UC-74,Streetwear,Everyday,M,yellow,10426.57,8987.7
610,SaigonFlex UC-75,Streetwear,Everyday,L,red,11122.51,9587.6
611,SaigonFlex UC-76,Streetwear,Everyday,XL,black,17959.96,12395.96
612,SaigonFlex UC-77,Streetwear,Everyday,S,orange,11727.45,7625.19
613,SaigonFlex UC-78,Streetwear,Everyday,M,blue,30.15,17.2
614,SaigonFlex UC-79,Streetwear,Everyday,L,white,8263.49,6609.14
615,SaigonFlex UC-80,Streetwear,Everyday,XL,purple,8328.97,4873.28
616,SaigonFlex UC-81,Streetwear,Everyday,S,green,8545.56,7898.66
617,SaigonFlex UC-82,Streetwear,Everyday,M,silver,10151.26,6680.55
618,SaigonFlex UC-83,Streetwear,Everyday,L,pink,14262.41,13549.29
619,SaigonFlex UC-84,Streetwear,Everyday,XL,yellow,11336.85,6509.62
620,SaigonFlex UC-85,Streetwear,Everyday,S,red,30.15,17.16
621,SaigonFlex UC-86,Streetwear,Everyday,M,black,62.28,34.48
622,SaigonFlex UC-87,Streetwear,Everyday,L,orange,9946.84,7374.59
623,SaigonFlex UC-88,Streetwear,Everyday,XL,blue,17011.96,9844.82
624,SaigonFlex UC-89,Streetwear,Everyday,S,white,45.01,26.88
625,SaigonFlex UC-90,Streetwear,Everyday,M,purple,16075.5,8733.82
626,SaigonFlex UC-91,Streetwear,Everyday,L,green,17013.9,16163.2
627,SaigonFlex UC-92,Streetwear,Everyday,XL,silver,11006.55,7708.99
628,SaigonFlex UC-93,Streetwear,Everyday,S,pink,11516.4,9278.76
629,SaigonFlex UC-94,Streetwear,Everyday,M,yellow,9968.7,9470.26
630,SaigonFlex UC-95,Streetwear,Everyday,L,red,6176.85,3866.09
631,SaigonFlex UC-96,Streetwear,Everyday,XL,black,4677.02,4443.17
632,SaigonFlex UC-97,Streetwear,Everyday,S,orange,4844.7,2618.08
633,SaigonFlex UC-98,Streetwear,Everyday,M,blue,6803.8,3769.31
634,SaigonFlex UC-99,Streetwear,Everyday,L,white,10788.27,6005.83
635,SaigonFlex UC-00,Streetwear,Everyday,XL,purple,10745.22,9205.43
636,SaigonFlex UC-01,Streetwear,Everyday,S,green,10892.0,9183.04
637,SaigonFlex UC-02,Streetwear,Everyday,M,silver,10938.36,8362.37
638,SaigonFlex UC-03,Streetwear,Everyday,L,pink,12105.45,11500.18
639,SaigonFlex UC-04,Streetwear,Everyday,XL,yellow,10586.43,10057.11
640,SaigonFlex UC-05,Streetwear,Everyday,S,red,9757.34,9269.48
641,SaigonFlex UC-06,Streetwear,Everyday,M,black,9957.78,8252.01
642,SaigonFlex UC-07,Streetwear,Everyday,L,orange,10862.12,7602.4
643,SaigonFlex UC-08,Streetwear,Everyday,XL,blue,13917.75,9639.43
644,SaigonFlex UC-09,Streetwear,Everyday,S,white,10607.75,8623.04
645,SaigonFlex UC-10,Streetwear,Everyday,M,purple,8950.1,8502.59
646,SaigonFlex UC-11,Streetwear,Everyday,L,green,11258.1,8881.52
647,SaigonFlex UC-12,Streetwear,Everyday,XL,silver,11033.91,6038.86
648,SaigonFlex UC-13,Streetwear,Everyday,S,pink,10560.82,10032.78
649,SaigonFlex UC-14,Streetwear,Everyday,M,yellow,10084.34,9580.13
650,SaigonFlex UC-15,Streetwear,Everyday,L,red,6110.11,5804.6
651,SaigonFlex UC-16,Streetwear,Everyday,XL,black,9885.47,5627.8
652,SaigonFlex UC-17,Streetwear,Everyday,S,orange,9960.63,9462.6
653,SaigonFlex UC-18,Streetwear,Everyday,M,blue,10584.53,10055.31
654,SaigonFlex UC-19,Streetwear,Everyday,L,white,12297.94,11683.04
655,SaigonFlex UC-20,Streetwear,Everyday,XL,purple,11836.94,7837.24
656,SaigonFlex UC-21,Streetwear,Everyday,S,green,10963.75,8877.35
657,SaigonFlex UC-22,Streetwear,Everyday,M,silver,11020.21,10469.2
658,SaigonFlex UC-23,Streetwear,Everyday,L,pink,11169.79,8112.62
659,SaigonFlex UC-24,Streetwear,Everyday,XL,yellow,18102.51,10184.47
660,SaigonFlex UC-25,Streetwear,Everyday,S,red,8500.35,5856.74
661,SaigonFlex UC-26,Streetwear,Everyday,M,black,27.45,16.65
662,SaigonFlex UC-27,Streetwear,Everyday,L,orange,10139.14,5848.26
663,SaigonFlex UC-28,Streetwear,Everyday,XL,blue,8397.9,7978.0
664,SaigonFlex UC-29,Streetwear,Everyday,S,white,41.14,22.9
665,SaigonFlex UC-30,Streetwear,Everyday,M,purple,27.51,17.27
666,SaigonFlex UC-31,Streetwear,Everyday,L,green,9766.92,7154.27
667,SaigonFlex UC-32,Streetwear,Everyday,XL,silver,9799.4,9309.43
668,SaigonFlex UC-33,Streetwear,Everyday,S,pink,16826.67,12741.15
669,SaigonFlex UC-34,Streetwear,Everyday,M,yellow,16376.85,13867.92
670,SaigonFlex UC-35,Streetwear,Everyday,L,red,10899.89,10354.89
671,SaigonFlex UC-36,Streetwear,Everyday,XL,black,11194.63,7866.46
672,SaigonFlex UC-37,Streetwear,Everyday,S,orange,11024.43,10473.21
673,SaigonFlex UC-38,Streetwear,Everyday,M,blue,27.49,16.36
674,SaigonFlex UC-39,Streetwear,Everyday,L,white,8419.58,6274.27
675,SaigonFlex UC-40,Streetwear,Everyday,XL,purple,7873.65,5241.49
676,SaigonFlex UC-41,Streetwear,Everyday,S,green,9891.04,9195.7
677,SaigonFlex UC-42,Streetwear,Everyday,M,silver,36.48,21.98
678,SaigonFlex UC-43,Streetwear,Everyday,L,pink,15.4,9.15
679,SaigonFlex UC-44,Streetwear,Everyday,XL,yellow,16.61,9.8
680,SaigonFlex UC-45,Streetwear,Everyday,S,red,26.45,16.03
681,SaigonFlex UC-46,Streetwear,Everyday,M,black,8907.55,8272.45
682,SaigonFlex UC-47,Streetwear,Everyday,L,orange,11641.83,11059.74
683,SaigonFlex UC-48,Streetwear,Everyday,XL,blue,10477.88,6262.63
684,SaigonFlex UC-49,Streetwear,Everyday,S,white,10989.14,10439.68
685,SaigonFlex UC-50,Streetwear,Everyday,M,purple,10129.73,8328.66
686,SaigonFlex UC-51,Streetwear,Everyday,L,green,9634.4,5513.76
687,SaigonFlex UC-52,Streetwear,Everyday,XL,silver,5610.65,4180.5
688,SaigonFlex UC-53,Streetwear,Everyday,S,pink,6694.9,5116.25
689,SaigonFlex UC-54,Streetwear,Everyday,M,yellow,4162.63,3842.94
690,SaigonFlex UC-55,Streetwear,Everyday,L,red,4598.82,3100.06
691,SaigonFlex UC-56,Streetwear,Everyday,XL,black,4663.55,4430.37
692,SaigonFlex UC-57,Streetwear,Everyday,S,orange,3023.37,1991.19
693,SaigonFlex UC-58,Streetwear,Everyday,M,blue,22.08,12.49
189,DragonWear UC-01,Streetwear,Everyday,M,yellow,9513.0,6181.55
190,DragonWear UC-02,Streetwear,Everyday,L,red,9443.7,7547.41
191,DragonWear UC-03,Streetwear,Everyday,XL,black,9513.0,9029.74
192,DragonWear UC-04,Streetwear,Everyday,S,orange,37.55,21.34
193,DragonWear UC-05,Streetwear,Everyday,M,blue,9191.7,7248.57
194,DragonWear UC-06,Streetwear,Everyday,L,white,23.03,14.65
195,DragonWear UC-07,Streetwear,Everyday,XL,purple,9191.7,5645.54
196,DragonWear UC-08,Streetwear,Everyday,S,green,10073.7,7970.31
387,LotusWear UC-01,Streetwear,Everyday,XL,silver,11966.85,11368.51
388,LotusWear UC-02,Streetwear,Everyday,S,pink,12720.34,12084.33
389,LotusWear UC-03,Streetwear,Everyday,M,yellow,11063.06,10102.78
390,LotusWear UC-04,Streetwear,Everyday,L,red,16691.85,12462.14
391,LotusWear UC-05,Streetwear,Everyday,XL,black,12281.85,7574.22
938,HanoiStreet UC-01,Streetwear,Everyday,L,pink,18.82,12.13
939,HanoiStreet UC-02,Streetwear,Everyday,XL,yellow,4494.11,4269.4
940,HanoiStreet UC-03,Streetwear,Everyday,S,red,8270.44,7856.92
941,HanoiStreet UC-04,Streetwear,Everyday,M,black,11339.37,9661.14
942,HanoiStreet UC-05,Streetwear,Everyday,L,orange,7413.81,6891.88
943,HanoiStreet UC-06,Streetwear,Everyday,XL,blue,8063.37,7660.2
944,HanoiStreet UC-07,Streetwear,Everyday,S,white,8971.2,4491.88
945,HanoiStreet UC-08,Streetwear,Everyday,M,purple,8241.39,7829.32
946,HanoiStreet UC-09,Streetwear,Everyday,L,green,8360.99,4980.64
947,HanoiStreet UC-10,Streetwear,Everyday,XL,silver,8472.12,7214.86
948,HanoiStreet UC-11,Streetwear,Everyday,S,pink,9063.35,5344.66
949,HanoiStreet UC-12,Streetwear,Everyday,M,yellow,15434.37,14662.65
950,HanoiStreet UC-13,Streetwear,Everyday,L,red,17009.37,10601.94
951,HanoiStreet UC-14,Streetwear,Everyday,XL,black,59.52,34.96
952,HanoiStreet UC-15,Streetwear,Everyday,S,orange,3321.45,3155.37
953,HanoiStreet UC-16,Streetwear,Everyday,M,blue,30.26,17.46
954,HanoiStreet UC-17,Streetwear,Everyday,L,white,8325.94,7430.9
955,HanoiStreet UC-18,Streetwear,Everyday,XL,purple,9605.66,6085.19
956,HanoiStreet UC-19,Streetwear,Everyday,S,green,9913.23,9417.57
957,HanoiStreet UC-20,Streetwear,Everyday,M,silver,9761.42,6531.36
958,HanoiStreet UC-21,Streetwear,Everyday,L,pink,8992.78,5238.3
959,HanoiStreet UC-22,Streetwear,Everyday,XL,yellow,10276.12,6593.16
960,HanoiStreet UC-23,Streetwear,Everyday,S,red,34.02,20.9
961,HanoiStreet UC-24,Streetwear,Everyday,M,black,18.73,11.07
962,HanoiStreet UC-25,Streetwear,Everyday,L,orange,5887.01,5592.66
963,HanoiStreet UC-26,Streetwear,Everyday,XL,blue,5122.76,2717.11
964,HanoiStreet UC-27,Streetwear,Everyday,S,white,3906.51,2223.98
965,HanoiStreet UC-28,Streetwear,Everyday,M,purple,6039.66,3816.46
966,HanoiStreet UC-29,Streetwear,Everyday,L,green,5858.24,3333.34
967,HanoiStreet UC-30,Streetwear,Everyday,XL,silver,8161.48,6491.64
968,HanoiStreet UC-31,Streetwear,Everyday,S,pink,8354.88,7937.13
969,HanoiStreet UC-32,Streetwear,Everyday,M,yellow,5039.37,3478.68
970,HanoiStreet UC-33,Streetwear,Everyday,L,red,26.64,14.72
971,HanoiStreet UC-34,Streetwear,Everyday,XL,black,15434.37,14662.65
972,HanoiStreet UC-35,Streetwear,Everyday,S,orange,8000.37,5880.27
973,HanoiStreet UC-36,Streetwear,Everyday,M,blue,7486.73,4697.92
974,HanoiStreet UC-37,Streetwear,Everyday,L,white,8151.27,6372.66
975,HanoiStreet UC-38,Streetwear,Everyday,XL,purple,8846.74,8404.4
976,HanoiStreet UC-39,Streetwear,Everyday,S,green,3962.16,3764.05
977,HanoiStreet UC-40,Streetwear,Everyday,M,silver,5978.2,4912.88
978,HanoiStreet UC-41,Streetwear,Everyday,L,pink,9462.73,7198.3
979,HanoiStreet UC-42,Streetwear,Everyday,XL,yellow,4727.33,4490.97
980,HanoiStreet UC-43,Streetwear,Everyday,S,red,4989.87,4740.38
981,HanoiStreet UC-44,Streetwear,Everyday,M,black,2032.93,1931.28
982,HanoiStreet UC-45,Streetwear,Everyday,L,orange,17194.15,15180.71
983,HanoiStreet UC-46,Streetwear,Everyday,XL,blue,5354.37,5086.65
984,HanoiStreet UC-47,Streetwear,Everyday,S,white,34.62,19.58
985,HanoiStreet UC-48,Streetwear,Everyday,M,purple,9262.5,5465.8
986,HanoiStreet UC-49,Streetwear,Everyday,L,green,4409.37,2725.43
987,HanoiStreet UC-50,Streetwear,Everyday,XL,silver,20.9,12.99
988,HanoiStreet UC-51,Streetwear,Everyday,S,pink,38.49,23.7
989,HanoiStreet UC-52,Streetwear,Everyday,M,yellow,5262.47,2638.6
990,HanoiStreet UC-53,Streetwear,Everyday,L,red,5403.09,3895.09
991,HanoiStreet UC-54,Streetwear,Everyday,XL,black,26.04,14.39
992,HanoiStreet UC-55,Streetwear,Everyday,S,orange,3453.46,2504.79
993,HanoiStreet UC-56,Streetwear,Everyday,M,blue,4262.35,3732.12
994,HanoiStreet UC-57,Streetwear,Everyday,L,white,5821.2,3037.5
995,HanoiStreet UC-58,Streetwear,Everyday,XL,purple,7071.59,6718.01
996,HanoiStreet UC-59,Streetwear,Everyday,S,green,8557.11,6923.55
997,HanoiStreet UC-60,Streetwear,Everyday,M,silver,9456.75,7530.41
998,HanoiStreet UC-61,Streetwear,Everyday,L,pink,8613.57,5197.43
999,HanoiStreet UC-62,Streetwear,Everyday,XL,yellow,9245.03,5388.93
1029,MekongStyle UC-01,Streetwear,Everyday,M,yellow,14486.85,13762.51
1030,MekongStyle UC-02,Streetwear,Everyday,L,red,29.47,16.86
1031,MekongStyle UC-03,Streetwear,Everyday,XL,black,12596.85,11885.13
1032,MekongStyle UC-04,Streetwear,Everyday,S,orange,26.03,14.92
1033,MekongStyle UC-05,Streetwear,Everyday,M,blue,12136.39,8029.44
1034,MekongStyle UC-06,Streetwear,Everyday,L,white,10885.35,10341.08
1035,MekongStyle UC-07,Streetwear,Everyday,XL,purple,14486.85,12723.8
1036,MekongStyle UC-08,Streetwear,Everyday,S,green,69.47,42.88
1037,MekongStyle UC-09,Streetwear,Everyday,M,silver,17006.85,13571.47
1038,MekongStyle UC-10,Streetwear,Everyday,L,pink,32.94,18.18
1039,MekongStyle UC-11,Streetwear,Everyday,XL,yellow,21.69,12.16
1040,MekongStyle UC-12,Streetwear,Everyday,S,red,13324.98,9943.1
1041,MekongStyle UC-13,Streetwear,Everyday,M,black,11954.96,6095.84
1042,MekongStyle UC-14,Streetwear,Everyday,L,orange,14486.85,11301.19
1199,MekongFit UC-01,Streetwear,Everyday,XL,yellow,1637.37,1262.25
1200,MekongFit UC-02,Streetwear,Everyday,S,red,1243.94,895.26
1201,MekongFit UC-03,Streetwear,Everyday,M,black,6929.37,6443.62
1202,MekongFit UC-04,Streetwear,Everyday,L,orange,7253.1,6218.08
1203,MekongFit UC-05,Streetwear,Everyday,XL,blue,3885.7,3634.69
1204,MekongFit UC-06,Streetwear,Everyday,S,white,4808.37,4567.95
1205,MekongFit UC-07,Streetwear,Everyday,M,purple,4409.37,3289.39
1206,MekongFit UC-08,Streetwear,Everyday,L,green,6110.37,5286.08
1207,MekongFit UC-09,Streetwear,Everyday,XL,silver,8323.85,7907.66
1208,MekongFit UC-10,Streetwear,Everyday,S,pink,46.02,28.99
1209,MekongFit UC-11,Streetwear,Everyday,M,yellow,20.32,11.54
1210,MekongFit UC-12,Streetwear,Everyday,L,red,7044.87,6692.63
1211,MekongFit UC-13,Streetwear,Everyday,XL,black,8670.87,8237.33
1212,MekongFit UC-14,Streetwear,Everyday,S,orange,4947.39,3803.06
1213,MekongFit UC-15,Streetwear,Everyday,M,blue,6198.43,4649.45
1214,MekongFit UC-16,Streetwear,Everyday,L,white,8189.37,4614.71
1215,MekongFit UC-17,Streetwear,Everyday,XL,purple,4138.55,2641.64
1216,MekongFit UC-18,Streetwear,Everyday,S,green,36.0,22.15
1217,MekongFit UC-19,Streetwear,Everyday,M,silver,7001.43,5863.69
1218,MekongFit UC-20,Streetwear,Everyday,L,pink,15.12,8.68
1219,MekongFit UC-21,Streetwear,Everyday,XL,yellow,19.47,10.9
1220,MekongFit UC-22,Streetwear,Everyday,S,red,7693.69,5870.29
1221,MekongFit UC-23,Streetwear,Everyday,M,black,9335.13,8663.0
1222,MekongFit UC-24,Streetwear,Everyday,L,orange,35.83,20.58
1223,MekongFit UC-25,Streetwear,Everyday,XL,blue,4751.0,4513.45
1224,MekongFit UC-26,Streetwear,Everyday,S,white,44.5,27.69
1225,MekongFit UC-27,Streetwear,Everyday,M,purple,2511.5,2353.77
1226,MekongFit UC-28,Streetwear,Everyday,L,green,6689.1,5573.36
1227,MekongFit UC-29,Streetwear,Everyday,XL,silver,3804.0,3196.5
1228,MekongFit UC-30,Streetwear,Everyday,S,pink,1644.43,1030.24
1229,MekongFit UC-31,Streetwear,Everyday,M,yellow,3180.58,2331.05
1230,MekongFit UC-32,Streetwear,Everyday,L,red,5786.6,3670.44
1231,MekongFit UC-33,Streetwear,Everyday,XL,black,9063.75,7768.54
1232,MekongFit UC-34,Streetwear,Everyday,S,orange,4566.73,4338.39
1689,NamStyle UC-01,Streetwear,Everyday,M,yellow,2708.37,1355.27
1795,SaigonCore UC-01,Streetwear,Everyday,XL,purple,6835.12,5533.71
1796,SaigonCore UC-02,Streetwear,Everyday,S,green,9002.7,7059.02
1797,SaigonCore UC-03,Streetwear,Everyday,M,silver,5696.86,3744.54
1798,SaigonCore UC-04,Streetwear,Everyday,L,pink,8498.7,5991.58
1799,SaigonCore UC-05,Streetwear,Everyday,XL,yellow,9443.7,8971.52
1800,SaigonCore UC-06,Streetwear,Everyday,S,red,7633.08,7251.43
1801,SaigonCore UC-07,Streetwear,Everyday,M,black,9474.18,7096.16
1802,SaigonCore UC-08,Streetwear,Everyday,L,orange,8498.7,7093.86
1803,SaigonCore UC-09,Streetwear,Everyday,XL,blue,5351.85,4369.25
1804,SaigonCore UC-10,Streetwear,Everyday,S,white,8096.86,5747.15
1805,SaigonCore UC-11,Streetwear,Everyday,M,purple,5532.45,3212.14
1882,BambooCraft UC-01,Streetwear,Everyday,L,orange,35.47,22.54
1883,BambooCraft UC-02,Streetwear,Everyday,XL,blue,9147.14,8689.78
1884,BambooCraft UC-03,Streetwear,Everyday,S,white,10289.23,8385.72
1885,BambooCraft UC-04,Streetwear,Everyday,M,purple,10079.37,8501.95
1886,BambooCraft UC-05,Streetwear,Everyday,L,green,10602.99,8157.94
1887,BambooCraft UC-06,Streetwear,Everyday,XL,silver,31.62,20.02
1888,BambooCraft UC-07,Streetwear,Everyday,S,pink,10940.58,10050.02
1889,BambooCraft UC-08,Streetwear,Everyday,M,yellow,8251.84,7839.25
1890,BambooCraft UC-09,Streetwear,Everyday,L,red,29.36,17.31
1891,BambooCraft UC-10,Streetwear,Everyday,XL,black,8630.37,5459.57
1892,BambooCraft UC-11,Streetwear,Everyday,S,orange,10488.37,9963.95
1893,BambooCraft UC-12,Streetwear,Everyday,M,blue,8686.74,7189.14
1894,BambooCraft UC-13,Streetwear,Everyday,L,white,8725.29,4900.12
1895,BambooCraft UC-14,Streetwear,Everyday,XL,purple,9014.52,8563.79
1896,BambooCraft UC-15,Streetwear,Everyday,S,green,8833.76,7271.95
1897,BambooCraft UC-16,Streetwear,Everyday,M,silver,8661.22,4709.1
1898,BambooCraft UC-17,Streetwear,Everyday,L,pink,12242.04,11629.94
1899,BambooCraft UC-18,Streetwear,Everyday,XL,yellow,11430.58,10859.05
1900,BambooCraft UC-19,Streetwear,Everyday,S,red,18.33,11.31
1901,BambooCraft UC-20,Streetwear,Everyday,M,black,9899.93,9404.94
1902,BambooCraft UC-21,Streetwear,Everyday,L,orange,19529.37,16287.49
1903,BambooCraft UC-22,Streetwear,Everyday,XL,blue,9629.86,9148.36
1904,BambooCraft UC-23,Streetwear,Everyday,S,white,8222.53,5716.3
1905,BambooCraft UC-24,Streetwear,Everyday,M,purple,11412.15,8450.69
1906,BambooCraft UC-25,Streetwear,Everyday,L,green,8808.87,7972.03
1907,BambooCraft UC-26,Streetwear,Everyday,XL,silver,12729.08,6993.36
2066,UrbanVN UC-01,Streetwear,Everyday,L,green,4537.14,3082.08
2067,UrbanVN UC-02,Streetwear,Everyday,XL,silver,6547.55,6220.17
2068,UrbanVN UC-03,Streetwear,Everyday,S,pink,24.83,14.17
2069,UrbanVN UC-04,Streetwear,Everyday,M,yellow,6299.37,5984.4
2070,UrbanVN UC-05,Streetwear,Everyday,L,red,6299.11,5095.98
2071,UrbanVN UC-06,Streetwear,Everyday,XL,black,4194.77,2699.75
2072,UrbanVN UC-07,Streetwear,Everyday,S,orange,27.54,15.96
2073,UrbanVN UC-08,Streetwear,Everyday,M,blue,4327.89,4111.49
2074,UrbanVN UC-09,Streetwear,Everyday,L,white,4031.37,2954.19
2075,UrbanVN UC-10,Streetwear,Everyday,XL,purple,5543.37,4112.63
2076,UrbanVN UC-11,Streetwear,Everyday,S,green,8618.81,8187.87
2077,UrbanVN UC-12,Streetwear,Everyday,M,silver,4480.88,2845.36
2078,UrbanVN UC-13,Streetwear,Everyday,L,pink,6929.37,4147.23
2079,UrbanVN UC-14,Streetwear,Everyday,XL,yellow,6564.19,6235.98
2080,UrbanVN UC-15,Streetwear,Everyday,S,red,6929.37,3718.99
2081,UrbanVN UC-16,Streetwear,Everyday,M,black,2708.37,2432.12
2082,UrbanVN UC-17,Streetwear,Everyday,L,orange,4066.09,3089.42
2083,UrbanVN UC-18,Streetwear,Everyday,XL,blue,3872.08,3180.91
2084,UrbanVN UC-19,Streetwear,Everyday,S,white,8001.93,7425.79
2085,UrbanVN UC-20,Streetwear,Everyday,M,purple,8000.37,7600.35
2086,UrbanVN UC-21,Streetwear,Everyday,L,green,2916.65,2528.45
2087,UrbanVN UC-22,Streetwear,Everyday,XL,silver,8712.53,7795.1
2088,UrbanVN UC-23,Streetwear,Everyday,S,pink,7055.37,6285.63
2089,UrbanVN UC-24,Streetwear,Everyday,M,yellow,9449.37,5547.73
2090,UrbanVN UC-25,Streetwear,Everyday,L,red,4301.7,3533.85
2091,UrbanVN UC-26,Streetwear,Everyday,XL,black,2020.0,1168.16
2092,UrbanVN UC-27,Streetwear,Everyday,S,orange,4099.84,3894.85
2093,UrbanVN UC-28,Streetwear,Everyday,M,blue,5324.79,3625.12
2094,UrbanVN UC-29,Streetwear,Everyday,L,white,5259.78,4996.79
2095,UrbanVN UC-30,Streetwear,Everyday,XL,purple,50.54,32.33
2096,UrbanVN UC-31,Streetwear,Everyday,S,green,37.99,20.95
2171,PhoenixWear UC-01,Streetwear,Everyday,XL,black,5395.67,3942.08
2172,PhoenixWear UC-02,Streetwear,Everyday,S,orange,16.36,9.14
2173,PhoenixWear UC-03,Streetwear,Everyday,M,blue,9084.63,6667.21
2174,PhoenixWear UC-04,Streetwear,Everyday,L,white,5039.37,2880.5
2175,PhoenixWear UC-05,Streetwear,Everyday,XL,purple,5666.85,3381.41
2176,PhoenixWear UC-06,Streetwear,Everyday,S,green,8819.37,7504.4
2177,PhoenixWear UC-07,Streetwear,Everyday,M,silver,7876.34,5431.52
2178,PhoenixWear UC-08,Streetwear,Everyday,L,pink,10331.37,9814.8
2179,PhoenixWear UC-09,Streetwear,Everyday,XL,yellow,9154.69,7143.41
2180,PhoenixWear UC-10,Streetwear,Everyday,S,red,5147.28,4889.92
2181,PhoenixWear UC-11,Streetwear,Everyday,M,black,9449.37,8976.9
2182,PhoenixWear UC-12,Streetwear,Everyday,L,orange,9449.37,8976.9
2183,PhoenixWear UC-13,Streetwear,Everyday,XL,blue,8685.85,8251.56
2184,PhoenixWear UC-14,Streetwear,Everyday,S,white,10003.17,9503.01
2185,PhoenixWear UC-15,Streetwear,Everyday,M,purple,10064.3,6988.65
2186,PhoenixWear UC-16,Streetwear,Everyday,L,green,5332.65,4611.67
2353,VietMotion UC-01,Streetwear,Everyday,M,blue,5207.48,4504.99
2354,VietMotion UC-02,Streetwear,Everyday,L,white,4403.3,4183.14
2355,VietMotion UC-03,Streetwear,Everyday,XL,purple,7179.43,5081.6
2356,VietMotion UC-04,Streetwear,Everyday,S,green,8744.4,5883.23
2357,VietMotion UC-05,Streetwear,Everyday,M,silver,37.7,21.52
2358,VietMotion UC-06,Streetwear,Everyday,L,pink,28.39,15.69
2359,VietMotion UC-07,Streetwear,Everyday,XL,yellow,5399.83,3136.76
2360,VietMotion UC-08,Streetwear,Everyday,S,red,7081.98,5403.55
2361,VietMotion UC-09,Streetwear,Everyday,M,black,7197.01,6837.16
2362,VietMotion UC-10,Streetwear,Everyday,L,orange,25.26,14.35
2363,VietMotion UC-11,Streetwear,Everyday,XL,blue,11768.96,11180.51
2364,VietMotion UC-12,Streetwear,Everyday,S,white,42.3,25.73
2365,VietMotion UC-13,Streetwear,Everyday,M,purple,6423.1,4688.22
2366,VietMotion UC-14,Streetwear,Everyday,L,green,5124.65,4868.42
2367,VietMotion UC-15,Streetwear,Everyday,XL,silver,5855.09,3272.41
2368,VietMotion UC-16,Streetwear,Everyday,S,pink,9060.46,5234.23
2369,VietMotion UC-17,Streetwear,Everyday,M,yellow,5168.69,2624.14
2370,VietMotion UC-18,Streetwear,Everyday,L,red,8898.12,4748.93
2371,VietMotion UC-19,Streetwear,Everyday,XL,black,6958.3,4658.58
2372,VietMotion UC-20,Streetwear,Everyday,S,orange,4787.37,2481.77
2373,VietMotion UC-21,Streetwear,Everyday,M,blue,7213.41,4297.75
2374,VietMotion UC-22,Streetwear,Everyday,L,white,7830.72,5726.61
2375,VietMotion UC-23,Streetwear,Everyday,XL,purple,8378.37,5122.54
2376,VietMotion UC-24,Streetwear,Everyday,S,green,8381.72,7962.63
2377,VietMotion UC-25,Streetwear,Everyday,M,silver,10451.7,9744.12
2378,VietMotion UC-26,Streetwear,Everyday,L,pink,9752.4,9264.78
2379,VietMotion UC-27,Streetwear,Everyday,XL,yellow,2324.01,2207.81
2380,VietMotion UC-28,Streetwear,Everyday,S,red,3754.71,2446.94
2381,VietMotion UC-29,Streetwear,Everyday,M,black,7536.5,7159.68
2382,VietMotion UC-30,Streetwear,Everyday,L,orange,50.02,29.62
2383,VietMotion UC-31,Streetwear,Everyday,XL,blue,48.06,30.73
2384,VietMotion UC-32,Streetwear,Everyday,S,white,7792.53,4305.37
2385,VietMotion UC-33,Streetwear,Everyday,M,purple,9105.6,6343.87
2386,VietMotion UC-34,Streetwear,Everyday,L,green,23.67,14.95
2387,VietMotion UC-35,Streetwear,Everyday,XL,silver,6091.45,4494.27
2388,VietMotion UC-36,Streetwear,Everyday,S,pink,3825.87,2462.33
2389,VietMotion UC-37,Streetwear,Everyday,M,yellow,10194.3,9156.52
2390,VietMotion UC-38,Streetwear,Everyday,L,red,29.26,17.09
2391,VietMotion UC-39,Streetwear,Everyday,XL,black,9057.27,8604.4
173,DragonWear UE-01,Streetwear,Performance,M,blue,12869.2,10770.23
174,DragonWear UE-02,Streetwear,Performance,L,white,8386.03,7570.07
175,DragonWear UE-03,Streetwear,Performance,XL,purple,7553.7,7176.02
176,DragonWear UE-04,Streetwear,Performance,S,green,9216.9,7344.95
177,DragonWear UE-05,Streetwear,Performance,M,silver,9443.35,8471.63
178,DragonWear UE-06,Streetwear,Performance,L,pink,6268.5,3509.73
179,DragonWear UE-07,Streetwear,Performance,XL,yellow,37.81,21.77
180,DragonWear UE-08,Streetwear,Performance,S,red,9746.47,9106.13
181,DragonWear UE-09,Streetwear,Performance,M,black,8498.7,8073.76
182,DragonWear UE-10,Streetwear,Performance,L,orange,16000.57,12051.63
183,DragonWear UE-11,Streetwear,Performance,XL,blue,9191.45,8731.87
184,DragonWear UE-12,Streetwear,Performance,S,white,48.92,28.76
185,DragonWear UE-13,Streetwear,Performance,M,purple,9741.69,5492.37
186,DragonWear UE-14,Streetwear,Performance,L,green,27.34,16.65
187,DragonWear UE-15,Streetwear,Performance,XL,silver,8798.35,7129.3
188,DragonWear UE-16,Streetwear,Performance,S,pink,9261.0,6645.69
513,SaigonFlex UE-01,Streetwear,Performance,M,blue,5635.85,4186.31
514,SaigonFlex UE-02,Streetwear,Performance,L,white,5606.58,4206.06
515,SaigonFlex UE-03,Streetwear,Performance,XL,purple,6514.16,3614.71
516,SaigonFlex UE-04,Streetwear,Performance,S,green,6653.52,3389.97
517,SaigonFlex UE-05,Streetwear,Performance,M,silver,8186.85,6897.42
518,SaigonFlex UE-06,Streetwear,Performance,L,pink,6281.42,3173.37
519,SaigonFlex UE-07,Streetwear,Performance,XL,yellow,19526.85,9948.93
520,SaigonFlex UE-08,Streetwear,Performance,S,red,7367.85,6999.46
521,SaigonFlex UE-09,Streetwear,Performance,M,black,6740.37,5806.83
522,SaigonFlex UE-10,Streetwear,Performance,L,orange,30.75,17.73
523,SaigonFlex UE-11,Streetwear,Performance,XL,blue,6819.42,6351.61
524,SaigonFlex UE-12,Streetwear,Performance,S,white,7556.85,7179.01
525,SaigonFlex UE-13,Streetwear,Performance,M,purple,6289.68,3754.31
526,SaigonFlex UE-14,Streetwear,Performance,L,green,21.27,13.03
527,SaigonFlex UE-15,Streetwear,Performance,XL,silver,6485.85,5394.28
528,SaigonFlex UE-16,Streetwear,Performance,S,pink,7241.85,4674.61
529,SaigonFlex UE-17,Streetwear,Performance,M,yellow,5574.45,2865.27
530,SaigonFlex UE-18,Streetwear,Performance,L,red,7519.36,5786.15
531,SaigonFlex UE-19,Streetwear,Performance,XL,black,7557.78,7179.89
532,SaigonFlex UE-20,Streetwear,Performance,S,orange,6825.53,5999.64
533,SaigonFlex UE-21,Streetwear,Performance,M,blue,6086.91,3334.41
534,SaigonFlex UE-22,Streetwear,Performance,L,white,6526.87,5059.63
535,SaigonFlex UE-23,Streetwear,Performance,XL,purple,6485.85,5704.31
892,HanoiStreet UE-01,Streetwear,Performance,S,orange,20.52,12.13
893,HanoiStreet UE-02,Streetwear,Performance,M,blue,10520.37,8970.72
894,HanoiStreet UE-03,Streetwear,Performance,L,white,45.83,27.74
895,HanoiStreet UE-04,Streetwear,Performance,XL,purple,7118.88,4305.5
896,HanoiStreet UE-05,Streetwear,Performance,S,green,11024.37,7005.99
897,HanoiStreet UE-06,Streetwear,Performance,M,silver,8438.65,4981.34
898,HanoiStreet UE-07,Streetwear,Performance,L,pink,56.97,33.82
899,HanoiStreet UE-08,Streetwear,Performance,XL,yellow,7171.24,6812.68
900,HanoiStreet UE-09,Streetwear,Performance,S,red,3541.48,2763.77
901,HanoiStreet UE-10,Streetwear,Performance,M,black,4913.37,3388.26
902,HanoiStreet UE-11,Streetwear,Performance,L,orange,1889.37,1062.96
903,HanoiStreet UE-12,Streetwear,Performance,XL,blue,32.18,18.64
904,HanoiStreet UE-13,Streetwear,Performance,S,white,49.47,31.9
905,HanoiStreet UE-14,Streetwear,Performance,M,purple,7216.91,5134.83
906,HanoiStreet UE-15,Streetwear,Performance,L,green,5178.67,4255.83
907,HanoiStreet UE-16,Streetwear,Performance,XL,silver,7343.25,6976.09
908,HanoiStreet UE-17,Streetwear,Performance,S,pink,2601.28,2461.33
909,HanoiStreet UE-18,Streetwear,Performance,M,yellow,2910.24,1759.82
910,HanoiStreet UE-19,Streetwear,Performance,L,red,5226.12,4846.18
911,HanoiStreet UE-20,Streetwear,Performance,XL,black,38.27,23.97
912,HanoiStreet UE-21,Streetwear,Performance,S,orange,25.58,14.43
913,HanoiStreet UE-22,Streetwear,Performance,M,blue,4566.49,2456.77
914,HanoiStreet UE-23,Streetwear,Performance,L,white,6929.37,3953.21
915,HanoiStreet UE-24,Streetwear,Performance,XL,purple,6677.37,6343.5
916,HanoiStreet UE-25,Streetwear,Performance,S,green,10079.37,9575.4
917,HanoiStreet UE-26,Streetwear,Performance,M,silver,38.27,24.37
918,HanoiStreet UE-27,Streetwear,Performance,L,pink,61.27,36.68
919,HanoiStreet UE-28,Streetwear,Performance,XL,yellow,32.64,20.87
920,HanoiStreet UE-29,Streetwear,Performance,S,red,61.92,39.01
921,HanoiStreet UE-30,Streetwear,Performance,M,black,6299.37,5324.23
922,HanoiStreet UE-31,Streetwear,Performance,L,orange,5687.85,2991.24
923,HanoiStreet UE-32,Streetwear,Performance,XL,blue,11.61,6.88
924,HanoiStreet UE-33,Streetwear,Performance,S,white,3853.82,3304.65
925,HanoiStreet UE-34,Streetwear,Performance,M,purple,3806.73,3616.4
926,HanoiStreet UE-35,Streetwear,Performance,L,green,6977.85,4222.99
927,HanoiStreet UE-36,Streetwear,Performance,XL,silver,5860.36,5567.35
928,HanoiStreet UE-37,Streetwear,Performance,S,pink,46.01,25.41
929,HanoiStreet UE-38,Streetwear,Performance,M,yellow,34.29,19.78
930,HanoiStreet UE-39,Streetwear,Performance,L,red,6577.81,6180.51
931,HanoiStreet UE-40,Streetwear,Performance,XL,black,4142.9,3834.67
932,HanoiStreet UE-41,Streetwear,Performance,S,orange,29.38,17.75
933,HanoiStreet UE-42,Streetwear,Performance,M,blue,6929.37,3488.24
934,HanoiStreet UE-43,Streetwear,Performance,L,white,34.35,21.07
935,HanoiStreet UE-44,Streetwear,Performance,XL,purple,9448.74,7307.66
936,HanoiStreet UE-45,Streetwear,Performance,S,green,6240.31,5928.29
937,HanoiStreet UE-46,Streetwear,Performance,M,silver,6299.37,5984.4
1165,MekongFit UE-01,Streetwear,Performance,M,purple,6929.37,6582.9
1166,MekongFit UE-02,Streetwear,Performance,L,green,6410.83,4801.07
1167,MekongFit UE-03,Streetwear,Performance,XL,silver,3123.12,1696.17
1168,MekongFit UE-04,Streetwear,Performance,S,pink,4290.58,4000.1
1169,MekongFit UE-05,Streetwear,Performance,M,yellow,5039.37,4378.71
1170,MekongFit UE-06,Streetwear,Performance,L,red,5606.37,3703.57
1171,MekongFit UE-07,Streetwear,Performance,XL,black,4297.01,3953.68
1172,MekongFit UE-08,Streetwear,Performance,S,orange,5704.61,3429.04
1173,MekongFit UE-09,Streetwear,Performance,M,blue,6051.28,5634.35
1174,MekongFit UE-10,Streetwear,Performance,L,white,6929.37,6582.9
1175,MekongFit UE-11,Streetwear,Performance,XL,purple,7960.85,7562.81
1176,MekongFit UE-12,Streetwear,Performance,S,green,7474.81,7035.29
1177,MekongFit UE-13,Streetwear,Performance,M,silver,3193.26,3033.6
1178,MekongFit UE-14,Streetwear,Performance,L,pink,7106.04,3850.76
1179,MekongFit UE-15,Streetwear,Performance,XL,yellow,7152.33,6404.19
1180,MekongFit UE-16,Streetwear,Performance,S,red,6400.83,3691.36
1181,MekongFit UE-17,Streetwear,Performance,M,black,5039.37,2798.36
1182,MekongFit UE-18,Streetwear,Performance,L,orange,2220.57,2109.54
1183,MekongFit UE-19,Streetwear,Performance,XL,blue,7901.33,4835.61
1184,MekongFit UE-20,Streetwear,Performance,S,white,7559.37,5095.77
1185,MekongFit UE-21,Streetwear,Performance,M,purple,14.95,8.61
1186,MekongFit UE-22,Streetwear,Performance,L,green,4625.5,2901.11
1187,MekongFit UE-23,Streetwear,Performance,XL,silver,5444.8,5172.56
1188,MekongFit UE-24,Streetwear,Performance,S,pink,5589.41,5309.94
1189,MekongFit UE-25,Streetwear,Performance,M,yellow,2618.91,2284.48
1190,MekongFit UE-26,Streetwear,Performance,L,red,2330.37,1277.97
1191,MekongFit UE-27,Streetwear,Performance,XL,black,3202.15,2351.66
1192,MekongFit UE-28,Streetwear,Performance,S,orange,4031.37,3140.44
1193,MekongFit UE-29,Streetwear,Performance,M,blue,30.33,17.1
1194,MekongFit UE-30,Streetwear,Performance,L,white,9476.44,7068.48
1195,MekongFit UE-31,Streetwear,Performance,XL,purple,3527.37,2364.75
1196,MekongFit UE-32,Streetwear,Performance,S,green,5291.37,2884.33
1197,MekongFit UE-33,Streetwear,Performance,M,silver,5291.37,3505.0
1198,MekongFit UE-34,Streetwear,Performance,L,pink,5574.1,5295.4
1671,VietMode UE-01,Streetwear,Performance,XL,black,4408.74,4188.3
1672,VietMode UE-02,Streetwear,Performance,S,orange,8188.74,4955.83
1673,VietMode UE-03,Streetwear,Performance,M,blue,11048.49,6622.46
1674,VietMode UE-04,Streetwear,Performance,L,white,12599.37,11969.4
1675,VietMode UE-05,Streetwear,Performance,XL,purple,5857.74,4998.41
1676,VietMode UE-06,Streetwear,Performance,S,green,6171.31,4136.01
1677,VietMode UE-07,Streetwear,Performance,M,silver,10520.37,6982.37
1678,VietMode UE-08,Streetwear,Performance,L,pink,8819.02,8378.07
1679,VietMode UE-09,Streetwear,Performance,XL,yellow,10719.6,10183.62
1680,VietMode UE-10,Streetwear,Performance,S,red,4610.21,2840.81
1681,VietMode UE-11,Streetwear,Performance,M,black,6053.19,5750.53
1682,VietMode UE-12,Streetwear,Performance,L,orange,8921.64,8475.56
1683,VietMode UE-13,Streetwear,Performance,XL,blue,6613.74,5271.81
1684,VietMode UE-14,Streetwear,Performance,S,white,5416.74,3482.42
1685,VietMode UE-15,Streetwear,Performance,M,purple,8188.74,4606.99
1686,VietMode UE-16,Streetwear,Performance,L,green,9826.74,9335.4
1687,VietMode UE-17,Streetwear,Performance,XL,silver,8819.22,8378.26
1688,NamStyle UE-01,Streetwear,Performance,S,pink,1889.37,1143.45
1766,SaigonCore UE-01,Streetwear,Performance,L,green,8892.5,5203.89
1767,SaigonCore UE-02,Streetwear,Performance,XL,silver,11969.37,6986.52
1768,SaigonCore UE-03,Streetwear,Performance,S,pink,10898.37,10353.45
1769,SaigonCore UE-04,Streetwear,Performance,M,yellow,12221.37,11610.3
1770,SaigonCore UE-05,Streetwear,Performance,L,red,7559.37,4246.1
1771,SaigonCore UE-06,Streetwear,Performance,XL,black,10709.37,7600.44
1772,SaigonCore UE-07,Streetwear,Performance,S,orange,7868.7,5265.73
1773,SaigonCore UE-08,Streetwear,Performance,M,blue,13497.12,7885.02
1774,SaigonCore UE-09,Streetwear,Performance,L,white,10302.29,8867.18
1775,SaigonCore UE-10,Streetwear,Performance,XL,purple,8504.37,7461.73
1776,SaigonCore UE-11,Streetwear,Performance,S,green,17639.37,16157.66
1777,SaigonCore UE-12,Streetwear,Performance,M,silver,7626.91,6550.75
1778,SaigonCore UE-13,Streetwear,Performance,L,pink,8251.73,4414.67
1779,SaigonCore UE-14,Streetwear,Performance,XL,yellow,9449.37,6418.01
1780,SaigonCore UE-15,Streetwear,Performance,S,red,17143.7,14587.57
1781,SaigonCore UE-16,Streetwear,Performance,M,black,6970.46,6092.88
1782,SaigonCore UE-17,Streetwear,Performance,L,orange,6087.37,3511.8
1783,SaigonCore UE-18,Streetwear,Performance,XL,blue,7627.72,6845.88
1784,SaigonCore UE-19,Streetwear,Performance,S,white,7238.7,5703.37
1785,SaigonCore UE-20,Streetwear,Performance,M,purple,9443.7,8971.52
1786,SaigonCore UE-21,Streetwear,Performance,L,green,7948.04,7430.62
1787,SaigonCore UE-22,Streetwear,Performance,XL,silver,9128.7,8672.26
1788,SaigonCore UE-23,Streetwear,Performance,S,pink,7245.0,6546.58
1789,SaigonCore UE-24,Streetwear,Performance,M,yellow,11313.78,8076.9
1790,SaigonCore UE-25,Streetwear,Performance,L,red,5087.7,4690.35
1791,SaigonCore UE-26,Streetwear,Performance,XL,black,9507.4,8027.09
1792,SaigonCore UE-27,Streetwear,Performance,S,orange,11339.37,7818.5
1793,SaigonCore UE-28,Streetwear,Performance,M,blue,6713.7,3936.91
1794,SaigonCore UE-29,Streetwear,Performance,L,white,38.2,24.2
2041,UrbanVN UE-01,Streetwear,Performance,M,black,8922.09,8475.98
2042,UrbanVN UE-02,Streetwear,Performance,L,orange,7307.37,5269.34
2043,UrbanVN UE-03,Streetwear,Performance,XL,blue,9308.55,5375.69
2044,UrbanVN UE-04,Streetwear,Performance,S,white,4691.61,4457.03
2045,UrbanVN UE-05,Streetwear,Performance,M,purple,5569.46,2996.37
2046,UrbanVN UE-06,Streetwear,Performance,L,green,5196.87,3738.63
2047,UrbanVN UE-07,Streetwear,Performance,XL,silver,4488.83,2369.65
2048,UrbanVN UE-08,Streetwear,Performance,S,pink,59.81,38.78
2049,UrbanVN UE-09,Streetwear,Performance,M,yellow,5425.36,5021.17
2050,UrbanVN UE-10,Streetwear,Performance,L,red,6047.04,5297.81
2051,UrbanVN UE-11,Streetwear,Performance,XL,black,9008.37,6208.57
2052,UrbanVN UE-12,Streetwear,Performance,S,orange,9086.84,7847.4
2053,UrbanVN UE-13,Streetwear,Performance,M,blue,4015.52,2068.4
2054,UrbanVN UE-14,Streetwear,Performance,L,white,7071.6,6718.02
2055,UrbanVN UE-15,Streetwear,Performance,XL,purple,7240.1,6878.1
2056,UrbanVN UE-16,Streetwear,Performance,S,green,3991.45,3791.87
2057,UrbanVN UE-17,Streetwear,Performance,M,silver,5726.07,5053.26
2058,UrbanVN UE-18,Streetwear,Performance,L,pink,3259.52,1700.49
2059,UrbanVN UE-19,Streetwear,Performance,XL,yellow,26.92,16.22
2060,UrbanVN UE-20,Streetwear,Performance,S,red,4438.99,2234.59
2061,UrbanVN UE-21,Streetwear,Performance,M,black,4375.12,4156.36
2062,UrbanVN UE-22,Streetwear,Performance,L,orange,23.97,13.59
2063,UrbanVN UE-23,Streetwear,Performance,XL,blue,27.09,15.64
2064,UrbanVN UE-24,Streetwear,Performance,S,white,6479.72,5307.54
2065,UrbanVN UE-25,Streetwear,Performance,M,purple,47.76,26.36
2148,PhoenixWear UE-01,Streetwear,Performance,S,pink,7739.01,4210.02
2149,PhoenixWear UE-02,Streetwear,Performance,M,yellow,5228.37,4966.95
2150,PhoenixWear UE-03,Streetwear,Performance,L,red,5932.95,4969.43
2151,PhoenixWear UE-04,Streetwear,Performance,XL,black,6235.61,4723.48
2152,PhoenixWear UE-05,Streetwear,Performance,S,orange,37.77,24.23
2153,PhoenixWear UE-06,Streetwear,Performance,M,blue,6751.03,6413.48
2154,PhoenixWear UE-07,Streetwear,Performance,L,white,10009.1,5308.83
2155,PhoenixWear UE-08,Streetwear,Performance,XL,purple,7564.62,3894.27
2156,PhoenixWear UE-09,Streetwear,Performance,S,green,26.79,15.05
2157,PhoenixWear UE-10,Streetwear,Performance,M,silver,5480.37,3292.61
2158,PhoenixWear UE-11,Streetwear,Performance,L,pink,40.66,24.71
2159,PhoenixWear UE-12,Streetwear,Performance,XL,yellow,5663.07,4892.33
2160,PhoenixWear UE-13,Streetwear,Performance,S,red,34.43,19.88
2161,PhoenixWear UE-14,Streetwear,Performance,M,black,6821.85,5840.87
2162,PhoenixWear UE-15,Streetwear,Performance,L,orange,48.79,29.54
2163,PhoenixWear UE-16,Streetwear,Performance,XL,blue,8504.37,7320.56
2164,PhoenixWear UE-17,Streetwear,Performance,S,white,4574.5,2482.58
2165,PhoenixWear UE-18,Streetwear,Performance,M,purple,7994.64,6223.83
2166,PhoenixWear UE-19,Streetwear,Performance,L,green,7559.37,4870.5
2167,PhoenixWear UE-20,Streetwear,Performance,XL,silver,6928.53,6582.1
2168,PhoenixWear UE-21,Streetwear,Performance,S,pink,5039.37,4227.53
2169,PhoenixWear UE-22,Streetwear,Performance,M,yellow,6603.96,3515.95
2170,PhoenixWear UE-23,Streetwear,Performance,L,red,8441.37,5207.48
2327,VietMotion UE-01,Streetwear,Performance,XL,silver,7343.28,6976.11
2328,VietMotion UE-02,Streetwear,Performance,S,pink,4409.37,4087.93
2329,VietMotion UE-03,Streetwear,Performance,M,yellow,25.01,15.38
2330,VietMotion UE-04,Streetwear,Performance,L,red,8976.87,5674.28
2331,VietMotion UE-05,Streetwear,Performance,XL,black,7365.66,6671.82
2332,VietMotion UE-06,Streetwear,Performance,S,orange,5799.63,4554.45
2333,VietMotion UE-07,Streetwear,Performance,M,blue,29.05,18.39
2334,VietMotion UE-08,Streetwear,Performance,L,white,4289.18,2661.44
2335,VietMotion UE-09,Streetwear,Performance,XL,purple,28.31,16.15
2336,VietMotion UE-10,Streetwear,Performance,S,green,8688.96,8254.52
2337,VietMotion UE-11,Streetwear,Performance,M,silver,5033.7,3153.61
2338,VietMotion UE-12,Streetwear,Performance,L,pink,18.44,10.16
2339,VietMotion UE-13,Streetwear,Performance,XL,yellow,37.28,21.01
2340,VietMotion UE-14,Streetwear,Performance,S,red,5543.37,5210.77
2341,VietMotion UE-15,Streetwear,Performance,M,black,5457.51,5184.63
2342,VietMotion UE-16,Streetwear,Performance,L,orange,36.76,23.53
2343,VietMotion UE-17,Streetwear,Performance,XL,blue,5703.51,4446.46
2344,VietMotion UE-18,Streetwear,Performance,S,white,33.18,21.15
2345,VietMotion UE-19,Streetwear,Performance,M,purple,5244.73,4313.27
2346,VietMotion UE-20,Streetwear,Performance,L,green,30.15,18.38
2347,VietMotion UE-21,Streetwear,Performance,XL,silver,18.8,11.47
2348,VietMotion UE-22,Streetwear,Performance,S,pink,9921.93,6549.46
2349,VietMotion UE-23,Streetwear,Performance,M,yellow,27.99,17.25
2350,VietMotion UE-24,Streetwear,Performance,L,red,4649.9,4417.4
2351,VietMotion UE-25,Streetwear,Performance,XL,black,28.87,16.39
2352,VietMotion UE-26,Streetwear,Performance,S,orange,4441.32,3680.97
280,LotusWear UE-01,Streetwear,Performance,S,red,12596.85,11967.01
281,LotusWear UE-02,Streetwear,Performance,M,black,15746.85,8750.52
282,LotusWear UE-03,Streetwear,Performance,L,orange,14486.85,12008.15
283,LotusWear UE-04,Streetwear,Performance,XL,blue,24.02,15.41
284,LotusWear UE-05,Streetwear,Performance,S,white,31.05,18.38
285,LotusWear UE-06,Streetwear,Performance,M,purple,38.92,22.9
286,LotusWear UE-07,Streetwear,Performance,L,green,70.42,42.39
287,LotusWear UE-08,Streetwear,Performance,XL,silver,35.51,19.7
288,LotusWear UE-09,Streetwear,Performance,S,pink,36.71,20.8
289,LotusWear UE-10,Streetwear,Performance,M,yellow,10606.05,10075.75
290,LotusWear UE-11,Streetwear,Performance,L,red,32.14,20.05
291,LotusWear UE-12,Streetwear,Performance,XL,black,9887.85,9393.46
292,LotusWear UE-13,Streetwear,Performance,S,orange,8269.87,7282.45
293,LotusWear UE-14,Streetwear,Performance,M,blue,8405.19,6159.33
294,LotusWear UE-15,Streetwear,Performance,L,white,9446.85,8663.71
295,LotusWear UE-16,Streetwear,Performance,XL,purple,12596.85,8588.53
296,LotusWear UE-17,Streetwear,Performance,S,green,27716.85,14598.46
297,LotusWear UE-18,Streetwear,Performance,M,silver,8483.48,6521.25
298,LotusWear UE-19,Streetwear,Performance,L,pink,15.37,8.58
299,LotusWear UE-20,Streetwear,Performance,XL,yellow,8584.02,4506.61
300,LotusWear UE-21,Streetwear,Performance,S,red,9320.85,6524.6
301,LotusWear UE-22,Streetwear,Performance,M,black,32.77,20.0
302,LotusWear UE-23,Streetwear,Performance,L,orange,33.92,19.49
303,LotusWear UE-24,Streetwear,Performance,XL,blue,88.7,52.24
304,LotusWear UE-25,Streetwear,Performance,S,white,11204.15,7121.36
305,LotusWear UE-26,Streetwear,Performance,M,purple,18589.78,11094.38
306,LotusWear UE-27,Streetwear,Performance,L,green,14648.61,7768.16
307,LotusWear UE-28,Streetwear,Performance,XL,silver,13856.85,8174.16
308,LotusWear UE-29,Streetwear,Performance,S,pink,15162.95,10231.96
309,LotusWear UE-30,Streetwear,Performance,M,yellow,40950.0,30319.38
310,LotusWear UE-31,Streetwear,Performance,L,red,11336.85,10173.69
311,LotusWear UE-32,Streetwear,Performance,XL,black,7633.68,6058.09
312,LotusWear UE-33,Streetwear,Performance,S,orange,9320.85,8854.81
313,LotusWear UE-34,Streetwear,Performance,M,blue,9131.85,5436.19
314,LotusWear UE-35,Streetwear,Performance,L,white,30.66,17.75
315,LotusWear UE-36,Streetwear,Performance,XL,purple,37.36,21.88
316,LotusWear UE-37,Streetwear,Performance,S,green,32.66,20.31
317,LotusWear UE-38,Streetwear,Performance,M,silver,20.75,12.03
318,LotusWear UE-39,Streetwear,Performance,L,pink,10553.85,5995.64
319,LotusWear UE-40,Streetwear,Performance,XL,yellow,13226.85,10914.8
320,LotusWear UE-41,Streetwear,Performance,S,red,52.31,31.73
321,LotusWear UE-42,Streetwear,Performance,M,black,11235.5,10673.73
322,LotusWear UE-43,Streetwear,Performance,L,orange,8816.85,7946.63
323,LotusWear UE-44,Streetwear,Performance,XL,blue,9450.0,6288.98
324,LotusWear UE-45,Streetwear,Performance,S,white,13905.65,7827.49
325,LotusWear UE-46,Streetwear,Performance,M,purple,6645.98,4429.54
326,LotusWear UE-47,Streetwear,Performance,L,green,8344.35,5868.58
327,LotusWear UE-48,Streetwear,Performance,XL,silver,14014.35,13313.63
328,LotusWear UE-49,Streetwear,Performance,S,pink,44.74,26.73
329,LotusWear UE-50,Streetwear,Performance,M,yellow,45.44,28.01
330,LotusWear UE-51,Streetwear,Performance,L,red,6926.85,6520.94
331,LotusWear UE-52,Streetwear,Performance,XL,black,11147.85,10590.46
332,LotusWear UE-53,Streetwear,Performance,S,orange,11613.77,9075.0
333,LotusWear UE-54,Streetwear,Performance,M,blue,9807.47,8751.21
334,LotusWear UE-55,Streetwear,Performance,L,white,25196.85,23937.01
335,LotusWear UE-56,Streetwear,Performance,XL,purple,10391.85,9872.26
336,LotusWear UE-57,Streetwear,Performance,S,green,11336.85,10770.01
337,LotusWear UE-58,Streetwear,Performance,M,silver,18896.85,11857.77
338,LotusWear UE-59,Streetwear,Performance,L,pink,17636.85,11541.55
339,LotusWear UE-60,Streetwear,Performance,XL,yellow,9215.85,6827.1
340,LotusWear UE-61,Streetwear,Performance,S,red,23.02,14.82
341,LotusWear UE-62,Streetwear,Performance,M,black,5011.65,4215.8
342,LotusWear UE-63,Streetwear,Performance,L,orange,8412.98,7352.1
343,LotusWear UE-64,Streetwear,Performance,XL,blue,58.04,36.17
344,LotusWear UE-65,Streetwear,Performance,S,white,18.9,10.8
345,LotusWear UE-66,Streetwear,Performance,M,purple,41.88,23.16
346,LotusWear UE-67,Streetwear,Performance,L,green,12596.85,11967.01
347,LotusWear UE-68,Streetwear,Performance,XL,silver,40950.0,38902.5
348,LotusWear UE-69,Streetwear,Performance,S,pink,7556.85,5611.72
349,LotusWear UE-70,Streetwear,Performance,M,yellow,6296.85,5735.17
350,LotusWear UE-71,Streetwear,Performance,L,red,6949.76,6602.27
351,LotusWear UE-72,Streetwear,Performance,XL,black,14045.85,8674.72
352,LotusWear UE-73,Streetwear,Performance,S,orange,12596.85,11250.25
353,LotusWear UE-74,Streetwear,Performance,M,blue,20786.85,15267.94
354,LotusWear UE-75,Streetwear,Performance,L,white,13924.6,13228.37
355,LotusWear UE-76,Streetwear,Performance,XL,purple,5576.85,2954.62
356,LotusWear UE-77,Streetwear,Performance,S,green,5234.41,4911.45
357,LotusWear UE-78,Streetwear,Performance,M,silver,79.53,45.83
358,LotusWear UE-79,Streetwear,Performance,L,pink,22.28,13.58
359,LotusWear UE-80,Streetwear,Performance,XL,yellow,13730.85,13044.31
360,LotusWear UE-81,Streetwear,Performance,S,red,9338.85,6702.49
361,LotusWear UE-82,Streetwear,Performance,M,black,5023.15,3094.26
362,LotusWear UE-83,Streetwear,Performance,L,orange,8816.85,4773.44
363,LotusWear UE-84,Streetwear,Performance,XL,blue,26.4,14.66
364,LotusWear UE-85,Streetwear,Performance,S,white,14297.85,8923.29
365,LotusWear UE-86,Streetwear,Performance,M,purple,7556.85,4276.42
366,LotusWear UE-87,Streetwear,Performance,L,green,9131.85,6334.76
367,LotusWear UE-88,Streetwear,Performance,XL,silver,9257.85,8448.71
368,LotusWear UE-89,Streetwear,Performance,S,pink,9257.85,7730.3
369,LotusWear UE-90,Streetwear,Performance,M,yellow,10489.21,9695.18
370,LotusWear UE-91,Streetwear,Performance,L,red,6485.85,3774.76
371,LotusWear UE-92,Streetwear,Performance,XL,black,9446.85,8974.51
372,LotusWear UE-93,Streetwear,Performance,S,orange,11966.85,6104.29
373,LotusWear UE-94,Streetwear,Performance,M,blue,4532.85,3197.47
374,LotusWear UE-95,Streetwear,Performance,L,white,34.46,20.66
375,LotusWear UE-96,Streetwear,Performance,XL,purple,9362.19,7022.58
376,LotusWear UE-97,Streetwear,Performance,S,green,27.07,16.51
377,LotusWear UE-98,Streetwear,Performance,M,silver,17.81,10.39
378,LotusWear UE-99,Streetwear,Performance,L,pink,9446.85,5805.09
379,LotusWear UE-00,Streetwear,Performance,XL,yellow,6296.85,5142.01
380,LotusWear UE-01,Streetwear,Performance,S,red,34.04,21.34
381,LotusWear UE-02,Streetwear,Performance,M,black,21.65,12.14
382,LotusWear UE-03,Streetwear,Performance,L,orange,11147.85,10315.11
383,LotusWear UE-04,Streetwear,Performance,XL,blue,7286.85,6664.55
384,LotusWear UE-05,Streetwear,Performance,S,white,12596.85,10771.57
385,LotusWear UE-06,Streetwear,Performance,M,purple,8816.85,7770.29
386,LotusWear UE-07,Streetwear,Performance,L,green,5761.35,3392.28
396,SaigonFlex UM-01,Streetwear,Balanced,S,green,11028.43,10091.01
397,SaigonFlex UM-02,Streetwear,Balanced,M,silver,17955.92,17058.12
398,SaigonFlex UM-03,Streetwear,Balanced,L,pink,18902.08,15269.1
399,SaigonFlex UM-04,Streetwear,Balanced,XL,yellow,40.02,22.31
400,SaigonFlex UM-05,Streetwear,Balanced,S,red,9886.8,7227.25
401,SaigonFlex UM-06,Streetwear,Balanced,M,black,11384.1,10814.9
402,SaigonFlex UM-07,Streetwear,Balanced,L,orange,12352.4,11202.39
403,SaigonFlex UM-08,Streetwear,Balanced,XL,blue,13752.81,7730.45
404,SaigonFlex UM-09,Streetwear,Balanced,S,white,22378.45,17936.33
405,SaigonFlex UM-10,Streetwear,Balanced,M,purple,22994.37,14155.33
406,SaigonFlex UM-11,Streetwear,Balanced,L,green,23003.53,15607.9
407,SaigonFlex UM-12,Streetwear,Balanced,XL,silver,19779.23,18790.27
408,SaigonFlex UM-13,Streetwear,Balanced,S,pink,16386.07,15566.76
409,SaigonFlex UM-14,Streetwear,Balanced,M,yellow,11606.28,10763.67
410,SaigonFlex UM-15,Streetwear,Balanced,L,red,17643.05,16760.89
411,SaigonFlex UM-16,Streetwear,Balanced,XL,black,22.93,14.28
412,SaigonFlex UM-17,Streetwear,Balanced,S,orange,19533.02,17015.22
413,SaigonFlex UM-18,Streetwear,Balanced,M,blue,14675.85,10280.43
414,SaigonFlex UM-19,Streetwear,Balanced,L,white,6484.53,4763.53
415,SaigonFlex UM-20,Streetwear,Balanced,XL,purple,9929.03,9299.53
416,SaigonFlex UM-21,Streetwear,Balanced,S,green,10765.6,9498.49
417,SaigonFlex UM-22,Streetwear,Balanced,M,silver,11199.11,8260.46
418,SaigonFlex UM-23,Streetwear,Balanced,L,pink,10896.09,9394.61
419,SaigonFlex UM-24,Streetwear,Balanced,XL,yellow,18774.59,12475.71
420,SaigonFlex UM-25,Streetwear,Balanced,S,red,14672.77,13939.14
421,SaigonFlex UM-26,Streetwear,Balanced,M,black,21110.52,17857.39
422,SaigonFlex UM-27,Streetwear,Balanced,L,orange,10127.63,5669.45
423,SaigonFlex UM-28,Streetwear,Balanced,XL,blue,12518.48,11892.55
424,SaigonFlex UM-29,Streetwear,Balanced,S,white,20475.45,12027.28
425,SaigonFlex UM-30,Streetwear,Balanced,M,purple,12149.68,11542.2
426,SaigonFlex UM-31,Streetwear,Balanced,L,green,11422.28,9893.98
427,SaigonFlex UM-32,Streetwear,Balanced,XL,silver,12186.98,8692.97
428,SaigonFlex UM-33,Streetwear,Balanced,S,pink,14291.7,13021.17
429,SaigonFlex UM-34,Streetwear,Balanced,M,yellow,22679.37,16660.27
430,SaigonFlex UM-35,Streetwear,Balanced,L,red,11001.05,10451.0
431,SaigonFlex UM-36,Streetwear,Balanced,XL,black,12437.65,9655.35
432,SaigonFlex UM-37,Streetwear,Balanced,S,orange,11109.2,10553.74
433,SaigonFlex UM-38,Streetwear,Balanced,M,blue,11459.31,6543.27
434,SaigonFlex UM-39,Streetwear,Balanced,L,white,61.56,36.91
435,SaigonFlex UM-40,Streetwear,Balanced,XL,purple,20162.56,19154.43
436,SaigonFlex UM-41,Streetwear,Balanced,S,green,22367.92,16637.26
437,SaigonFlex UM-42,Streetwear,Balanced,M,silver,9651.8,9169.21
438,SaigonFlex UM-43,Streetwear,Balanced,L,pink,11718.53,6680.73
439,SaigonFlex UM-44,Streetwear,Balanced,XL,yellow,12969.81,12321.32
440,SaigonFlex UM-45,Streetwear,Balanced,S,red,19538.72,12420.77
441,SaigonFlex UM-46,Streetwear,Balanced,M,black,24.21,14.98
442,SaigonFlex UM-47,Streetwear,Balanced,L,orange,9240.1,8778.09
443,SaigonFlex UM-48,Streetwear,Balanced,XL,blue,10801.31,6176.19
444,SaigonFlex UM-49,Streetwear,Balanced,S,white,13238.56,12576.63
445,SaigonFlex UM-50,Streetwear,Balanced,M,purple,10819.79,7440.77
446,SaigonFlex UM-51,Streetwear,Balanced,L,green,29.11,17.28
447,SaigonFlex UM-52,Streetwear,Balanced,XL,silver,18516.82,14254.24
448,SaigonFlex UM-53,Streetwear,Balanced,S,pink,45.85,26.35
449,SaigonFlex UM-54,Streetwear,Balanced,M,yellow,12600.87,11279.04
450,SaigonFlex UM-55,Streetwear,Balanced,L,red,20605.78,17102.8
451,SaigonFlex UM-56,Streetwear,Balanced,XL,black,11090.67,8601.92
452,SaigonFlex UM-57,Streetwear,Balanced,S,orange,13107.43,7168.46
453,SaigonFlex UM-58,Streetwear,Balanced,M,blue,20.24,12.79
454,SaigonFlex UM-59,Streetwear,Balanced,L,white,36.27,22.85
455,SaigonFlex UM-60,Streetwear,Balanced,XL,purple,11674.47,8494.34
456,SaigonFlex UM-61,Streetwear,Balanced,S,green,14175.28,10311.1
457,SaigonFlex UM-62,Streetwear,Balanced,M,silver,11969.92,6455.38
458,SaigonFlex UM-63,Streetwear,Balanced,L,pink,21423.25,16733.7
459,SaigonFlex UM-64,Streetwear,Balanced,XL,yellow,12111.79,8626.02
460,SaigonFlex UM-65,Streetwear,Balanced,S,red,10932.55,9115.56
461,SaigonFlex UM-66,Streetwear,Balanced,M,black,13863.65,13170.47
462,SaigonFlex UM-67,Streetwear,Balanced,L,orange,24321.98,20085.09
463,SaigonFlex UM-68,Streetwear,Balanced,XL,blue,55.86,34.6
464,SaigonFlex UM-69,Streetwear,Balanced,S,white,7809.46,4229.6
465,SaigonFlex UM-70,Streetwear,Balanced,M,purple,14179.44,13470.47
466,SaigonFlex UM-71,Streetwear,Balanced,L,green,11204.62,8977.14
467,SaigonFlex UM-72,Streetwear,Balanced,XL,silver,11081.17,6350.62
468,SaigonFlex UM-73,Streetwear,Balanced,S,pink,17.41,10.05
469,SaigonFlex UM-74,Streetwear,Balanced,M,yellow,35.65,21.71
470,SaigonFlex UM-75,Streetwear,Balanced,L,red,12524.87,7330.81
471,SaigonFlex UM-76,Streetwear,Balanced,XL,black,11232.98,10671.33
472,SaigonFlex UM-77,Streetwear,Balanced,S,orange,11541.58,10964.5
473,SaigonFlex UM-78,Streetwear,Balanced,M,blue,18458.3,13679.45
474,SaigonFlex UM-79,Streetwear,Balanced,L,white,36.74,21.54
475,SaigonFlex UM-80,Streetwear,Balanced,XL,purple,12606.23,10040.86
476,SaigonFlex UM-81,Streetwear,Balanced,S,green,23472.73,14022.61
477,SaigonFlex UM-82,Streetwear,Balanced,M,silver,16438.63,10491.13
478,SaigonFlex UM-83,Streetwear,Balanced,L,pink,17103.87,10599.27
479,SaigonFlex UM-84,Streetwear,Balanced,XL,yellow,11566.75,8072.43
480,SaigonFlex UM-85,Streetwear,Balanced,S,red,45.27,25.32
481,SaigonFlex UM-86,Streetwear,Balanced,M,black,9576.34,9097.53
482,SaigonFlex UM-87,Streetwear,Balanced,L,orange,7907.13,6264.03
483,SaigonFlex UM-88,Streetwear,Balanced,XL,blue,19535.01,18558.26
484,SaigonFlex UM-89,Streetwear,Balanced,S,white,15627.15,11739.12
485,SaigonFlex UM-90,Streetwear,Balanced,M,purple,10231.44,9719.87
486,SaigonFlex UM-91,Streetwear,Balanced,L,green,11767.72,6218.06
487,SaigonFlex UM-92,Streetwear,Balanced,XL,silver,13019.8,11027.77
488,SaigonFlex UM-93,Streetwear,Balanced,S,pink,12855.29,8786.59
489,SaigonFlex UM-94,Streetwear,Balanced,M,yellow,10349.29,7115.14
490,SaigonFlex UM-95,Streetwear,Balanced,L,red,9468.39,5174.48
491,SaigonFlex UM-96,Streetwear,Balanced,XL,black,11060.08,10507.08
492,SaigonFlex UM-97,Streetwear,Balanced,S,orange,11054.69,9357.8
493,SaigonFlex UM-98,Streetwear,Balanced,M,blue,11636.1,11054.3
494,SaigonFlex UM-99,Streetwear,Balanced,L,white,19351.39,13062.19
495,SaigonFlex UM-00,Streetwear,Balanced,XL,purple,8656.97,6242.54
496,SaigonFlex UM-01,Streetwear,Balanced,S,green,11338.43,10771.51
497,SaigonFlex UM-02,Streetwear,Balanced,M,silver,17957.93,17060.03
498,SaigonFlex UM-03,Streetwear,Balanced,L,pink,17636.85,15859.06
499,SaigonFlex UM-04,Streetwear,Balanced,XL,yellow,11293.21,6445.04
500,SaigonFlex UM-05,Streetwear,Balanced,S,red,10989.31,8723.31
501,SaigonFlex UM-06,Streetwear,Balanced,M,black,13211.57,7279.58
502,SaigonFlex UM-07,Streetwear,Balanced,L,orange,13275.3,10121.09
503,SaigonFlex UM-08,Streetwear,Balanced,XL,blue,21108.8,18867.05
504,SaigonFlex UM-09,Streetwear,Balanced,S,white,22059.31,14451.05
505,SaigonFlex UM-10,Streetwear,Balanced,M,purple,23693.58,17609.07
506,SaigonFlex UM-11,Streetwear,Balanced,L,green,15456.91,14463.03
507,SaigonFlex UM-12,Streetwear,Balanced,XL,silver,24574.29,23345.58
508,SaigonFlex UM-13,Streetwear,Balanced,S,pink,11576.45,7095.21
509,SaigonFlex UM-14,Streetwear,Balanced,M,yellow,20.19,12.96
510,SaigonFlex UM-15,Streetwear,Balanced,L,red,11057.59,10398.56
511,SaigonFlex UM-16,Streetwear,Balanced,XL,black,20805.12,13741.78
74,DragonWear UM-01,Streetwear,Balanced,L,white,13273.38,8752.46
75,DragonWear UM-02,Streetwear,Balanced,XL,purple,19.53,11.01
76,DragonWear UM-03,Streetwear,Balanced,S,green,10388.7,9422.55
77,DragonWear UM-04,Streetwear,Balanced,M,silver,40.8,26.32
78,DragonWear UM-05,Streetwear,Balanced,L,pink,37.29,22.17
79,DragonWear UM-06,Streetwear,Balanced,XL,yellow,36.61,20.81
80,DragonWear UM-07,Streetwear,Balanced,S,red,38.04,22.98
81,DragonWear UM-08,Streetwear,Balanced,M,black,25.23,16.08
82,DragonWear UM-09,Streetwear,Balanced,L,orange,36.34,22.65
83,DragonWear UM-10,Streetwear,Balanced,XL,blue,37.23,23.48
84,DragonWear UM-11,Streetwear,Balanced,S,white,24.88,15.33
85,DragonWear UM-12,Streetwear,Balanced,M,purple,69.85,43.25
86,DragonWear UM-13,Streetwear,Balanced,L,green,14175.0,13466.25
87,DragonWear UM-14,Streetwear,Balanced,XL,silver,40.03,25.41
88,DragonWear UM-15,Streetwear,Balanced,S,pink,10710.0,5994.39
89,DragonWear UM-16,Streetwear,Balanced,M,yellow,10073.7,6682.89
90,DragonWear UM-17,Streetwear,Balanced,L,red,20.56,11.82
91,DragonWear UM-18,Streetwear,Balanced,XL,black,43.06,25.79
92,DragonWear UM-19,Streetwear,Balanced,S,orange,11626.6,9137.35
93,DragonWear UM-20,Streetwear,Balanced,M,blue,12532.03,7611.96
94,DragonWear UM-21,Streetwear,Balanced,L,white,10703.7,9943.74
95,DragonWear UM-22,Streetwear,Balanced,XL,purple,22.42,12.83
96,DragonWear UM-23,Streetwear,Balanced,S,green,45.37,29.43
97,DragonWear UM-24,Streetwear,Balanced,M,silver,7609.36,3939.37
98,DragonWear UM-25,Streetwear,Balanced,L,pink,52.64,33.92
99,DragonWear UM-26,Streetwear,Balanced,XL,yellow,9443.7,8971.52
100,DragonWear UM-27,Streetwear,Balanced,S,red,12474.0,7666.52
101,DragonWear UM-28,Streetwear,Balanced,M,black,23.85,13.21
102,DragonWear UM-29,Streetwear,Balanced,L,orange,48.68,30.21
103,DragonWear UM-30,Streetwear,Balanced,XL,blue,10425.18,7115.18
104,DragonWear UM-31,Streetwear,Balanced,S,white,39.06,25.1
105,DragonWear UM-32,Streetwear,Balanced,M,purple,46.01,26.14
106,DragonWear UM-33,Streetwear,Balanced,L,green,11626.29,11044.98
107,DragonWear UM-34,Streetwear,Balanced,XL,silver,6788.19,4684.53
108,DragonWear UM-35,Streetwear,Balanced,S,pink,11844.0,9063.03
109,DragonWear UM-36,Streetwear,Balanced,M,yellow,14767.08,14028.72
110,DragonWear UM-37,Streetwear,Balanced,L,red,70.72,42.91
111,DragonWear UM-38,Streetwear,Balanced,XL,black,9513.0,9037.35
112,DragonWear UM-39,Streetwear,Balanced,S,orange,30.02,19.26
113,DragonWear UM-40,Streetwear,Balanced,M,blue,24.5,13.56
114,DragonWear UM-41,Streetwear,Balanced,L,white,10640.7,5747.04
115,DragonWear UM-42,Streetwear,Balanced,XL,purple,10818.75,9215.41
116,DragonWear UM-43,Streetwear,Balanced,S,green,23.2,14.38
117,DragonWear UM-44,Streetwear,Balanced,M,silver,23.9,13.85
118,DragonWear UM-45,Streetwear,Balanced,L,pink,18868.5,10428.62
119,DragonWear UM-46,Streetwear,Balanced,XL,yellow,32.11,20.63
120,DragonWear UM-47,Streetwear,Balanced,S,red,37.96,24.56
121,DragonWear UM-48,Streetwear,Balanced,M,black,36.99,23.84
122,DragonWear UM-49,Streetwear,Balanced,L,orange,46.1,27.54
123,DragonWear UM-50,Streetwear,Balanced,XL,blue,33.29,21.18
124,DragonWear UM-51,Streetwear,Balanced,S,white,59.23,37.58
125,DragonWear UM-52,Streetwear,Balanced,M,purple,6671.7,6338.12
126,DragonWear UM-53,Streetwear,Balanced,L,green,29.79,17.33
127,DragonWear UM-54,Streetwear,Balanced,XL,silver,98.3,62.22
128,DragonWear UM-55,Streetwear,Balanced,S,pink,42.53,23.55
129,DragonWear UM-56,Streetwear,Balanced,M,yellow,23.5,14.33
199,IndigoViet UM-01,Streetwear,Balanced,XL,yellow,15105.67,11904.78
200,IndigoViet UM-02,Streetwear,Balanced,S,red,14491.71,8826.9
201,IndigoViet UM-03,Streetwear,Balanced,M,black,18386.83,15661.91
202,IndigoViet UM-04,Streetwear,Balanced,L,orange,16231.72,15420.13
203,IndigoViet UM-05,Streetwear,Balanced,XL,blue,12468.7,11003.63
204,IndigoViet UM-06,Streetwear,Balanced,S,white,10730.29,6927.47
205,IndigoViet UM-07,Streetwear,Balanced,M,purple,12837.05,7742.03
206,IndigoViet UM-08,Streetwear,Balanced,L,green,10546.53,5820.63
207,IndigoViet UM-09,Streetwear,Balanced,XL,silver,11575.16,8926.76
208,IndigoViet UM-10,Streetwear,Balanced,S,pink,17521.54,9855.86
209,IndigoViet UM-11,Streetwear,Balanced,M,yellow,19214.37,13083.06
210,IndigoViet UM-12,Streetwear,Balanced,L,red,15511.57,10377.24
223,LotusWear UM-01,Streetwear,Balanced,XL,blue,10136.85,5587.43
224,LotusWear UM-02,Streetwear,Balanced,S,white,7682.09,5061.73
225,LotusWear UM-03,Streetwear,Balanced,M,purple,9131.85,5558.56
226,LotusWear UM-04,Streetwear,Balanced,L,green,8879.85,8435.86
227,LotusWear UM-05,Streetwear,Balanced,XL,silver,9546.1,5405.95
228,LotusWear UM-06,Streetwear,Balanced,S,pink,7714.35,4099.41
817,HanoiStreet UM-01,Streetwear,Balanced,M,silver,4913.37,3947.89
818,HanoiStreet UM-02,Streetwear,Balanced,L,pink,21.58,12.36
819,HanoiStreet UM-03,Streetwear,Balanced,XL,yellow,14579.5,12477.14
820,HanoiStreet UM-04,Streetwear,Balanced,S,red,12599.37,11653.16
821,HanoiStreet UM-05,Streetwear,Balanced,M,black,40.16,22.57
822,HanoiStreet UM-06,Streetwear,Balanced,L,orange,4674.73,4440.99
823,HanoiStreet UM-07,Streetwear,Balanced,XL,blue,7496.37,7121.55
824,HanoiStreet UM-08,Streetwear,Balanced,S,white,5543.37,4445.23
825,HanoiStreet UM-09,Streetwear,Balanced,M,purple,30.28,16.89
826,HanoiStreet UM-10,Streetwear,Balanced,L,green,12730.41,12093.89
827,HanoiStreet UM-11,Streetwear,Balanced,XL,silver,7496.37,6075.81
828,HanoiStreet UM-12,Streetwear,Balanced,S,pink,10146.74,8943.33
829,HanoiStreet UM-13,Streetwear,Balanced,M,yellow,3815.56,2691.12
830,HanoiStreet UM-14,Streetwear,Balanced,L,red,44.06,27.3
831,HanoiStreet UM-15,Streetwear,Balanced,XL,black,40.02,23.37
832,HanoiStreet UM-16,Streetwear,Balanced,S,orange,32.16,20.02
833,HanoiStreet UM-17,Streetwear,Balanced,M,blue,23.6,13.13
834,HanoiStreet UM-18,Streetwear,Balanced,L,white,13229.37,10026.54
835,HanoiStreet UM-19,Streetwear,Balanced,XL,purple,6299.37,5984.4
836,HanoiStreet UM-20,Streetwear,Balanced,S,green,10079.37,9571.37
837,HanoiStreet UM-21,Streetwear,Balanced,M,silver,10059.68,9556.7
838,HanoiStreet UM-22,Streetwear,Balanced,L,pink,10919.37,10373.4
839,HanoiStreet UM-23,Streetwear,Balanced,XL,yellow,9597.87,7830.9
840,HanoiStreet UM-24,Streetwear,Balanced,S,red,11024.37,9145.82
841,HanoiStreet UM-25,Streetwear,Balanced,M,black,18.07,10.51
842,HanoiStreet UM-26,Streetwear,Balanced,L,orange,9071.37,6994.93
843,HanoiStreet UM-27,Streetwear,Balanced,XL,blue,6299.37,5984.4
844,HanoiStreet UM-28,Streetwear,Balanced,S,white,27.7,16.73
845,HanoiStreet UM-29,Streetwear,Balanced,M,purple,46.64,29.34
846,HanoiStreet UM-30,Streetwear,Balanced,L,green,6985.37,6636.1
847,HanoiStreet UM-31,Streetwear,Balanced,XL,silver,6929.37,5692.48
848,HanoiStreet UM-32,Streetwear,Balanced,S,pink,36.08,20.99
849,HanoiStreet UM-33,Streetwear,Balanced,M,yellow,4137.99,3139.08
850,HanoiStreet UM-34,Streetwear,Balanced,L,red,20.12,12.33
851,HanoiStreet UM-35,Streetwear,Balanced,XL,black,35.49,22.66
852,HanoiStreet UM-36,Streetwear,Balanced,S,orange,9109.17,8653.71
853,HanoiStreet UM-37,Streetwear,Balanced,M,blue,5165.37,4329.61
854,HanoiStreet UM-38,Streetwear,Balanced,L,white,8770.99,8332.44
1027,MekongStyle UM-01,Streetwear,Balanced,XL,silver,14736.28,13999.47
1028,MekongStyle UM-02,Streetwear,Balanced,S,pink,13423.98,12210.45
1124,MekongFit UM-01,Streetwear,Balanced,S,white,8199.46,7789.49
1125,MekongFit UM-02,Streetwear,Balanced,M,purple,11760.37,9002.56
1126,MekongFit UM-03,Streetwear,Balanced,L,green,8742.78,6289.56
1127,MekongFit UM-04,Streetwear,Balanced,XL,silver,9359.51,8891.53
1128,MekongFit UM-05,Streetwear,Balanced,S,pink,11024.37,6125.14
1129,MekongFit UM-06,Streetwear,Balanced,M,yellow,5529.82,3583.33
1130,MekongFit UM-07,Streetwear,Balanced,L,red,11780.37,10067.5
1131,MekongFit UM-08,Streetwear,Balanced,XL,black,5230.9,3135.92
1132,MekongFit UM-09,Streetwear,Balanced,S,orange,7701.12,4741.58
1133,MekongFit UM-10,Streetwear,Balanced,M,blue,7748.37,4407.27
1134,MekongFit UM-11,Streetwear,Balanced,L,white,11011.57,8816.96
1135,MekongFit UM-12,Streetwear,Balanced,XL,purple,11528.37,10951.95
1136,MekongFit UM-13,Streetwear,Balanced,S,green,9134.37,8677.65
1137,MekongFit UM-14,Streetwear,Balanced,M,silver,9511.97,5349.53
1138,MekongFit UM-15,Streetwear,Balanced,L,pink,2691.99,1457.98
1139,MekongFit UM-16,Streetwear,Balanced,XL,yellow,8189.18,6091.93
1140,MekongFit UM-17,Streetwear,Balanced,S,red,9570.26,5120.09
1141,MekongFit UM-18,Streetwear,Balanced,M,black,10507.85,9982.46
1142,MekongFit UM-19,Streetwear,Balanced,L,orange,8326.33,7398.78
1143,MekongFit UM-20,Streetwear,Balanced,XL,blue,6625.84,6294.55
1749,SaigonCore UM-01,Streetwear,Balanced,M,yellow,7101.19,6343.49
1750,SaigonCore UM-02,Streetwear,Balanced,L,red,4962.51,2940.29
1751,SaigonCore UM-03,Streetwear,Balanced,XL,black,8189.37,6178.06
1752,SaigonCore UM-04,Streetwear,Balanced,S,orange,9766.06,9277.76
1753,SaigonCore UM-05,Streetwear,Balanced,M,blue,11333.7,6682.35
1754,SaigonCore UM-06,Streetwear,Balanced,L,white,38.63,23.63
1863,BambooCraft UM-01,Streetwear,Balanced,XL,blue,10115.1,6342.17
1864,BambooCraft UM-02,Streetwear,Balanced,S,white,11978.29,7438.52
1865,BambooCraft UM-03,Streetwear,Balanced,M,purple,23.25,13.33
1866,BambooCraft UM-04,Streetwear,Balanced,L,green,13638.15,9430.78
1867,BambooCraft UM-05,Streetwear,Balanced,XL,silver,11388.25,5870.64
1868,BambooCraft UM-06,Streetwear,Balanced,S,pink,14247.51,13535.14
1869,BambooCraft UM-07,Streetwear,Balanced,M,yellow,11339.37,7381.93
1870,BambooCraft UM-08,Streetwear,Balanced,L,red,10134.11,9627.4
1871,BambooCraft UM-09,Streetwear,Balanced,XL,black,12087.15,7307.89
1872,BambooCraft UM-10,Streetwear,Balanced,S,orange,15214.6,10097.93
1873,BambooCraft UM-11,Streetwear,Balanced,M,blue,9675.6,9191.82
1874,BambooCraft UM-12,Streetwear,Balanced,L,white,10118.75,9612.81
1875,BambooCraft UM-13,Streetwear,Balanced,XL,purple,13973.85,11114.8
1876,BambooCraft UM-14,Streetwear,Balanced,S,green,17668.01,16784.61
1877,BambooCraft UM-15,Streetwear,Balanced,M,silver,35.22,19.45
1878,BambooCraft UM-16,Streetwear,Balanced,L,pink,9708.28,7207.43
1879,BambooCraft UM-17,Streetwear,Balanced,XL,yellow,12504.49,11879.27
1880,BambooCraft UM-18,Streetwear,Balanced,S,red,11356.87,6008.92
1881,BambooCraft UM-19,Streetwear,Balanced,M,black,11652.15,7134.61
1994,UrbanVN UM-01,Streetwear,Balanced,L,white,7359.57,5306.25
1995,UrbanVN UM-02,Streetwear,Balanced,XL,purple,5159.31,3025.42
1996,UrbanVN UM-03,Streetwear,Balanced,S,green,33.9,21.59
1997,UrbanVN UM-04,Streetwear,Balanced,M,silver,9479.09,7933.05
2110,PhoenixWear UM-01,Streetwear,Balanced,L,red,10835.37,10293.6
2111,PhoenixWear UM-02,Streetwear,Balanced,XL,black,6929.37,5689.01
2112,PhoenixWear UM-03,Streetwear,Balanced,S,orange,6863.71,6505.42
2113,PhoenixWear UM-04,Streetwear,Balanced,M,blue,20.96,11.57
2114,PhoenixWear UM-05,Streetwear,Balanced,L,white,10851.12,5601.35
2115,PhoenixWear UM-06,Streetwear,Balanced,XL,purple,7572.4,5696.72
2116,PhoenixWear UM-07,Streetwear,Balanced,S,green,6892.44,6547.82
2117,PhoenixWear UM-08,Streetwear,Balanced,M,silver,8322.37,7906.25
2118,PhoenixWear UM-09,Streetwear,Balanced,L,pink,38.21,24.36
2119,PhoenixWear UM-10,Streetwear,Balanced,XL,yellow,8315.37,7063.91
2120,PhoenixWear UM-11,Streetwear,Balanced,S,red,6667.37,3474.37
2121,PhoenixWear UM-12,Streetwear,Balanced,M,black,7559.25,6029.26
2122,PhoenixWear UM-13,Streetwear,Balanced,L,orange,12072.09,9086.66
2123,PhoenixWear UM-14,Streetwear,Balanced,XL,blue,7489.43,5615.57
2124,PhoenixWear UM-15,Streetwear,Balanced,S,white,10854.36,6990.21
2286,VietMotion UM-01,Streetwear,Balanced,L,green,8937.97,8294.44
2287,VietMotion UM-02,Streetwear,Balanced,XL,silver,10079.37,7890.13
2288,VietMotion UM-03,Streetwear,Balanced,S,pink,41.44,24.99
2289,VietMotion UM-04,Streetwear,Balanced,M,yellow,11018.7,9739.43
2290,VietMotion UM-05,Streetwear,Balanced,L,red,9669.87,7081.25
2291,VietMotion UM-06,Streetwear,Balanced,XL,black,11018.7,7937.87
2292,VietMotion UM-07,Streetwear,Balanced,S,orange,8635.54,6930.88
2293,VietMotion UM-08,Streetwear,Balanced,M,blue,9638.37,9156.45
2294,VietMotion UM-09,Streetwear,Balanced,L,white,51.07,32.89
2295,VietMotion UM-10,Streetwear,Balanced,XL,purple,10934.45,10387.73
2296,VietMotion UM-11,Streetwear,Balanced,S,green,10640.7,8784.96
2297,VietMotion UM-12,Streetwear,Balanced,M,silver,50.48,31.79
130,DragonWear UR-01,Streetwear,Standard,L,red,19.09,12.4
131,DragonWear UR-02,Streetwear,Standard,XL,black,22.76,13.31
132,DragonWear UR-03,Streetwear,Standard,S,orange,9387.0,7485.19
133,DragonWear UR-04,Streetwear,Standard,M,blue,8820.99,7253.5
134,DragonWear UR-05,Streetwear,Standard,L,white,40.69,25.5
135,DragonWear UR-06,Streetwear,Standard,XL,purple,40.67,24.0
136,DragonWear UR-07,Streetwear,Standard,S,green,5005.35,4469.78
137,DragonWear UR-08,Streetwear,Standard,M,silver,40.69,24.33
138,DragonWear UR-09,Streetwear,Standard,L,pink,154.64,94.76
139,DragonWear UR-10,Streetwear,Standard,XL,yellow,41.61,26.52
140,DragonWear UR-11,Streetwear,Standard,S,red,52.16,33.82
141,DragonWear UR-12,Streetwear,Standard,M,black,8183.7,7774.52
142,DragonWear UR-13,Streetwear,Standard,L,orange,48.5,30.4
143,DragonWear UR-14,Streetwear,Standard,XL,blue,5549.75,3170.02
144,DragonWear UR-15,Streetwear,Standard,S,white,5789.7,5500.21
145,DragonWear UR-16,Streetwear,Standard,M,purple,42.97,25.43
146,DragonWear UR-17,Streetwear,Standard,L,green,29.19,17.29
147,DragonWear UR-18,Streetwear,Standard,XL,silver,44.86,27.98
148,DragonWear UR-19,Streetwear,Standard,S,pink,8284.5,7108.1
149,DragonWear UR-20,Streetwear,Standard,M,yellow,24.31,13.95
150,DragonWear UR-21,Streetwear,Standard,L,red,6524.25,4447.58
151,DragonWear UR-22,Streetwear,Standard,XL,black,30.12,16.9
152,DragonWear UR-23,Streetwear,Standard,S,orange,27.27,15.97
153,DragonWear UR-24,Streetwear,Standard,M,blue,34.22,19.8
154,DragonWear UR-25,Streetwear,Standard,L,white,83.58,48.45
155,DragonWear UR-26,Streetwear,Standard,XL,purple,6032.25,5730.64
156,DragonWear UR-27,Streetwear,Standard,S,green,15.69,9.0
157,DragonWear UR-28,Streetwear,Standard,M,silver,43.58,24.15
158,DragonWear UR-29,Streetwear,Standard,L,pink,17.37,9.59
159,DragonWear UR-30,Streetwear,Standard,XL,yellow,27.42,17.79
160,DragonWear UR-31,Streetwear,Standard,S,red,8757.0,8319.15
161,DragonWear UR-32,Streetwear,Standard,M,black,51.19,30.35
162,DragonWear UR-33,Streetwear,Standard,L,orange,33.98,19.99
163,DragonWear UR-34,Streetwear,Standard,XL,blue,6636.26,4713.74
164,DragonWear UR-35,Streetwear,Standard,S,white,6815.39,3720.52
165,DragonWear UR-36,Streetwear,Standard,M,purple,8309.28,7893.82
166,DragonWear UR-37,Streetwear,Standard,L,green,21.52,13.3
167,DragonWear UR-38,Streetwear,Standard,XL,silver,24.88,14.22
168,DragonWear UR-39,Streetwear,Standard,S,pink,43.46,28.03
169,DragonWear UR-40,Streetwear,Standard,M,yellow,24.73,15.54
170,DragonWear UR-41,Streetwear,Standard,L,red,8793.62,5372.03
171,DragonWear UR-42,Streetwear,Standard,XL,black,36.11,20.18
172,DragonWear UR-43,Streetwear,Standard,S,orange,33.72,19.96
229,LotusWear UR-01,Streetwear,Standard,M,yellow,6513.15,4765.02
230,LotusWear UR-02,Streetwear,Standard,L,red,8186.85,7777.51
231,LotusWear UR-03,Streetwear,Standard,XL,black,8690.85,8180.7
232,LotusWear UR-04,Streetwear,Standard,S,orange,25.52,16.28
233,LotusWear UR-05,Streetwear,Standard,M,blue,4721.85,4485.76
234,LotusWear UR-06,Streetwear,Standard,L,white,5204.85,3942.15
235,LotusWear UR-07,Streetwear,Standard,XL,purple,6296.85,3378.26
236,LotusWear UR-08,Streetwear,Standard,S,green,6434.26,5945.25
237,LotusWear UR-09,Streetwear,Standard,M,silver,6401.85,3225.89
238,LotusWear UR-10,Streetwear,Standard,L,pink,4412.92,2846.33
239,LotusWear UR-11,Streetwear,Standard,XL,yellow,4799.28,4433.58
240,LotusWear UR-12,Streetwear,Standard,S,red,5537.75,5115.22
241,LotusWear UR-13,Streetwear,Standard,M,black,5036.85,3089.6
242,LotusWear UR-14,Streetwear,Standard,L,orange,5564.34,3416.5
243,LotusWear UR-15,Streetwear,Standard,XL,blue,7241.85,6524.91
244,LotusWear UR-16,Streetwear,Standard,S,white,7556.85,7036.18
245,LotusWear UR-17,Streetwear,Standard,M,purple,78.07,50.31
246,LotusWear UR-18,Streetwear,Standard,L,green,8877.43,4855.95
247,LotusWear UR-19,Streetwear,Standard,XL,silver,4921.97,4675.87
248,LotusWear UR-20,Streetwear,Standard,S,pink,6826.62,5780.78
249,LotusWear UR-21,Streetwear,Standard,M,yellow,5036.85,3544.43
250,LotusWear UR-22,Streetwear,Standard,L,red,7556.85,6491.33
251,LotusWear UR-23,Streetwear,Standard,XL,black,6941.39,5643.35
252,LotusWear UR-24,Streetwear,Standard,S,orange,7556.85,4964.09
253,LotusWear UR-25,Streetwear,Standard,M,blue,8816.85,5025.6
254,LotusWear UR-26,Streetwear,Standard,L,white,10076.85,8442.38
255,LotusWear UR-27,Streetwear,Standard,XL,purple,42.67,25.46
256,LotusWear UR-28,Streetwear,Standard,S,green,5414.85,5144.11
257,LotusWear UR-29,Streetwear,Standard,M,silver,7052.85,5494.17
258,LotusWear UR-30,Streetwear,Standard,L,pink,8186.85,7777.51
259,LotusWear UR-31,Streetwear,Standard,XL,yellow,7345.98,5610.13
260,LotusWear UR-32,Streetwear,Standard,S,red,7624.96,4062.58
261,LotusWear UR-33,Streetwear,Standard,M,black,9446.85,5966.63
262,LotusWear UR-34,Streetwear,Standard,L,orange,4721.85,4485.76
263,LotusWear UR-35,Streetwear,Standard,XL,blue,6926.85,5641.92
264,LotusWear UR-36,Streetwear,Standard,S,white,8501.85,4445.62
265,LotusWear UR-37,Streetwear,Standard,M,purple,7871.85,5976.31
266,LotusWear UR-38,Streetwear,Standard,L,green,8501.85,4850.31
267,LotusWear UR-39,Streetwear,Standard,XL,silver,4178.04,3405.11
268,LotusWear UR-40,Streetwear,Standard,S,pink,6170.85,3552.56
269,LotusWear UR-41,Streetwear,Standard,M,yellow,5414.85,3976.67
270,LotusWear UR-42,Streetwear,Standard,L,red,5477.85,4012.53
271,LotusWear UR-43,Streetwear,Standard,XL,black,6296.85,5982.01
272,LotusWear UR-44,Streetwear,Standard,S,orange,7556.85,5834.64
273,LotusWear UR-45,Streetwear,Standard,M,blue,5173.35,3073.49
274,LotusWear UR-46,Streetwear,Standard,L,white,7241.85,5346.66
275,LotusWear UR-47,Streetwear,Standard,XL,purple,9446.85,7969.36
276,LotusWear UR-48,Streetwear,Standard,S,green,5749.06,3331.58
277,LotusWear UR-49,Streetwear,Standard,M,silver,8678.25,6332.52
278,LotusWear UR-50,Streetwear,Standard,L,pink,4721.85,3265.16
279,LotusWear UR-51,Streetwear,Standard,XL,yellow,8186.85,6045.99
512,SaigonFlex UR-01,Streetwear,Standard,S,orange,2895.33,2518.94
855,HanoiStreet UR-01,Streetwear,Standard,XL,purple,14.73,9.01
856,HanoiStreet UR-02,Streetwear,Standard,S,green,35.68,20.22
857,HanoiStreet UR-03,Streetwear,Standard,M,silver,25.41,16.5
858,HanoiStreet UR-04,Streetwear,Standard,L,pink,46.57,26.69
859,HanoiStreet UR-05,Streetwear,Standard,XL,yellow,24.12,15.54
860,HanoiStreet UR-06,Streetwear,Standard,S,red,7496.37,4533.05
861,HanoiStreet UR-07,Streetwear,Standard,M,black,31.63,19.45
862,HanoiStreet UR-08,Streetwear,Standard,L,orange,2246.33,1699.8
863,HanoiStreet UR-09,Streetwear,Standard,XL,blue,3653.37,3470.7
864,HanoiStreet UR-10,Streetwear,Standard,S,white,40.53,24.75
865,HanoiStreet UR-11,Streetwear,Standard,M,purple,46.82,28.15
866,HanoiStreet UR-12,Streetwear,Standard,L,green,20.49,11.74
867,HanoiStreet UR-13,Streetwear,Standard,XL,silver,28.97,16.44
868,HanoiStreet UR-14,Streetwear,Standard,S,pink,27.39,15.67
869,HanoiStreet UR-15,Streetwear,Standard,M,yellow,25.5,14.5
870,HanoiStreet UR-16,Streetwear,Standard,L,red,67.1,42.14
871,HanoiStreet UR-17,Streetwear,Standard,XL,black,38.94,22.78
872,HanoiStreet UR-18,Streetwear,Standard,S,orange,20.0,11.11
873,HanoiStreet UR-19,Streetwear,Standard,M,blue,47.81,30.93
874,HanoiStreet UR-20,Streetwear,Standard,L,white,77.39,49.4
875,HanoiStreet UR-21,Streetwear,Standard,XL,purple,6314.41,4917.67
876,HanoiStreet UR-22,Streetwear,Standard,S,green,6929.37,6582.9
877,HanoiStreet UR-23,Streetwear,Standard,M,silver,50.05,32.17
878,HanoiStreet UR-24,Streetwear,Standard,L,pink,18.03,11.71
879,HanoiStreet UR-25,Streetwear,Standard,XL,yellow,27.28,15.48
880,HanoiStreet UR-26,Streetwear,Standard,S,red,54.97,32.41
881,HanoiStreet UR-27,Streetwear,Standard,M,black,567.63,338.14
882,HanoiStreet UR-28,Streetwear,Standard,L,orange,9197.37,8737.5
883,HanoiStreet UR-29,Streetwear,Standard,XL,blue,24.95,15.62
884,HanoiStreet UR-30,Streetwear,Standard,S,white,39.55,24.5
885,HanoiStreet UR-31,Streetwear,Standard,M,purple,45.14,25.52
886,HanoiStreet UR-32,Streetwear,Standard,L,green,22.86,14.44
887,HanoiStreet UR-33,Streetwear,Standard,XL,silver,32.34,18.51
888,HanoiStreet UR-34,Streetwear,Standard,S,pink,9.06,5.18
889,HanoiStreet UR-35,Streetwear,Standard,M,yellow,21.98,13.27
890,HanoiStreet UR-36,Streetwear,Standard,L,red,29.93,18.24
891,HanoiStreet UR-37,Streetwear,Standard,XL,black,20.1,12.22
1144,MekongFit UR-01,Streetwear,Standard,S,white,4987.52,4154.11
1145,MekongFit UR-02,Streetwear,Standard,M,purple,4040.82,3302.97
1146,MekongFit UR-03,Streetwear,Standard,L,green,63.62,35.57
1147,MekongFit UR-04,Streetwear,Standard,XL,silver,18.69,11.92
1148,MekongFit UR-05,Streetwear,Standard,S,pink,3768.47,2211.71
1149,MekongFit UR-06,Streetwear,Standard,M,yellow,440.37,418.35
1150,MekongFit UR-07,Streetwear,Standard,L,red,5337.0,4708.84
1151,MekongFit UR-08,Streetwear,Standard,XL,black,27.77,16.01
1152,MekongFit UR-09,Streetwear,Standard,S,orange,34.89,19.64
1153,MekongFit UR-10,Streetwear,Standard,M,blue,4436.41,3930.21
1154,MekongFit UR-11,Streetwear,Standard,L,white,58.94,37.65
1155,MekongFit UR-12,Streetwear,Standard,XL,purple,5890.31,5044.46
1156,MekongFit UR-13,Streetwear,Standard,S,green,4125.14,2224.27
1157,MekongFit UR-14,Streetwear,Standard,M,silver,4556.37,2443.13
1158,MekongFit UR-15,Streetwear,Standard,L,pink,18.65,12.04
1159,MekongFit UR-16,Streetwear,Standard,XL,yellow,52.73,33.55
1160,MekongFit UR-17,Streetwear,Standard,S,red,33.25,20.98
1161,MekongFit UR-18,Streetwear,Standard,M,black,22.36,13.76
1162,MekongFit UR-19,Streetwear,Standard,L,orange,39.84,24.11
1163,MekongFit UR-20,Streetwear,Standard,XL,blue,35.86,20.03
1164,MekongFit UR-21,Streetwear,Standard,S,white,26.05,15.39
1668,VietMode UR-01,Streetwear,Standard,S,pink,5164.74,2678.95
1669,VietMode UR-02,Streetwear,Standard,M,yellow,5227.74,4966.35
1670,VietMode UR-03,Streetwear,Standard,L,red,5353.74,4705.94
1755,SaigonCore UR-01,Streetwear,Standard,XL,purple,6236.37,4906.78
1756,SaigonCore UR-02,Streetwear,Standard,S,green,5663.7,5380.52
1757,SaigonCore UR-03,Streetwear,Standard,M,silver,6307.37,3885.97
1758,SaigonCore UR-04,Streetwear,Standard,L,pink,5789.7,5500.21
1759,SaigonCore UR-05,Streetwear,Standard,XL,yellow,5297.99,5033.09
1760,SaigonCore UR-06,Streetwear,Standard,S,red,8561.7,6144.73
1761,SaigonCore UR-07,Streetwear,Standard,M,black,10076.85,8257.98
1762,SaigonCore UR-08,Streetwear,Standard,L,orange,5510.7,5235.16
1763,SaigonCore UR-09,Streetwear,Standard,XL,blue,5743.99,5456.79
1764,SaigonCore UR-10,Streetwear,Standard,S,white,6828.57,5400.03
1765,SaigonCore UR-11,Streetwear,Standard,M,purple,2235.93,2124.13
1998,UrbanVN UR-01,Streetwear,Standard,L,pink,34.05,20.0
1999,UrbanVN UR-02,Streetwear,Standard,XL,yellow,8126.37,5654.33
2000,UrbanVN UR-03,Streetwear,Standard,S,red,28.39,16.35
2001,UrbanVN UR-04,Streetwear,Standard,M,black,34.65,21.57
2002,UrbanVN UR-05,Streetwear,Standard,L,orange,43.16,25.88
2003,UrbanVN UR-06,Streetwear,Standard,XL,blue,62.45,34.86
2004,UrbanVN UR-07,Streetwear,Standard,S,white,5358.4,3888.59
2005,UrbanVN UR-08,Streetwear,Standard,M,purple,3684.87,2645.37
2006,UrbanVN UR-09,Streetwear,Standard,L,green,20.18,11.55
2007,UrbanVN UR-10,Streetwear,Standard,XL,silver,77.73,48.06
2008,UrbanVN UR-11,Streetwear,Standard,S,pink,15.17,8.46
2009,UrbanVN UR-12,Streetwear,Standard,M,yellow,31.16,19.79
2010,UrbanVN UR-13,Streetwear,Standard,L,red,41.9,25.12
2011,UrbanVN UR-14,Streetwear,Standard,XL,black,37.05,22.16
2012,UrbanVN UR-15,Streetwear,Standard,S,orange,4660.62,4277.05
2013,UrbanVN UR-16,Streetwear,Standard,M,blue,25.81,15.73
2014,UrbanVN UR-17,Streetwear,Standard,L,white,30.47,19.27
2015,UrbanVN UR-18,Streetwear,Standard,XL,purple,4382.41,3917.0
2016,UrbanVN UR-19,Streetwear,Standard,S,green,3743.54,1998.68
2017,UrbanVN UR-20,Streetwear,Standard,M,silver,27.19,15.9
2018,UrbanVN UR-21,Streetwear,Standard,L,pink,26.16,16.16
2019,UrbanVN UR-22,Streetwear,Standard,XL,yellow,46.52,28.22
2020,UrbanVN UR-23,Streetwear,Standard,S,red,38.2,22.03
2021,UrbanVN UR-24,Streetwear,Standard,M,black,25.1,16.01
2022,UrbanVN UR-25,Streetwear,Standard,L,orange,2988.26,1860.49
2023,UrbanVN UR-26,Streetwear,Standard,XL,blue,47.46,29.89
2024,UrbanVN UR-27,Streetwear,Standard,S,white,37.45,23.06
2025,UrbanVN UR-28,Streetwear,Standard,M,purple,45.84,29.11
2026,UrbanVN UR-29,Streetwear,Standard,L,green,4409.37,2827.29
2027,UrbanVN UR-30,Streetwear,Standard,XL,silver,42.6,27.12
2028,UrbanVN UR-31,Streetwear,Standard,S,pink,8504.37,5160.45
2029,UrbanVN UR-32,Streetwear,Standard,M,yellow,2519.37,2246.27
2030,UrbanVN UR-33,Streetwear,Standard,L,red,23.77,14.76
2031,UrbanVN UR-34,Streetwear,Standard,XL,black,26.47,16.77
2032,UrbanVN UR-35,Streetwear,Standard,S,orange,44.65,27.67
2033,UrbanVN UR-36,Streetwear,Standard,M,blue,42.27,26.13
2034,UrbanVN UR-37,Streetwear,Standard,L,white,5039.37,4787.4
2035,UrbanVN UR-38,Streetwear,Standard,XL,purple,32.84,20.09
2036,UrbanVN UR-39,Streetwear,Standard,S,green,2521.25,2395.19
2037,UrbanVN UR-40,Streetwear,Standard,M,silver,34.71,21.7
2038,UrbanVN UR-41,Streetwear,Standard,L,pink,55.21,31.24
2039,UrbanVN UR-42,Streetwear,Standard,XL,yellow,4661.37,2832.71
2040,UrbanVN UR-43,Streetwear,Standard,S,red,26.14,16.68
2125,PhoenixWear UR-01,Streetwear,Standard,M,purple,6173.37,4869.55
2126,PhoenixWear UR-02,Streetwear,Standard,L,green,5499.56,4003.13
2127,PhoenixWear UR-03,Streetwear,Standard,XL,silver,5036.85,4118.13
2128,PhoenixWear UR-04,Streetwear,Standard,S,pink,4874.56,3880.64
2129,PhoenixWear UR-05,Streetwear,Standard,M,yellow,41.22,26.26
2130,PhoenixWear UR-06,Streetwear,Standard,L,red,30.54,16.89
2131,PhoenixWear UR-07,Streetwear,Standard,XL,black,5354.37,2739.3
2132,PhoenixWear UR-08,Streetwear,Standard,S,orange,4448.25,2596.44
2133,PhoenixWear UR-09,Streetwear,Standard,M,blue,5497.1,5222.25
2134,PhoenixWear UR-10,Streetwear,Standard,L,white,6133.82,5691.57
2135,PhoenixWear UR-11,Streetwear,Standard,XL,purple,30.35,19.2
2136,PhoenixWear UR-12,Streetwear,Standard,S,green,5342.82,4014.6
2137,PhoenixWear UR-13,Streetwear,Standard,M,silver,5666.85,5383.51
2138,PhoenixWear UR-14,Streetwear,Standard,L,pink,5385.87,4297.92
2139,PhoenixWear UR-15,Streetwear,Standard,XL,yellow,51.39,28.93
2140,PhoenixWear UR-16,Streetwear,Standard,S,red,6611.85,4492.09
2141,PhoenixWear UR-17,Streetwear,Standard,M,black,5669.37,3855.17
2142,PhoenixWear UR-18,Streetwear,Standard,L,orange,6299.37,5456.51
2143,PhoenixWear UR-19,Streetwear,Standard,XL,blue,5280.82,4593.78
2144,PhoenixWear UR-20,Streetwear,Standard,S,white,5279.32,3096.85
2145,PhoenixWear UR-21,Streetwear,Standard,M,purple,4797.61,3923.97
2146,PhoenixWear UR-22,Streetwear,Standard,L,green,4598.37,2925.48
2147,PhoenixWear UR-23,Streetwear,Standard,XL,silver,5889.87,3678.22
2298,VietMotion UR-01,Streetwear,Standard,L,pink,46.07,26.88
2299,VietMotion UR-02,Streetwear,Standard,XL,yellow,45.85,28.63
2300,VietMotion UR-03,Streetwear,Standard,S,red,55.82,31.6
2301,VietMotion UR-04,Streetwear,Standard,M,black,33.39,21.1
2302,VietMotion UR-05,Streetwear,Standard,L,orange,43.5,27.55
2303,VietMotion UR-06,Streetwear,Standard,XL,blue,29.25,17.57
2304,VietMotion UR-07,Streetwear,Standard,S,white,37.7,20.76
2305,VietMotion UR-08,Streetwear,Standard,M,purple,31.44,18.19
2306,VietMotion UR-09,Streetwear,Standard,L,green,34.43,21.06
2307,VietMotion UR-10,Streetwear,Standard,XL,silver,3338.37,1819.41
2308,VietMotion UR-11,Streetwear,Standard,S,pink,42.02,27.23
2309,VietMotion UR-12,Streetwear,Standard,M,yellow,3773.7,3585.01
2310,VietMotion UR-13,Streetwear,Standard,L,red,23.87,14.64
2311,VietMotion UR-14,Streetwear,Standard,XL,black,76.47,44.05
2312,VietMotion UR-15,Streetwear,Standard,S,orange,22.14,13.58
2313,VietMotion UR-16,Streetwear,Standard,M,blue,20.38,12.31
2314,VietMotion UR-17,Streetwear,Standard,L,white,52.63,33.05
2315,VietMotion UR-18,Streetwear,Standard,XL,purple,45.45,25.49
2316,VietMotion UR-19,Streetwear,Standard,S,green,42.51,26.61
2317,VietMotion UR-20,Streetwear,Standard,M,silver,42.58,25.72
2318,VietMotion UR-21,Streetwear,Standard,L,pink,32.95,21.3
2319,VietMotion UR-22,Streetwear,Standard,XL,yellow,23.13,13.51
2320,VietMotion UR-23,Streetwear,Standard,S,red,34.13,20.93
2321,VietMotion UR-24,Streetwear,Standard,M,black,25.26,16.25
2322,VietMotion UR-25,Streetwear,Standard,L,orange,48.91,27.4
2323,VietMotion UR-26,Streetwear,Standard,XL,blue,31.22,20.1
2324,VietMotion UR-27,Streetwear,Standard,S,white,23.8,14.73
2325,VietMotion UR-28,Streetwear,Standard,M,purple,1889.37,1169.71
2326,VietMotion UR-29,Streetwear,Standard,L,green,29.12,16.21
1,DragonWear MA-01,Casual,All-weather,M,black,4945.5,2732.88
2,DragonWear MA-02,Casual,All-weather,L,orange,39.06,22.66
3,DragonWear MA-03,Casual,All-weather,XL,blue,10831.38,10289.81
4,DragonWear MA-04,Casual,All-weather,S,white,9610.76,5604.03
5,DragonWear MA-05,Casual,All-weather,M,purple,8946.0,8498.7
6,DragonWear MA-06,Casual,All-weather,L,green,26.43,16.41
7,DragonWear MA-07,Casual,All-weather,XL,silver,5307.0,3533.93
8,DragonWear MA-08,Casual,All-weather,S,pink,5353.45,3709.4
9,DragonWear MA-09,Casual,All-weather,M,yellow,7077.2,5879.03
10,DragonWear MA-10,Casual,All-weather,L,red,8183.7,7774.51
11,DragonWear MA-11,Casual,All-weather,XL,black,9135.0,6147.86
12,DragonWear MA-12,Casual,All-weather,S,orange,5345.96,3828.78
13,DragonWear MA-13,Casual,All-weather,M,blue,5260.3,4066.74
14,DragonWear MA-14,Casual,All-weather,L,white,4896.83,4396.86
15,DragonWear MA-15,Casual,All-weather,XL,purple,5669.37,3360.8
16,DragonWear MA-16,Casual,All-weather,S,green,8536.5,7834.8
17,DragonWear MA-17,Casual,All-weather,M,silver,4848.11,4140.29
18,DragonWear MA-18,Casual,All-weather,L,pink,4712.7,3098.13
19,DragonWear MA-19,Casual,All-weather,XL,yellow,4445.52,4171.67
20,DragonWear MA-20,Casual,All-weather,S,red,6111.0,5284.18
21,DragonWear MA-21,Casual,All-weather,M,black,5165.07,4456.42
22,DragonWear MA-22,Casual,All-weather,L,orange,6615.0,3489.41
23,DragonWear MA-23,Casual,All-weather,XL,blue,9103.5,5896.34
24,DragonWear MA-24,Casual,All-weather,S,white,23.83,13.27
25,DragonWear MA-25,Casual,All-weather,M,purple,36.51,22.2
26,DragonWear MA-26,Casual,All-weather,L,green,9437.14,8226.36
27,DragonWear MA-27,Casual,All-weather,XL,silver,5077.28,4735.07
28,DragonWear MA-28,Casual,All-weather,S,pink,5181.75,2631.29
29,DragonWear MA-29,Casual,All-weather,M,yellow,6293.7,5979.02
30,DragonWear MA-30,Casual,All-weather,L,red,10256.4,7812.3
31,DragonWear MA-31,Casual,All-weather,XL,black,8993.32,7894.33
32,DragonWear MA-32,Casual,All-weather,S,orange,36.52,21.35
33,DragonWear MA-33,Casual,All-weather,M,blue,27.04,16.55
34,DragonWear MA-34,Casual,All-weather,L,white,27.43,15.21
35,DragonWear MA-35,Casual,All-weather,XL,purple,5669.37,3727.04
36,DragonWear MA-36,Casual,All-weather,S,green,5604.94,3526.07
37,DragonWear MA-37,Casual,All-weather,M,silver,5449.5,5177.02
38,DragonWear MA-38,Casual,All-weather,L,pink,5355.0,4705.97
39,DragonWear MA-39,Casual,All-weather,XL,yellow,36.34,23.15
40,DragonWear MA-40,Casual,All-weather,S,red,12593.7,11964.02
41,DragonWear MA-41,Casual,All-weather,M,black,10143.0,8305.09
42,DragonWear MA-42,Casual,All-weather,L,orange,12927.6,9403.54
43,DragonWear MA-43,Casual,All-weather,XL,blue,4898.85,4653.91
44,DragonWear MA-44,Casual,All-weather,S,white,5039.37,4577.76
45,DragonWear MA-45,Casual,All-weather,M,purple,5669.37,3456.05
211,LotusWear MA-01,Casual,All-weather,XL,black,18.56,12.01
212,LotusWear MA-02,Casual,All-weather,S,orange,18.86,12.2
694,HanoiStreet MA-01,Casual,All-weather,L,white,24.84,15.53
695,HanoiStreet MA-02,Casual,All-weather,XL,purple,30.41,17.12
696,HanoiStreet MA-03,Casual,All-weather,S,green,37.5,23.47
697,HanoiStreet MA-04,Casual,All-weather,M,silver,59.75,33.01
698,HanoiStreet MA-05,Casual,All-weather,L,pink,46.67,25.77
699,HanoiStreet MA-06,Casual,All-weather,XL,yellow,2843.99,1924.53
700,HanoiStreet MA-07,Casual,All-weather,S,red,31.06,18.09
701,HanoiStreet MA-08,Casual,All-weather,M,black,32.86,19.68
702,HanoiStreet MA-09,Casual,All-weather,L,orange,3720.71,3306.6
703,HanoiStreet MA-10,Casual,All-weather,XL,blue,22.18,13.9
704,HanoiStreet MA-11,Casual,All-weather,S,white,32.87,20.33
705,HanoiStreet MA-12,Casual,All-weather,M,purple,29.5,17.54
706,HanoiStreet MA-13,Casual,All-weather,L,green,3401.37,3231.3
707,HanoiStreet MA-14,Casual,All-weather,XL,silver,37.68,21.75
708,HanoiStreet MA-15,Casual,All-weather,S,pink,23.79,15.45
709,HanoiStreet MA-16,Casual,All-weather,M,yellow,40.76,24.16
710,HanoiStreet MA-17,Casual,All-weather,L,red,61.14,36.38
711,HanoiStreet MA-18,Casual,All-weather,XL,black,2900.22,2181.54
712,HanoiStreet MA-19,Casual,All-weather,S,orange,31.71,17.96
1043,MekongFit MA-01,Casual,All-weather,XL,blue,4535.04,2953.22
1044,MekongFit MA-02,Casual,All-weather,S,white,3432.87,3261.23
1045,MekongFit MA-03,Casual,All-weather,M,purple,2541.87,1871.58
1046,MekongFit MA-04,Casual,All-weather,L,green,1243.62,1007.58
1047,MekongFit MA-05,Casual,All-weather,XL,silver,2653.82,1379.99
1048,MekongFit MA-06,Casual,All-weather,S,pink,1700.37,1294.32
1049,MekongFit MA-07,Casual,All-weather,M,yellow,3141.3,2842.56
1050,MekongFit MA-08,Casual,All-weather,L,red,3375.73,2155.4
1051,MekongFit MA-09,Casual,All-weather,XL,black,38.89,24.48
1052,MekongFit MA-10,Casual,All-weather,S,orange,2991.81,2762.64
1053,MekongFit MA-11,Casual,All-weather,M,blue,3460.89,3287.85
1054,MekongFit MA-12,Casual,All-weather,L,white,2960.37,2812.35
1726,SaigonCore MA-01,Casual,All-weather,L,green,5417.37,3360.94
1727,SaigonCore MA-02,Casual,All-weather,XL,silver,10073.7,7977.36
1728,SaigonCore MA-03,Casual,All-weather,S,pink,5993.06,4755.49
1729,SaigonCore MA-04,Casual,All-weather,M,yellow,5858.37,4860.1
1730,SaigonCore MA-05,Casual,All-weather,L,red,9553.27,6129.37
1731,SaigonCore MA-06,Casual,All-weather,XL,black,5543.37,3675.25
1908,UrbanVN MA-01,Casual,All-weather,S,pink,5137.84,4880.95
1909,UrbanVN MA-02,Casual,All-weather,M,yellow,2481.64,2028.49
1910,UrbanVN MA-03,Casual,All-weather,L,red,43.64,27.03
1911,UrbanVN MA-04,Casual,All-weather,XL,black,28.21,16.14
1912,UrbanVN MA-05,Casual,All-weather,S,orange,3973.69,2680.65
1913,UrbanVN MA-06,Casual,All-weather,M,blue,36.22,20.22
1914,UrbanVN MA-07,Casual,All-weather,L,white,33.28,20.57
1915,UrbanVN MA-08,Casual,All-weather,XL,purple,5795.89,3976.56
1916,UrbanVN MA-09,Casual,All-weather,S,green,3559.95,3381.95
1917,UrbanVN MA-10,Casual,All-weather,M,silver,34.43,21.19
1918,UrbanVN MA-11,Casual,All-weather,L,pink,8819.37,8378.4
1919,UrbanVN MA-12,Casual,All-weather,XL,yellow,24.31,14.03
1920,UrbanVN MA-13,Casual,All-weather,S,red,3366.6,3198.27
1921,UrbanVN MA-14,Casual,All-weather,M,black,33.44,21.57
1922,UrbanVN MA-15,Casual,All-weather,L,orange,40.41,22.84
1923,UrbanVN MA-16,Casual,All-weather,XL,blue,59.17,35.1
1924,UrbanVN MA-17,Casual,All-weather,S,white,4242.39,4030.27
1925,UrbanVN MA-18,Casual,All-weather,M,purple,48.6,31.32
2102,PhoenixWear MA-01,Casual,All-weather,L,orange,6299.37,3167.32
2103,PhoenixWear MA-02,Casual,All-weather,XL,blue,7489.31,4647.12
2104,PhoenixWear MA-03,Casual,All-weather,S,white,6859.96,6101.93
2105,PhoenixWear MA-04,Casual,All-weather,M,purple,6929.37,3756.41
2106,PhoenixWear MA-05,Casual,All-weather,L,green,10011.44,7381.43
2107,PhoenixWear MA-06,Casual,All-weather,XL,silver,7874.37,5049.05
2187,VietMotion MA-01,Casual,All-weather,XL,silver,78.36,46.39
2188,VietMotion MA-02,Casual,All-weather,S,pink,24.36,14.96
2189,VietMotion MA-03,Casual,All-weather,M,yellow,3943.05,2853.58
2190,VietMotion MA-04,Casual,All-weather,L,red,46.94,27.68
2191,VietMotion MA-05,Casual,All-weather,XL,black,35.64,20.58
2192,VietMotion MA-06,Casual,All-weather,S,orange,2587.68,2458.3
2193,VietMotion MA-07,Casual,All-weather,M,blue,9177.04,5596.16
2194,VietMotion MA-08,Casual,All-weather,L,white,79.51,51.56
2195,VietMotion MA-09,Casual,All-weather,XL,purple,23.97,14.16
2196,VietMotion MA-10,Casual,All-weather,S,green,23.67,15.13
2197,VietMotion MA-11,Casual,All-weather,M,silver,2982.69,2833.56
2198,VietMotion MA-12,Casual,All-weather,L,pink,26.06,14.93
2199,VietMotion MA-13,Casual,All-weather,XL,yellow,2387.3,2267.93
2200,VietMotion MA-14,Casual,All-weather,S,red,14.16,8.09
2201,VietMotion MA-15,Casual,All-weather,M,black,26.83,14.84
2202,VietMotion MA-16,Casual,All-weather,L,orange,3857.99,3393.11
2203,VietMotion MA-17,Casual,All-weather,XL,blue,10199.7,8504.51
68,DragonWear RS-01,Outdoor,Premium,S,pink,4398.87,4178.93
69,DragonWear RS-02,Outdoor,Premium,M,yellow,3910.22,3087.51
70,DragonWear RS-03,Outdoor,Premium,L,red,5039.37,3891.4
71,DragonWear RS-04,Outdoor,Premium,XL,black,4787.37,4096.55
72,DragonWear RS-05,Outdoor,Premium,S,orange,24.44,15.04
73,DragonWear RS-06,Outdoor,Premium,M,blue,3882.46,3688.34
394,SaigonFlex RS-01,Outdoor,Premium,L,white,19686.87,17464.22
395,SaigonFlex RS-02,Outdoor,Premium,XL,purple,4595.85,3068.65
797,HanoiStreet RS-01,Outdoor,Premium,M,silver,3792.84,3178.4
798,HanoiStreet RS-02,Outdoor,Premium,L,pink,35.17,20.64
799,HanoiStreet RS-03,Outdoor,Premium,XL,yellow,37.97,24.16
800,HanoiStreet RS-04,Outdoor,Premium,S,red,3149.37,2034.18
801,HanoiStreet RS-05,Outdoor,Premium,M,black,3716.37,2604.43
802,HanoiStreet RS-06,Outdoor,Premium,L,orange,2015.37,1867.04
803,HanoiStreet RS-07,Outdoor,Premium,XL,blue,1920.94,1129.13
804,HanoiStreet RS-08,Outdoor,Premium,S,white,1932.17,1751.32
805,HanoiStreet RS-09,Outdoor,Premium,M,purple,2267.37,1983.27
806,HanoiStreet RS-10,Outdoor,Premium,L,green,13293.0,11389.44
807,HanoiStreet RS-11,Outdoor,Premium,XL,silver,2738.72,2004.19
808,HanoiStreet RS-12,Outdoor,Premium,S,pink,4185.67,2473.31
809,HanoiStreet RS-13,Outdoor,Premium,M,yellow,2845.62,1471.18
810,HanoiStreet RS-14,Outdoor,Premium,L,red,70.14,41.9
811,HanoiStreet RS-15,Outdoor,Premium,XL,black,3149.37,2991.9
812,HanoiStreet RS-16,Outdoor,Premium,S,orange,6867.0,3823.55
813,HanoiStreet RS-17,Outdoor,Premium,M,blue,3464.37,3291.15
814,HanoiStreet RS-18,Outdoor,Premium,L,white,48.43,31.33
815,HanoiStreet RS-19,Outdoor,Premium,XL,purple,26.29,14.95
816,HanoiStreet RS-20,Outdoor,Premium,S,green,4614.08,3811.69
1113,MekongFit RS-01,Outdoor,Premium,M,blue,1870.89,1564.63
1114,MekongFit RS-02,Outdoor,Premium,L,white,2070.64,1556.5
1115,MekongFit RS-03,Outdoor,Premium,XL,purple,4828.93,4587.48
1116,MekongFit RS-04,Outdoor,Premium,S,green,3151.46,1908.21
1117,MekongFit RS-05,Outdoor,Premium,M,silver,3681.74,2838.99
1118,MekongFit RS-06,Outdoor,Premium,L,pink,4700.35,4323.85
1119,MekongFit RS-07,Outdoor,Premium,XL,yellow,3527.37,3177.45
1120,MekongFit RS-08,Outdoor,Premium,S,red,2225.38,2045.79
1121,MekongFit RS-09,Outdoor,Premium,M,black,1007.37,957.0
1122,MekongFit RS-10,Outdoor,Premium,L,orange,1500.45,1425.43
1123,MekongFit RS-11,Outdoor,Premium,XL,blue,3137.22,1940.37
1746,SaigonCore RS-01,Outdoor,Premium,L,green,23.12,14.72
1747,SaigonCore RS-02,Outdoor,Premium,XL,silver,40.32,25.31
1748,SaigonCore RS-03,Outdoor,Premium,S,pink,19.53,12.25
1982,UrbanVN RS-01,Outdoor,Premium,L,orange,3984.92,3601.97
1983,UrbanVN RS-02,Outdoor,Premium,XL,blue,4409.37,3421.67
1984,UrbanVN RS-03,Outdoor,Premium,S,white,2204.37,1377.51
1985,UrbanVN RS-04,Outdoor,Premium,M,purple,1920.87,1824.83
1986,UrbanVN RS-05,Outdoor,Premium,L,green,2015.37,1507.3
1987,UrbanVN RS-06,Outdoor,Premium,XL,silver,1972.56,1723.42
1988,UrbanVN RS-07,Outdoor,Premium,S,pink,68.89,43.71
1989,UrbanVN RS-08,Outdoor,Premium,M,yellow,4632.06,4400.46
1990,UrbanVN RS-09,Outdoor,Premium,L,red,3180.1,2713.58
1991,UrbanVN RS-10,Outdoor,Premium,XL,black,3784.94,3327.72
1992,UrbanVN RS-11,Outdoor,Premium,S,orange,53.08,33.23
1993,UrbanVN RS-12,Outdoor,Premium,M,blue,1448.37,800.51
2268,VietMotion RS-01,Outdoor,Premium,S,pink,27.45,16.82
2269,VietMotion RS-02,Outdoor,Premium,M,yellow,3915.43,3719.66
2270,VietMotion RS-03,Outdoor,Premium,L,red,3778.76,3589.83
2271,VietMotion RS-04,Outdoor,Premium,XL,black,16.69,9.4
2272,VietMotion RS-05,Outdoor,Premium,S,orange,56.91,31.49
2273,VietMotion RS-06,Outdoor,Premium,M,blue,31.63,20.31
2274,VietMotion RS-07,Outdoor,Premium,L,white,54.33,33.23
2275,VietMotion RS-08,Outdoor,Premium,XL,purple,4487.59,3906.9
2276,VietMotion RS-09,Outdoor,Premium,S,green,17.5,11.02
2277,VietMotion RS-10,Outdoor,Premium,M,silver,3358.79,3190.85
2278,VietMotion RS-11,Outdoor,Premium,L,pink,26.06,15.59
2279,VietMotion RS-12,Outdoor,Premium,XL,yellow,2006.37,1041.11
2280,VietMotion RS-13,Outdoor,Premium,S,red,1977.48,1878.61
2281,VietMotion RS-14,Outdoor,Premium,M,black,33.18,18.64
2282,VietMotion RS-15,Outdoor,Premium,L,orange,33.74,18.98
2283,VietMotion RS-16,Outdoor,Premium,XL,blue,27.66,17.11
2284,VietMotion RS-17,Outdoor,Premium,S,white,3915.94,2108.34
2285,VietMotion RS-18,Outdoor,Premium,M,purple,42.48,25.19
197,DragonWear YY-01,GenZ,Trendy,M,silver,6041.7,5739.62
198,DragonWear YY-02,GenZ,Trendy,L,pink,6293.7,3768.04
1000,HanoiStreet YY-01,GenZ,Trendy,S,red,1188.35,915.38
1001,HanoiStreet YY-02,GenZ,Trendy,M,black,4904.03,3874.67
1002,HanoiStreet YY-03,GenZ,Trendy,L,orange,3419.93,2547.51
1003,HanoiStreet YY-04,GenZ,Trendy,XL,blue,1038.87,986.93
1004,HanoiStreet YY-05,GenZ,Trendy,S,white,21.61,12.32
1005,HanoiStreet YY-06,GenZ,Trendy,M,purple,1402.41,811.02
1006,HanoiStreet YY-07,GenZ,Trendy,L,green,1119.51,619.76
1007,HanoiStreet YY-08,GenZ,Trendy,XL,silver,5436.61,5164.78
1008,HanoiStreet YY-09,GenZ,Trendy,S,pink,3261.77,2694.22
1009,HanoiStreet YY-10,GenZ,Trendy,M,yellow,1383.88,862.57
1010,HanoiStreet YY-11,GenZ,Trendy,L,red,31.28,18.74
1011,HanoiStreet YY-12,GenZ,Trendy,XL,black,3527.37,2848.35
1012,HanoiStreet YY-13,GenZ,Trendy,S,orange,2141.37,1752.28
1013,HanoiStreet YY-14,GenZ,Trendy,M,blue,1259.37,1196.4
1014,HanoiStreet YY-15,GenZ,Trendy,L,white,1038.87,951.4
1015,HanoiStreet YY-16,GenZ,Trendy,XL,purple,34.75,19.33
1016,HanoiStreet YY-17,GenZ,Trendy,S,green,40.68,24.74
1017,HanoiStreet YY-18,GenZ,Trendy,M,silver,3407.94,1959.91
1018,HanoiStreet YY-19,GenZ,Trendy,L,pink,44.02,25.4
1019,HanoiStreet YY-20,GenZ,Trendy,XL,yellow,2834.37,2543.0
1020,HanoiStreet YY-21,GenZ,Trendy,S,red,21.12,13.3
1021,HanoiStreet YY-22,GenZ,Trendy,M,black,17.93,10.42
1022,HanoiStreet YY-23,GenZ,Trendy,L,orange,1889.37,1779.79
1023,HanoiStreet YY-24,GenZ,Trendy,XL,blue,3842.37,2315.41
1024,HanoiStreet YY-25,GenZ,Trendy,S,white,55.21,32.88
1025,HanoiStreet YY-26,GenZ,Trendy,M,purple,37.82,20.85
1026,HanoiStreet YY-27,GenZ,Trendy,L,green,2172.87,1809.57
1690,NamStyle YY-01,GenZ,Trendy,L,red,1889.37,1538.51
1691,NamStyle YY-02,GenZ,Trendy,XL,black,2834.37,1825.9
1692,NamStyle YY-03,GenZ,Trendy,S,orange,1205.09,1144.84
1693,NamStyle YY-04,GenZ,Trendy,M,blue,3987.59,3788.21
1694,NamStyle YY-05,GenZ,Trendy,L,white,24.55,13.68
1695,NamStyle YY-06,GenZ,Trendy,XL,purple,2015.37,1265.65
1696,NamStyle YY-07,GenZ,Trendy,S,green,2204.37,2094.15
1697,NamStyle YY-08,GenZ,Trendy,M,silver,2834.37,2279.68
1698,NamStyle YY-09,GenZ,Trendy,L,pink,1898.7,1803.77
1699,NamStyle YY-10,GenZ,Trendy,XL,yellow,2088.48,1689.16
1700,NamStyle YY-11,GenZ,Trendy,S,red,1301.64,745.45
1701,NamStyle YY-12,GenZ,Trendy,M,black,3401.37,1813.95
1702,NamStyle YY-13,GenZ,Trendy,L,orange,1322.37,1232.32
1703,NamStyle YY-14,GenZ,Trendy,XL,blue,1242.55,1180.42
1704,NamStyle YY-15,GenZ,Trendy,S,white,1637.37,870.92
1705,NamStyle YY-16,GenZ,Trendy,M,purple,1812.58,1721.95
1706,NamStyle YY-17,GenZ,Trendy,L,green,2828.07,2686.67
1707,NamStyle YY-18,GenZ,Trendy,XL,silver,1539.97,1326.07
1708,NamStyle YY-19,GenZ,Trendy,S,pink,61.59,36.29
1709,NamStyle YY-20,GenZ,Trendy,M,yellow,34.68,20.74
1710,NamStyle YY-21,GenZ,Trendy,L,red,3275.37,2180.09
1711,NamStyle YY-22,GenZ,Trendy,XL,black,1386.88,1076.91
1712,NamStyle YY-23,GenZ,Trendy,S,orange,3086.37,2034.84
1713,NamStyle YY-24,GenZ,Trendy,M,blue,1353.87,1286.18
1714,NamStyle YY-25,GenZ,Trendy,L,white,1321.59,1255.51
1715,NamStyle YY-26,GenZ,Trendy,XL,purple,3144.4,2987.18
1716,NamStyle YY-27,GenZ,Trendy,S,green,4283.37,4069.2
1717,NamStyle YY-28,GenZ,Trendy,M,silver,2204.37,1660.33
1718,NamStyle YY-29,GenZ,Trendy,L,pink,1889.37,1718.38
1719,NamStyle YY-30,GenZ,Trendy,XL,yellow,53.08,32.38
1720,NamStyle YY-31,GenZ,Trendy,S,red,3527.37,2218.36
1721,NamStyle YY-32,GenZ,Trendy,M,black,34.02,19.7
1722,NamStyle YY-33,GenZ,Trendy,L,orange,965.8,495.46
1723,NamStyle YY-34,GenZ,Trendy,XL,blue,75.51,46.78
1724,NamStyle YY-35,GenZ,Trendy,S,white,66.83,42.5
1725,NamStyle YY-36,GenZ,Trendy,M,purple,1542.87,1465.73
1806,SaigonCore YY-01,GenZ,Trendy,L,green,1385.37,1258.75
1807,SaigonCore YY-02,GenZ,Trendy,XL,silver,2141.37,1976.91
1808,SaigonCore YY-03,GenZ,Trendy,S,pink,1385.37,1090.42
1809,SaigonCore YY-04,GenZ,Trendy,M,yellow,2719.39,2583.43
1810,SaigonCore YY-05,GenZ,Trendy,L,red,3308.54,1751.54
1811,SaigonCore YY-06,GenZ,Trendy,XL,black,2708.37,2572.95
1812,SaigonCore YY-07,GenZ,Trendy,S,orange,1103.37,1048.2
1813,SaigonCore YY-08,GenZ,Trendy,M,blue,1700.37,905.28
1814,SaigonCore YY-09,GenZ,Trendy,L,white,6265.98,4713.27
1815,SaigonCore YY-10,GenZ,Trendy,XL,purple,3912.07,3222.77
1816,SaigonCore YY-11,GenZ,Trendy,S,green,2229.07,1633.68
1817,SaigonCore YY-12,GenZ,Trendy,M,silver,2735.54,2598.76
1818,SaigonCore YY-13,GenZ,Trendy,L,pink,2515.81,2390.02
1819,SaigonCore YY-14,GenZ,Trendy,XL,yellow,3156.62,2453.01
1820,SaigonCore YY-15,GenZ,Trendy,S,red,4598.37,3172.88
1821,SaigonCore YY-16,GenZ,Trendy,M,black,3791.74,3602.16
1822,SaigonCore YY-17,GenZ,Trendy,L,orange,4346.37,2195.35
1823,SaigonCore YY-18,GenZ,Trendy,XL,blue,5480.37,4908.77
1824,SaigonCore YY-19,GenZ,Trendy,S,white,29.98,18.82
1825,SaigonCore YY-20,GenZ,Trendy,M,purple,1196.37,1136.55
1826,SaigonCore YY-21,GenZ,Trendy,L,green,2652.66,2520.03
1827,SaigonCore YY-22,GenZ,Trendy,XL,silver,3026.87,1800.68
1828,SaigonCore YY-23,GenZ,Trendy,S,pink,3471.44,3117.35
1829,SaigonCore YY-24,GenZ,Trendy,M,yellow,3934.18,3731.18
1830,SaigonCore YY-25,GenZ,Trendy,L,red,3707.16,2126.05
1831,SaigonCore YY-26,GenZ,Trendy,XL,black,4346.37,4129.05
1832,SaigonCore YY-27,GenZ,Trendy,S,orange,4371.09,3285.31
1833,SaigonCore YY-28,GenZ,Trendy,M,blue,1408.51,1187.38
1834,SaigonCore YY-29,GenZ,Trendy,L,white,3023.37,2052.87
1835,SaigonCore YY-30,GenZ,Trendy,XL,purple,48.84,27.06
1836,SaigonCore YY-31,GenZ,Trendy,S,green,1705.58,1041.77
1837,SaigonCore YY-32,GenZ,Trendy,M,silver,1924.84,1828.6
1838,SaigonCore YY-33,GenZ,Trendy,L,pink,3592.58,3074.17
1839,SaigonCore YY-34,GenZ,Trendy,XL,yellow,3149.37,1598.94
1840,SaigonCore YY-35,GenZ,Trendy,S,red,3968.37,2471.1
1841,SaigonCore YY-36,GenZ,Trendy,M,black,1826.37,1111.16
1842,SaigonCore YY-37,GenZ,Trendy,L,orange,3086.37,2932.05
1843,SaigonCore YY-38,GenZ,Trendy,XL,blue,1704.79,1064.98
1844,SaigonCore YY-39,GenZ,Trendy,S,white,2026.1,1822.89
1845,SaigonCore YY-40,GenZ,Trendy,M,purple,1211.15,735.53
1846,SaigonCore YY-41,GenZ,Trendy,L,green,5606.37,3945.76
1847,SaigonCore YY-42,GenZ,Trendy,XL,silver,1562.14,1484.03
1848,SaigonCore YY-43,GenZ,Trendy,S,pink,4365.58,4147.3
1849,SaigonCore YY-44,GenZ,Trendy,M,yellow,2771.37,2632.8
1850,SaigonCore YY-45,GenZ,Trendy,L,red,1929.01,1460.84
1851,SaigonCore YY-46,GenZ,Trendy,XL,black,3909.23,2716.92
1852,SaigonCore YY-47,GenZ,Trendy,S,orange,2043.24,1941.08
1853,SaigonCore YY-48,GenZ,Trendy,M,blue,4462.21,4239.1
1854,SaigonCore YY-49,GenZ,Trendy,L,white,2267.37,1763.11
1855,SaigonCore YY-50,GenZ,Trendy,XL,purple,2934.64,2787.91
1856,SaigonCore YY-51,GenZ,Trendy,S,green,1322.37,1104.31
1857,SaigonCore YY-52,GenZ,Trendy,M,silver,1203.7,1114.38
1858,SaigonCore YY-53,GenZ,Trendy,L,pink,3149.37,2862.78
1859,SaigonCore YY-54,GenZ,Trendy,XL,yellow,1885.75,1552.16
1860,SaigonCore YY-55,GenZ,Trendy,S,red,2319.87,1394.47
1861,SaigonCore YY-56,GenZ,Trendy,M,black,1259.37,828.16
1862,SaigonCore YY-57,GenZ,Trendy,L,orange,2656.23,1842.63
2097,UrbanVN YY-01,GenZ,Trendy,M,silver,5908.77,5613.33
2098,UrbanVN YY-02,GenZ,Trendy,L,pink,3660.2,3166.07
2099,UrbanVN YY-03,GenZ,Trendy,XL,yellow,4994.56,4502.1
2100,UrbanVN YY-04,GenZ,Trendy,S,red,4801.85,2893.11
2101,UrbanVN YY-05,GenZ,Trendy,M,black,42.87,25.64
2392,VietMotion YY-01,GenZ,Trendy,S,orange,57.25,32.09
2393,VietMotion YY-02,GenZ,Trendy,M,blue,1278.23,1214.32
2394,VietMotion YY-03,GenZ,Trendy,L,white,1618.17,1252.47
2395,VietMotion YY-04,GenZ,Trendy,XL,purple,1987.57,1152.39
2396,VietMotion YY-05,GenZ,Trendy,S,green,1182.85,799.02
2397,VietMotion YY-06,GenZ,Trendy,M,silver,22.51,12.93
2398,VietMotion YY-07,GenZ,Trendy,L,pink,43.57,28.26
2399,VietMotion YY-08,GenZ,Trendy,XL,yellow,1631.7,1550.12
2400,VietMotion YY-09,GenZ,Trendy,S,red,1109.26,1053.8
2401,VietMotion YY-10,GenZ,Trendy,M,black,2015.37,1140.9
2402,VietMotion YY-11,GenZ,Trendy,L,orange,3733.95,1874.44
2403,VietMotion YY-12,GenZ,Trendy,XL,blue,1616.8,850.28
2404,VietMotion YY-13,GenZ,Trendy,S,white,3296.85,2940.13
2405,VietMotion YY-14,GenZ,Trendy,M,purple,5084.87,2906.0
2406,VietMotion YY-15,GenZ,Trendy,L,green,1085.29,871.27
2407,VietMotion YY-16,GenZ,Trendy,XL,silver,936.01,826.41
2408,VietMotion YY-17,GenZ,Trendy,S,pink,50.57,28.53
2409,VietMotion YY-18,GenZ,Trendy,M,yellow,16.39,9.83
2410,VietMotion YY-19,GenZ,Trendy,L,red,1234.17,1020.04
2411,VietMotion YY-20,GenZ,Trendy,XL,black,20.63,12.62
2412,VietMotion YY-21,GenZ,Trendy,S,orange,1233.09,836.53
1563,VietMode RS-01,Outdoor,Premium,XL,blue,3463.74,3132.26
1564,VietMode RS-02,Outdoor,Premium,S,white,4112.82,3718.4
1565,VietMode RS-03,Outdoor,Premium,M,purple,3747.24,2006.27
1566,VietMode RS-04,Outdoor,Premium,L,green,4467.96,3904.1
1567,VietMode RS-05,Outdoor,Premium,XL,silver,4999.05,4046.23
1568,VietMode RS-06,Outdoor,Premium,S,pink,5303.07,3703.66
1569,VietMode RS-07,Outdoor,Premium,M,yellow,5039.37,2522.71
1570,VietMode RS-08,Outdoor,Premium,L,red,14.65,9.09
1571,VietMode RS-09,Outdoor,Premium,XL,black,29.73,18.02
1572,VietMode RS-10,Outdoor,Premium,S,orange,3873.24,2666.34
1573,VietMode RS-11,Outdoor,Premium,M,blue,44.12,24.31
1574,VietMode RS-12,Outdoor,Premium,L,white,60.4,35.19
1575,VietMode RS-13,Outdoor,Premium,XL,purple,3356.79,3188.95
1576,VietMode RS-14,Outdoor,Premium,S,green,2706.41,2571.09
1577,VietMode RS-15,Outdoor,Premium,M,silver,5983.74,5684.55
1578,VietMode RS-16,Outdoor,Premium,L,pink,34.11,20.53
1579,VietMode RS-17,Outdoor,Premium,XL,yellow,63.53,35.5
1580,VietMode RS-18,Outdoor,Premium,S,red,19.07,11.16
1581,VietMode RS-19,Outdoor,Premium,M,black,16.75,9.27
1582,VietMode RS-20,Outdoor,Premium,L,orange,32.39,18.07
1583,VietMode RS-21,Outdoor,Premium,XL,blue,5668.74,2943.21
1584,VietMode RS-22,Outdoor,Premium,S,white,4358.77,3938.15
1585,VietMode RS-23,Outdoor,Premium,M,purple,5039.37,4674.52
1586,VietMode RS-24,Outdoor,Premium,L,green,4661.37,3649.39
1587,VietMode RS-25,Outdoor,Premium,XL,silver,38.61,22.77
1588,VietMode RS-26,Outdoor,Premium,S,pink,3529.89,2537.64
1589,VietMode RS-27,Outdoor,Premium,M,yellow,32.69,18.41
1590,VietMode RS-28,Outdoor,Premium,L,red,5246.29,4392.72
1591,VietMode RS-29,Outdoor,Premium,XL,black,14.48,8.79
1592,VietMode RS-30,Outdoor,Premium,S,orange,5868.39,5574.97
1593,VietMode RS-31,Outdoor,Premium,M,blue,31.96,19.78
1594,VietMode RS-32,Outdoor,Premium,L,white,19.65,12.38
1595,VietMode RS-33,Outdoor,Premium,XL,purple,4408.74,2394.39
1596,VietMode RS-34,Outdoor,Premium,S,green,4692.24,4457.63
1597,VietMode RS-35,Outdoor,Premium,M,silver,2063.38,1049.44
1598,VietMode RS-36,Outdoor,Premium,L,pink,43.29,24.67
1599,VietMode RS-37,Outdoor,Premium,XL,yellow,38.35,21.73
1600,VietMode RS-38,Outdoor,Premium,S,red,22.74,12.74
1601,VietMode RS-39,Outdoor,Premium,M,black,3793.49,2490.05
1602,VietMode RS-40,Outdoor,Premium,L,orange,4535.37,4308.6
1603,VietMode RS-41,Outdoor,Premium,XL,blue,3621.24,2054.69
1604,VietMode RS-42,Outdoor,Premium,S,white,26.96,16.55
1605,VietMode RS-43,Outdoor,Premium,M,purple,5118.75,4862.82
1606,VietMode RS-44,Outdoor,Premium,L,green,21.68,13.45
1607,VietMode RS-45,Outdoor,Premium,XL,silver,5235.27,4973.51
1608,VietMode RS-46,Outdoor,Premium,S,pink,5496.3,5221.48
1609,VietMode RS-47,Outdoor,Premium,M,yellow,32.3,17.86
1610,VietMode RS-48,Outdoor,Premium,L,red,48.52,31.23
1611,VietMode RS-49,Outdoor,Premium,XL,black,22.33,12.39
1612,VietMode RS-50,Outdoor,Premium,S,orange,6110.37,4649.99
1613,VietMode RS-51,Outdoor,Premium,M,blue,40.51,24.47
1614,VietMode RS-52,Outdoor,Premium,L,white,26.79,16.63
1615,VietMode RS-53,Outdoor,Premium,XL,purple,3167.9,3009.5
1616,VietMode RS-54,Outdoor,Premium,S,green,24.12,15.36
1617,VietMode RS-55,Outdoor,Premium,M,silver,4535.37,3411.96
1618,VietMode RS-56,Outdoor,Premium,L,pink,31.73,19.72
1619,VietMode RS-57,Outdoor,Premium,XL,yellow,21.89,13.79
1620,VietMode RS-58,Outdoor,Premium,S,red,26.54,15.5
1621,VietMode RS-59,Outdoor,Premium,M,black,20.51,12.95
1622,VietMode RS-60,Outdoor,Premium,L,orange,72.67,40.55
1623,VietMode RS-61,Outdoor,Premium,XL,blue,33.59,21.48
1624,VietMode RS-62,Outdoor,Premium,S,white,25.03,15.14
1625,VietMode RS-63,Outdoor,Premium,M,purple,4755.24,4200.78
1626,VietMode RS-64,Outdoor,Premium,L,green,36.07,22.79
1627,VietMode RS-65,Outdoor,Premium,XL,silver,31.66,18.85
1628,VietMode RS-66,Outdoor,Premium,S,pink,30.31,18.62
1629,VietMode RS-67,Outdoor,Premium,M,yellow,2770.74,1718.69
1630,VietMode RS-68,Outdoor,Premium,L,red,3274.74,1882.98
1631,VietMode RS-69,Outdoor,Premium,XL,black,5700.87,5223.71
1632,VietMode RS-70,Outdoor,Premium,S,orange,5039.37,4028.47
1633,VietMode RS-71,Outdoor,Premium,M,blue,5228.37,4966.95
1634,VietMode RS-72,Outdoor,Premium,L,white,4258.17,3702.9
1635,VietMode RS-73,Outdoor,Premium,XL,purple,42.34,25.51
1636,VietMode RS-74,Outdoor,Premium,S,green,44.84,27.94
1637,VietMode RS-75,Outdoor,Premium,M,silver,26.78,14.95
1638,VietMode RS-76,Outdoor,Premium,L,pink,26.3,14.63
1639,VietMode RS-77,Outdoor,Premium,XL,yellow,29.67,17.05
1640,VietMode RS-78,Outdoor,Premium,S,red,4786.74,4547.4
1641,VietMode RS-79,Outdoor,Premium,M,black,13.19,7.46
1642,VietMode RS-80,Outdoor,Premium,L,orange,18.06,11.51
1643,VietMode RS-81,Outdoor,Premium,XL,blue,5070.87,4513.07
1644,VietMode RS-82,Outdoor,Premium,S,white,4566.87,3274.45
1645,VietMode RS-83,Outdoor,Premium,M,purple,5039.37,2724.28
1646,VietMode RS-84,Outdoor,Premium,L,green,5069.36,3323.47
1647,VietMode RS-85,Outdoor,Premium,XL,silver,57.21,32.72
1648,VietMode RS-86,Outdoor,Premium,S,pink,63.94,41.41
1649,VietMode RS-87,Outdoor,Premium,M,yellow,29.98,17.5
1650,VietMode RS-88,Outdoor,Premium,L,red,5909.28,4975.62
1651,VietMode RS-89,Outdoor,Premium,XL,black,6002.09,5701.98
1652,VietMode RS-90,Outdoor,Premium,S,orange,41.71,23.7
1653,VietMode RS-91,Outdoor,Premium,M,blue,4849.74,4297.84
1654,VietMode RS-92,Outdoor,Premium,L,white,37.51,23.59
1655,VietMode RS-93,Outdoor,Premium,XL,purple,3401.37,2796.27
1656,VietMode RS-94,Outdoor,Premium,S,green,4970.07,3734.51
1657,VietMode RS-95,Outdoor,Premium,M,silver,4746.15,3926.96
1658,VietMode RS-96,Outdoor,Premium,L,pink,113.47,69.88
1659,VietMode RS-97,Outdoor,Premium,XL,yellow,51.82,31.08
1660,VietMode RS-98,Outdoor,Premium,S,red,31.46,19.05
1661,VietMode RS-99,Outdoor,Premium,M,black,22.6,14.05
1662,VietMode RS-00,Outdoor,Premium,L,orange,2078.37,1489.57
1663,VietMode RS-01,Outdoor,Premium,XL,blue,17.42,9.98
1664,VietMode RS-02,Outdoor,Premium,S,white,35.92,23.34
1665,VietMode RS-03,Outdoor,Premium,M,purple,24.47,15.84
1666,VietMode RS-04,Outdoor,Premium,L,green,2847.54,2029.16
1667,VietMode RS-05,Outdoor,Premium,XL,silver,4426.66,3156.65
1265,VietMode MA-01,Casual,All-weather,M,purple,10394.37,7885.17
1266,VietMode MA-02,Casual,All-weather,L,green,18.75,11.53
1267,VietMode MA-03,Casual,All-weather,XL,silver,25.57,14.57
1268,VietMode MA-04,Casual,All-weather,S,pink,21.49,13.28
1269,VietMode MA-05,Casual,All-weather,M,yellow,65.03,36.24
1270,VietMode MA-06,Casual,All-weather,L,red,47.12,26.06
1271,VietMode MA-07,Casual,All-weather,XL,black,5605.74,5325.45
1272,VietMode MA-08,Casual,All-weather,S,orange,6296.41,5981.59
1273,VietMode MA-09,Casual,All-weather,M,blue,5983.74,3856.52
1274,VietMode MA-10,Casual,All-weather,L,white,33.01,19.01
1275,VietMode MA-11,Casual,All-weather,XL,purple,9196.74,8009.44
1276,VietMode MA-12,Casual,All-weather,S,green,59.86,35.69
1277,VietMode MA-13,Casual,All-weather,M,silver,5525.71,2933.05
1278,VietMode MA-14,Casual,All-weather,L,pink,9764.37,6568.49
1279,VietMode MA-15,Casual,All-weather,XL,yellow,6613.74,4749.99
1280,VietMode MA-16,Casual,All-weather,S,red,5373.01,5104.36
1281,VietMode MA-17,Casual,All-weather,M,black,4724.37,4488.15
1282,VietMode MA-18,Casual,All-weather,L,orange,34.16,21.75
1283,VietMode MA-19,Casual,All-weather,XL,blue,23.46,14.61
1284,VietMode MA-20,Casual,All-weather,S,white,60.9,38.02
1285,VietMode MA-21,Casual,All-weather,M,purple,4647.48,3315.97
1286,VietMode MA-22,Casual,All-weather,L,green,8311.69,6208.83
1287,VietMode MA-23,Casual,All-weather,XL,silver,8188.74,4307.28
1288,VietMode MA-24,Casual,All-weather,S,pink,8377.74,7154.59
1289,VietMode MA-25,Casual,All-weather,M,yellow,5669.37,5385.9
1290,VietMode MA-26,Casual,All-weather,L,red,41.08,24.34
1291,VietMode MA-27,Casual,All-weather,XL,black,21.87,12.78
1292,VietMode MA-28,Casual,All-weather,S,orange,30.69,18.02
1293,VietMode MA-29,Casual,All-weather,M,blue,23.33,15.14
1294,VietMode MA-30,Casual,All-weather,L,white,8944.74,8497.5
1295,VietMode MA-31,Casual,All-weather,XL,purple,5669.37,5385.9
1296,VietMode MA-32,Casual,All-weather,S,green,19.05,10.55
1297,VietMode MA-33,Casual,All-weather,M,silver,5858.37,2990.7
1298,VietMode MA-34,Casual,All-weather,L,pink,4444.02,3357.46
1299,VietMode MA-35,Casual,All-weather,XL,yellow,6504.16,6178.95
1300,VietMode MA-36,Casual,All-weather,S,red,5420.11,3545.29
1301,VietMode MA-37,Casual,All-weather,M,black,6171.26,4382.21
1302,VietMode MA-38,Casual,All-weather,L,orange,47.96,30.54
1303,VietMode MA-39,Casual,All-weather,XL,blue,9449.23,6596.51
1304,VietMode MA-40,Casual,All-weather,S,white,4895.01,4420.68
1305,VietMode MA-41,Casual,All-weather,M,purple,5114.97,3436.75
1306,VietMode MA-42,Casual,All-weather,L,green,10583.37,8359.8
1307,VietMode MA-43,Casual,All-weather,XL,silver,71.08,43.21
1308,VietMode MA-44,Casual,All-weather,S,pink,9126.56,6083.77
713,HanoiStreet RP-01,Outdoor,Activewear,M,blue,1952.01,1681.85
714,HanoiStreet RP-02,Outdoor,Activewear,L,white,1952.01,1350.79
715,HanoiStreet RP-03,Outdoor,Activewear,XL,purple,1855.63,1707.74
716,HanoiStreet RP-04,Outdoor,Activewear,S,green,1855.63,1762.85
717,HanoiStreet RP-05,Outdoor,Activewear,M,silver,2046.87,1742.91
718,HanoiStreet RP-06,Outdoor,Activewear,L,pink,2046.87,1613.75
719,HanoiStreet RP-07,Outdoor,Activewear,XL,yellow,1259.37,981.55
720,HanoiStreet RP-08,Outdoor,Activewear,S,red,1259.37,742.78
721,HanoiStreet RP-09,Outdoor,Activewear,M,black,2015.37,1709.24
722,HanoiStreet RP-10,Outdoor,Activewear,L,orange,2015.37,1819.88
723,HanoiStreet RP-11,Outdoor,Activewear,XL,blue,18.93,11.24
724,HanoiStreet RP-12,Outdoor,Activewear,S,white,41.48,25.82
725,HanoiStreet RP-13,Outdoor,Activewear,M,purple,1341.31,1274.25
726,HanoiStreet RP-14,Outdoor,Activewear,L,green,1341.31,1274.25
727,HanoiStreet RP-15,Outdoor,Activewear,XL,silver,818.37,681.13
728,HanoiStreet RP-16,Outdoor,Activewear,S,pink,818.37,554.36
729,HanoiStreet RP-17,Outdoor,Activewear,M,yellow,3782.68,3301.9
730,HanoiStreet RP-18,Outdoor,Activewear,L,red,3782.68,2712.94
731,HanoiStreet RP-19,Outdoor,Activewear,XL,black,1763.37,1675.2
732,HanoiStreet RP-20,Outdoor,Activewear,S,orange,1763.37,940.23
733,HanoiStreet RP-21,Outdoor,Activewear,M,blue,4376.45,2285.38
734,HanoiStreet RP-22,Outdoor,Activewear,L,white,4376.45,3725.67
735,HanoiStreet RP-23,Outdoor,Activewear,XL,purple,4615.66,2314.75
736,HanoiStreet RP-24,Outdoor,Activewear,S,green,4615.66,2839.09
737,HanoiStreet RP-25,Outdoor,Activewear,M,silver,5669.37,5385.9
738,HanoiStreet RP-26,Outdoor,Activewear,L,pink,5669.37,4405.1
739,HanoiStreet RP-27,Outdoor,Activewear,XL,yellow,2078.15,1837.08
740,HanoiStreet RP-28,Outdoor,Activewear,S,red,2078.15,1680.8
741,HanoiStreet RP-29,Outdoor,Activewear,M,black,25.53,15.28
742,HanoiStreet RP-30,Outdoor,Activewear,L,orange,27.25,17.37
743,HanoiStreet RP-31,Outdoor,Activewear,XL,blue,3275.37,2977.64
744,HanoiStreet RP-32,Outdoor,Activewear,S,white,3275.37,2282.28
745,HanoiStreet RP-33,Outdoor,Activewear,M,purple,2645.37,2513.1
746,HanoiStreet RP-34,Outdoor,Activewear,L,green,2645.37,2343.8
747,HanoiStreet RP-35,Outdoor,Activewear,XL,silver,26.13,16.72
748,HanoiStreet RP-36,Outdoor,Activewear,S,pink,23.44,13.88
749,HanoiStreet RP-37,Outdoor,Activewear,M,yellow,33.76,19.51
750,HanoiStreet RP-38,Outdoor,Activewear,L,red,23.75,14.47
751,HanoiStreet RP-39,Outdoor,Activewear,XL,black,36.9,23.66
752,HanoiStreet RP-40,Outdoor,Activewear,S,orange,32.46,18.53
753,HanoiStreet RP-41,Outdoor,Activewear,M,blue,2960.31,1663.99
754,HanoiStreet RP-42,Outdoor,Activewear,L,white,2960.31,2498.8
755,HanoiStreet RP-43,Outdoor,Activewear,XL,purple,30.1,18.43
756,HanoiStreet RP-44,Outdoor,Activewear,S,green,23.03,14.12
757,HanoiStreet RP-45,Outdoor,Activewear,M,silver,890.45,566.95
758,HanoiStreet RP-46,Outdoor,Activewear,L,pink,890.45,845.93
759,HanoiStreet RP-47,Outdoor,Activewear,XL,yellow,1901.47,1048.66
760,HanoiStreet RP-48,Outdoor,Activewear,S,red,1901.47,1262.57
761,HanoiStreet RP-49,Outdoor,Activewear,M,black,2220.6,2109.57
762,HanoiStreet RP-50,Outdoor,Activewear,L,orange,2220.6,2109.57
763,HanoiStreet RP-51,Outdoor,Activewear,XL,blue,3884.38,2371.8
764,HanoiStreet RP-52,Outdoor,Activewear,S,white,3884.38,3601.6
765,HanoiStreet RP-53,Outdoor,Activewear,M,purple,26.29,16.39
766,HanoiStreet RP-54,Outdoor,Activewear,L,green,44.8,25.23
767,HanoiStreet RP-55,Outdoor,Activewear,XL,silver,1148.82,585.9
768,HanoiStreet RP-56,Outdoor,Activewear,S,pink,1148.82,728.93
769,HanoiStreet RP-57,Outdoor,Activewear,M,yellow,3297.6,1690.35
770,HanoiStreet RP-58,Outdoor,Activewear,L,red,3297.6,3096.44
771,HanoiStreet RP-59,Outdoor,Activewear,XL,black,2015.37,1914.6
772,HanoiStreet RP-60,Outdoor,Activewear,S,orange,2015.37,1835.4
773,HanoiStreet RP-61,Outdoor,Activewear,M,blue,40.46,25.15
774,HanoiStreet RP-62,Outdoor,Activewear,L,white,22.4,14.36
775,HanoiStreet RP-63,Outdoor,Activewear,XL,purple,34.46,19.57
776,HanoiStreet RP-64,Outdoor,Activewear,S,green,44.73,25.66
777,HanoiStreet RP-65,Outdoor,Activewear,M,silver,1477.49,1403.61
778,HanoiStreet RP-66,Outdoor,Activewear,L,pink,1477.49,1174.31
779,HanoiStreet RP-67,Outdoor,Activewear,XL,yellow,3997.02,3519.38
780,HanoiStreet RP-68,Outdoor,Activewear,S,red,3997.02,2058.47
781,HanoiStreet RP-69,Outdoor,Activewear,M,black,1274.58,845.3
782,HanoiStreet RP-70,Outdoor,Activewear,L,orange,1274.58,1065.81
783,HanoiStreet RP-71,Outdoor,Activewear,XL,blue,16.98,10.99
784,HanoiStreet RP-72,Outdoor,Activewear,S,white,41.15,23.38
785,HanoiStreet RP-73,Outdoor,Activewear,M,purple,699.72,441.24
786,HanoiStreet RP-74,Outdoor,Activewear,L,green,699.72,645.84
787,HanoiStreet RP-75,Outdoor,Activewear,XL,silver,3820.8,3601.87
788,HanoiStreet RP-76,Outdoor,Activewear,S,pink,3820.8,2436.14
789,HanoiStreet RP-77,Outdoor,Activewear,M,yellow,2708.37,2535.31
790,HanoiStreet RP-78,Outdoor,Activewear,L,red,2708.37,1879.34
791,HanoiStreet RP-79,Outdoor,Activewear,XL,black,811.89,584.96
792,HanoiStreet RP-80,Outdoor,Activewear,S,orange,811.89,649.27
793,HanoiStreet RP-81,Outdoor,Activewear,M,blue,1012.76,643.51
794,HanoiStreet RP-82,Outdoor,Activewear,L,white,1012.76,962.12
795,HanoiStreet RP-83,Outdoor,Activewear,XL,purple,3338.27,1832.04
796,HanoiStreet RP-84,Outdoor,Activewear,S,green,3338.27,3052.85
2204,VietMotion RP-01,Outdoor,Activewear,S,white,1771.1,1588.5
2205,VietMotion RP-02,Outdoor,Activewear,M,purple,1771.1,1682.55
2206,VietMotion RP-03,Outdoor,Activewear,L,green,1254.47,700.87
2207,VietMotion RP-04,Outdoor,Activewear,XL,silver,1254.47,1191.75
2208,VietMotion RP-05,Outdoor,Activewear,S,pink,25.41,16.14
2209,VietMotion RP-06,Outdoor,Activewear,M,yellow,41.61,24.93
2210,VietMotion RP-07,Outdoor,Activewear,L,red,1290.87,908.0
2211,VietMotion RP-08,Outdoor,Activewear,XL,black,1290.87,790.92
2212,VietMotion RP-09,Outdoor,Activewear,S,orange,1075.95,854.52
2213,VietMotion RP-10,Outdoor,Activewear,M,blue,1075.95,753.7
2214,VietMotion RP-11,Outdoor,Activewear,L,white,4408.76,4188.32
2215,VietMotion RP-12,Outdoor,Activewear,XL,purple,4408.76,3776.98
2216,VietMotion RP-13,Outdoor,Activewear,S,green,24.4,14.02
2217,VietMotion RP-14,Outdoor,Activewear,M,silver,16.09,10.25
2218,VietMotion RP-15,Outdoor,Activewear,L,pink,1768.3,1081.85
2219,VietMotion RP-16,Outdoor,Activewear,XL,yellow,1768.3,1679.88
2220,VietMotion RP-17,Outdoor,Activewear,S,red,17.27,10.27
2221,VietMotion RP-18,Outdoor,Activewear,M,black,33.76,20.31
2222,VietMotion RP-19,Outdoor,Activewear,L,orange,2772.16,1759.21
2223,VietMotion RP-20,Outdoor,Activewear,XL,blue,2772.16,2178.92
2224,VietMotion RP-21,Outdoor,Activewear,S,white,768.18,443.24
2225,VietMotion RP-22,Outdoor,Activewear,M,purple,768.18,444.85
2226,VietMotion RP-23,Outdoor,Activewear,L,green,3905.37,3541.78
2227,VietMotion RP-24,Outdoor,Activewear,XL,silver,3905.37,3396.11
2228,VietMotion RP-25,Outdoor,Activewear,S,pink,36.74,21.53
2229,VietMotion RP-26,Outdoor,Activewear,M,yellow,23.06,14.05
2230,VietMotion RP-27,Outdoor,Activewear,L,red,42.75,24.21
2231,VietMotion RP-28,Outdoor,Activewear,XL,black,17.04,10.04
2232,VietMotion RP-29,Outdoor,Activewear,S,orange,32.25,20.86
2233,VietMotion RP-30,Outdoor,Activewear,M,blue,20.4,11.75
2234,VietMotion RP-31,Outdoor,Activewear,L,white,815.46,609.07
2235,VietMotion RP-32,Outdoor,Activewear,XL,purple,815.46,614.04
2236,VietMotion RP-33,Outdoor,Activewear,S,green,2193.03,1526.79
2237,VietMotion RP-34,Outdoor,Activewear,M,silver,2193.03,1336.65
2238,VietMotion RP-35,Outdoor,Activewear,L,pink,1546.07,846.47
2239,VietMotion RP-36,Outdoor,Activewear,XL,yellow,1546.07,1225.11
2240,VietMotion RP-37,Outdoor,Activewear,S,red,1070.21,1005.35
2241,VietMotion RP-38,Outdoor,Activewear,M,black,1070.21,622.65
2242,VietMotion RP-39,Outdoor,Activewear,L,orange,25.51,15.71
2243,VietMotion RP-40,Outdoor,Activewear,XL,blue,33.75,19.66
2244,VietMotion RP-41,Outdoor,Activewear,S,white,23.47,14.73
2245,VietMotion RP-42,Outdoor,Activewear,M,purple,28.39,15.99
2246,VietMotion RP-43,Outdoor,Activewear,L,green,1574.37,1030.74
2247,VietMotion RP-44,Outdoor,Activewear,XL,silver,1574.37,850.16
2248,VietMotion RP-45,Outdoor,Activewear,S,pink,49.53,32.04
2249,VietMotion RP-46,Outdoor,Activewear,M,yellow,26.29,15.65
2250,VietMotion RP-47,Outdoor,Activewear,L,red,1511.37,944.46
2251,VietMotion RP-48,Outdoor,Activewear,XL,black,1511.37,1150.61
2252,VietMotion RP-49,Outdoor,Activewear,S,orange,1621.55,1087.41
2253,VietMotion RP-50,Outdoor,Activewear,M,blue,1621.55,1250.87
2254,VietMotion RP-51,Outdoor,Activewear,L,white,715.6,486.68
2255,VietMotion RP-52,Outdoor,Activewear,XL,purple,715.6,679.82
2256,VietMotion RP-53,Outdoor,Activewear,S,green,46.26,26.53
2257,VietMotion RP-54,Outdoor,Activewear,M,silver,21.08,11.75
2258,VietMotion RP-55,Outdoor,Activewear,L,pink,40.93,23.21
2259,VietMotion RP-56,Outdoor,Activewear,XL,yellow,58.95,35.48
2260,VietMotion RP-57,Outdoor,Activewear,S,red,12.32,7.19
2261,VietMotion RP-58,Outdoor,Activewear,M,black,24.08,15.24
2262,VietMotion RP-59,Outdoor,Activewear,L,orange,3918.24,3722.33
2263,VietMotion RP-60,Outdoor,Activewear,XL,blue,3918.24,3722.33
2264,VietMotion RP-61,Outdoor,Activewear,S,white,41.71,24.74
2265,VietMotion RP-62,Outdoor,Activewear,M,purple,30.53,17.55
2266,VietMotion RP-63,Outdoor,Activewear,L,green,38.42,23.5
2267,VietMotion RP-64,Outdoor,Activewear,XL,silver,26.01,16.14
46,DragonWear RP-01,Outdoor,Activewear,L,green,34.28,19.43
47,DragonWear RP-02,Outdoor,Activewear,XL,silver,31.12,17.64
48,DragonWear RP-03,Outdoor,Activewear,S,pink,786.87,404.29
49,DragonWear RP-04,Outdoor,Activewear,M,yellow,786.87,401.85
50,DragonWear RP-05,Outdoor,Activewear,L,red,52.83,29.25
51,DragonWear RP-06,Outdoor,Activewear,XL,black,36.66,22.86
52,DragonWear RP-07,Outdoor,Activewear,S,orange,4094.37,3531.8
53,DragonWear RP-08,Outdoor,Activewear,M,blue,4094.37,3586.67
54,DragonWear RP-09,Outdoor,Activewear,L,white,4890.19,3904.32
55,DragonWear RP-10,Outdoor,Activewear,XL,purple,4890.19,4645.68
56,DragonWear RP-11,Outdoor,Activewear,S,green,3676.28,3492.47
57,DragonWear RP-12,Outdoor,Activewear,M,silver,3676.28,3492.47
58,DragonWear RP-13,Outdoor,Activewear,L,pink,4325.34,3115.11
59,DragonWear RP-14,Outdoor,Activewear,XL,yellow,4325.34,3585.71
60,DragonWear RP-15,Outdoor,Activewear,S,red,4703.16,4129.84
61,DragonWear RP-16,Outdoor,Activewear,M,black,4703.16,3495.39
62,DragonWear RP-17,Outdoor,Activewear,L,orange,4800.53,2974.41
63,DragonWear RP-18,Outdoor,Activewear,XL,blue,4800.53,4293.12
64,DragonWear RP-19,Outdoor,Activewear,S,white,3779.37,3590.4
65,DragonWear RP-20,Outdoor,Activewear,M,purple,3779.37,3427.13
66,DragonWear RP-21,Outdoor,Activewear,L,green,5043.4,4791.23
67,DragonWear RP-22,Outdoor,Activewear,XL,silver,5043.4,4436.18
213,LotusWear RP-01,Outdoor,Activewear,M,blue,37.9,23.36
214,LotusWear RP-02,Outdoor,Activewear,L,white,28.09,16.78
215,LotusWear RP-03,Outdoor,Activewear,XL,purple,27.25,17.29
216,LotusWear RP-04,Outdoor,Activewear,S,green,27.85,17.56
217,LotusWear RP-05,Outdoor,Activewear,M,silver,38.78,23.6
218,LotusWear RP-06,Outdoor,Activewear,L,pink,27.98,17.82
219,LotusWear RP-07,Outdoor,Activewear,XL,yellow,37.19,21.22
220,LotusWear RP-08,Outdoor,Activewear,S,red,75.96,42.63
221,LotusWear RP-09,Outdoor,Activewear,M,black,46.92,27.07
222,LotusWear RP-10,Outdoor,Activewear,L,orange,29.07,16.15
392,SaigonFlex RP-01,Outdoor,Activewear,S,orange,6126.75,5820.41
393,SaigonFlex RP-02,Outdoor,Activewear,M,blue,6126.75,5586.98
1055,MekongFit RP-01,Outdoor,Activewear,XL,purple,755.37,717.6
1056,MekongFit RP-02,Outdoor,Activewear,S,green,755.37,662.69
1057,MekongFit RP-03,Outdoor,Activewear,M,silver,1607.82,1036.88
1058,MekongFit RP-04,Outdoor,Activewear,L,pink,1607.82,1527.43
1059,MekongFit RP-05,Outdoor,Activewear,XL,yellow,1979.36,1058.36
1060,MekongFit RP-06,Outdoor,Activewear,S,red,1979.36,1361.8
1061,MekongFit RP-07,Outdoor,Activewear,M,black,1800.5,1624.23
1062,MekongFit RP-08,Outdoor,Activewear,L,orange,1800.5,1710.47
1063,MekongFit RP-09,Outdoor,Activewear,XL,blue,1960.24,1862.23
1064,MekongFit RP-10,Outdoor,Activewear,S,white,1960.24,1605.83
1065,MekongFit RP-11,Outdoor,Activewear,M,purple,3731.97,2473.18
1066,MekongFit RP-12,Outdoor,Activewear,L,green,3731.97,3311.01
1067,MekongFit RP-13,Outdoor,Activewear,XL,silver,4881.87,4623.62
1068,MekongFit RP-14,Outdoor,Activewear,S,pink,4881.87,4637.78
1069,MekongFit RP-15,Outdoor,Activewear,M,yellow,1889.37,1137.59
1070,MekongFit RP-16,Outdoor,Activewear,L,red,1889.37,1530.77
1071,MekongFit RP-17,Outdoor,Activewear,XL,black,53.54,32.29
1072,MekongFit RP-18,Outdoor,Activewear,S,orange,28.13,18.1
1073,MekongFit RP-19,Outdoor,Activewear,M,blue,2834.37,2692.65
1074,MekongFit RP-20,Outdoor,Activewear,L,white,2834.37,2536.48
1075,MekongFit RP-21,Outdoor,Activewear,XL,purple,3114.11,1652.03
1076,MekongFit RP-22,Outdoor,Activewear,S,green,3114.11,2258.66
1077,MekongFit RP-23,Outdoor,Activewear,M,silver,4317.6,4101.72
1078,MekongFit RP-24,Outdoor,Activewear,L,pink,4317.6,3338.37
1079,MekongFit RP-25,Outdoor,Activewear,XL,yellow,3149.37,2125.82
1080,MekongFit RP-26,Outdoor,Activewear,S,red,3149.37,2653.97
1081,MekongFit RP-27,Outdoor,Activewear,M,black,2782.73,2487.2
1082,MekongFit RP-28,Outdoor,Activewear,L,orange,2782.73,2043.92
1083,MekongFit RP-29,Outdoor,Activewear,XL,blue,14.65,8.12
1084,MekongFit RP-30,Outdoor,Activewear,S,white,22.13,12.44
1085,MekongFit RP-31,Outdoor,Activewear,M,purple,1139.5,895.88
1086,MekongFit RP-32,Outdoor,Activewear,L,green,1139.5,846.31
1087,MekongFit RP-33,Outdoor,Activewear,XL,silver,3432.87,2542.73
1088,MekongFit RP-34,Outdoor,Activewear,S,pink,3432.87,2650.18
1089,MekongFit RP-35,Outdoor,Activewear,M,yellow,4610.97,2548.02
1090,MekongFit RP-36,Outdoor,Activewear,L,red,4610.97,4380.42
1091,MekongFit RP-37,Outdoor,Activewear,XL,black,2116.29,1165.23
1092,MekongFit RP-38,Outdoor,Activewear,S,orange,2116.29,1846.67
1093,MekongFit RP-39,Outdoor,Activewear,M,blue,711.03,525.02
1094,MekongFit RP-40,Outdoor,Activewear,L,white,711.03,608.21
1095,MekongFit RP-41,Outdoor,Activewear,XL,purple,1480.69,1383.12
1096,MekongFit RP-42,Outdoor,Activewear,S,green,1480.69,873.76
1097,MekongFit RP-43,Outdoor,Activewear,M,silver,3724.01,3064.12
1098,MekongFit RP-44,Outdoor,Activewear,L,pink,3724.01,3151.63
1099,MekongFit RP-45,Outdoor,Activewear,XL,yellow,497.07,249.28
1100,MekongFit RP-46,Outdoor,Activewear,S,red,497.07,346.31
1101,MekongFit RP-47,Outdoor,Activewear,M,black,2676.87,1384.74
1102,MekongFit RP-48,Outdoor,Activewear,L,orange,2676.87,2543.03
1103,MekongFit RP-49,Outdoor,Activewear,XL,blue,1792.7,1145.9
1104,MekongFit RP-50,Outdoor,Activewear,S,white,1792.7,1703.07
1105,MekongFit RP-51,Outdoor,Activewear,M,purple,3028.62,2877.19
1106,MekongFit RP-52,Outdoor,Activewear,L,green,3028.62,2278.43
1107,MekongFit RP-53,Outdoor,Activewear,XL,silver,1920.87,1824.83
1108,MekongFit RP-54,Outdoor,Activewear,S,pink,1920.87,1074.15
1109,MekongFit RP-55,Outdoor,Activewear,M,yellow,2555.29,2320.71
1110,MekongFit RP-56,Outdoor,Activewear,L,red,2555.29,2427.52
1111,MekongFit RP-57,Outdoor,Activewear,XL,black,1422.87,1286.28
1112,MekongFit RP-58,Outdoor,Activewear,S,orange,1422.87,1014.22
1732,SaigonCore RP-01,Outdoor,Activewear,S,orange,5354.37,5086.65
1733,SaigonCore RP-02,Outdoor,Activewear,M,blue,5354.37,3965.45
1734,SaigonCore RP-03,Outdoor,Activewear,L,white,5398.47,3692.01
1735,SaigonCore RP-04,Outdoor,Activewear,XL,purple,5398.47,3275.79
1736,SaigonCore RP-05,Outdoor,Activewear,S,green,15.67,9.33
1737,SaigonCore RP-06,Outdoor,Activewear,M,silver,28.77,18.51
1738,SaigonCore RP-07,Outdoor,Activewear,L,pink,33.36,19.4
1739,SaigonCore RP-08,Outdoor,Activewear,XL,yellow,64.75,38.9
1740,SaigonCore RP-09,Outdoor,Activewear,S,red,5414.74,3403.17
1741,SaigonCore RP-10,Outdoor,Activewear,M,black,5414.74,5144.01
1742,SaigonCore RP-11,Outdoor,Activewear,L,orange,3464.37,2540.42
1743,SaigonCore RP-12,Outdoor,Activewear,XL,blue,3464.37,3142.18
1744,SaigonCore RP-13,Outdoor,Activewear,S,white,5217.51,4956.63
1745,SaigonCore RP-14,Outdoor,Activewear,M,purple,5217.51,3797.3
1926,UrbanVN RP-01,Outdoor,Activewear,L,green,1137.86,1058.44
1927,UrbanVN RP-02,Outdoor,Activewear,XL,silver,1137.86,1080.97
1928,UrbanVN RP-03,Outdoor,Activewear,S,pink,37.74,20.91
1929,UrbanVN RP-04,Outdoor,Activewear,M,yellow,30.34,17.14
1930,UrbanVN RP-05,Outdoor,Activewear,L,red,46.14,29.93
1931,UrbanVN RP-06,Outdoor,Activewear,XL,black,13.67,8.84
1932,UrbanVN RP-07,Outdoor,Activewear,S,orange,5291.37,2847.29
1933,UrbanVN RP-08,Outdoor,Activewear,M,blue,5291.37,3064.23
1934,UrbanVN RP-09,Outdoor,Activewear,L,white,1609.91,1337.84
1935,UrbanVN RP-10,Outdoor,Activewear,XL,purple,1609.91,1048.7
1936,UrbanVN RP-11,Outdoor,Activewear,S,green,3441.1,2500.64
1937,UrbanVN RP-12,Outdoor,Activewear,M,silver,3441.1,3269.04
1938,UrbanVN RP-13,Outdoor,Activewear,L,pink,3527.37,3268.46
1939,UrbanVN RP-14,Outdoor,Activewear,XL,yellow,3527.37,1933.0
1940,UrbanVN RP-15,Outdoor,Activewear,S,red,2011.36,1582.33
1941,UrbanVN RP-16,Outdoor,Activewear,M,black,2011.36,1626.18
1942,UrbanVN RP-17,Outdoor,Activewear,L,orange,1482.0,1407.9
1943,UrbanVN RP-18,Outdoor,Activewear,XL,blue,1482.0,1063.78
1944,UrbanVN RP-19,Outdoor,Activewear,S,white,36.39,20.03
1945,UrbanVN RP-20,Outdoor,Activewear,M,purple,45.08,29.08
1946,UrbanVN RP-21,Outdoor,Activewear,L,green,3369.87,2625.47
1947,UrbanVN RP-22,Outdoor,Activewear,XL,silver,3369.87,2821.26
1948,UrbanVN RP-23,Outdoor,Activewear,S,pink,3728.77,2971.09
1949,UrbanVN RP-24,Outdoor,Activewear,M,yellow,3728.77,2876.75
1950,UrbanVN RP-25,Outdoor,Activewear,L,red,4031.37,3108.59
1951,UrbanVN RP-26,Outdoor,Activewear,XL,black,4031.37,3130.36
1952,UrbanVN RP-27,Outdoor,Activewear,S,orange,18.33,11.25
1953,UrbanVN RP-28,Outdoor,Activewear,M,blue,52.33,33.32
1954,UrbanVN RP-29,Outdoor,Activewear,L,white,37.92,22.58
1955,UrbanVN RP-30,Outdoor,Activewear,XL,purple,28.05,16.87
1956,UrbanVN RP-31,Outdoor,Activewear,S,green,42.65,25.54
1957,UrbanVN RP-32,Outdoor,Activewear,M,silver,82.13,50.65
1958,UrbanVN RP-33,Outdoor,Activewear,L,pink,944.37,860.23
1959,UrbanVN RP-34,Outdoor,Activewear,XL,yellow,944.37,782.22
1960,UrbanVN RP-35,Outdoor,Activewear,S,red,1177.47,615.82
1961,UrbanVN RP-36,Outdoor,Activewear,M,black,1177.47,861.91
1962,UrbanVN RP-37,Outdoor,Activewear,L,orange,1794.87,1680.54
1963,UrbanVN RP-38,Outdoor,Activewear,XL,blue,1794.87,1050.36
1964,UrbanVN RP-39,Outdoor,Activewear,S,white,1070.37,1016.85
1965,UrbanVN RP-40,Outdoor,Activewear,M,purple,1070.37,1016.85
1966,UrbanVN RP-41,Outdoor,Activewear,L,green,2939.73,1892.01
1967,UrbanVN RP-42,Outdoor,Activewear,XL,silver,2939.73,2792.74
1968,UrbanVN RP-43,Outdoor,Activewear,S,pink,2865.87,2722.58
1969,UrbanVN RP-44,Outdoor,Activewear,M,yellow,2865.87,2094.66
1970,UrbanVN RP-45,Outdoor,Activewear,L,red,35.61,20.09
1971,UrbanVN RP-46,Outdoor,Activewear,XL,black,36.57,20.22
1972,UrbanVN RP-47,Outdoor,Activewear,S,orange,27.56,16.0
1973,UrbanVN RP-48,Outdoor,Activewear,M,blue,23.57,14.63
1974,UrbanVN RP-49,Outdoor,Activewear,L,white,692.31,657.69
1975,UrbanVN RP-50,Outdoor,Activewear,XL,purple,692.31,657.69
1976,UrbanVN RP-51,Outdoor,Activewear,S,green,46.16,26.32
1977,UrbanVN RP-52,Outdoor,Activewear,M,silver,23.51,14.52
1978,UrbanVN RP-53,Outdoor,Activewear,L,pink,3185.16,1873.83
1979,UrbanVN RP-54,Outdoor,Activewear,XL,yellow,3185.16,1959.83
1980,UrbanVN RP-55,Outdoor,Activewear,S,red,2026.08,1593.31
1981,UrbanVN RP-56,Outdoor,Activewear,M,black,2026.08,1031.07
2108,PhoenixWear RP-01,Outdoor,Activewear,S,pink,34.08,22.05
2109,PhoenixWear RP-02,Outdoor,Activewear,M,yellow,27.36,15.3
1309,VietMode RP-01,Outdoor,Activewear,M,yellow,3195.99,3036.19
1310,VietMode RP-02,Outdoor,Activewear,L,red,3195.99,1813.72
1311,VietMode RP-03,Outdoor,Activewear,XL,black,40.11,24.76
1312,VietMode RP-04,Outdoor,Activewear,S,orange,37.84,22.49
1313,VietMode RP-05,Outdoor,Activewear,M,blue,3630.63,2266.97
1314,VietMode RP-06,Outdoor,Activewear,L,white,3630.63,3449.1
1315,VietMode RP-07,Outdoor,Activewear,XL,purple,4409.28,2546.8
1316,VietMode RP-08,Outdoor,Activewear,S,green,4409.28,4104.16
1317,VietMode RP-09,Outdoor,Activewear,M,silver,3944.04,3586.71
1318,VietMode RP-10,Outdoor,Activewear,L,pink,3944.04,2028.02
1319,VietMode RP-11,Outdoor,Activewear,XL,yellow,4481.56,2574.21
1320,VietMode RP-12,Outdoor,Activewear,S,red,4481.56,4257.48
1321,VietMode RP-13,Outdoor,Activewear,M,black,50.15,31.94
1322,VietMode RP-14,Outdoor,Activewear,L,orange,27.0,15.33
1323,VietMode RP-15,Outdoor,Activewear,XL,blue,29.73,18.41
1324,VietMode RP-16,Outdoor,Activewear,S,white,22.39,14.19
1325,VietMode RP-17,Outdoor,Activewear,M,purple,4781.39,2627.85
1326,VietMode RP-18,Outdoor,Activewear,L,green,4781.39,4542.32
1327,VietMode RP-19,Outdoor,Activewear,XL,silver,27.72,17.87
1328,VietMode RP-20,Outdoor,Activewear,S,pink,38.51,23.81
1329,VietMode RP-21,Outdoor,Activewear,M,yellow,1652.26,1569.65
1330,VietMode RP-22,Outdoor,Activewear,L,red,1652.26,846.62
1331,VietMode RP-23,Outdoor,Activewear,XL,black,5140.9,4883.86
1332,VietMode RP-24,Outdoor,Activewear,S,orange,5140.9,2764.78
1333,VietMode RP-25,Outdoor,Activewear,M,blue,44.83,26.88
1334,VietMode RP-26,Outdoor,Activewear,L,white,22.9,14.01
1335,VietMode RP-27,Outdoor,Activewear,XL,purple,4912.74,3845.69
1336,VietMode RP-28,Outdoor,Activewear,S,green,4912.74,4197.94
1337,VietMode RP-29,Outdoor,Activewear,M,silver,46.89,29.86
1338,VietMode RP-30,Outdoor,Activewear,L,pink,56.95,34.57
1339,VietMode RP-31,Outdoor,Activewear,XL,yellow,2933.64,1483.54
1340,VietMode RP-32,Outdoor,Activewear,S,red,2933.64,2571.34
1341,VietMode RP-33,Outdoor,Activewear,M,black,3970.81,3772.27
1342,VietMode RP-34,Outdoor,Activewear,L,orange,3970.81,3772.27
1343,VietMode RP-35,Outdoor,Activewear,XL,blue,3883.17,3069.26
1344,VietMode RP-36,Outdoor,Activewear,S,white,3883.17,2469.31
1345,VietMode RP-37,Outdoor,Activewear,M,purple,3778.74,2908.87
1346,VietMode RP-38,Outdoor,Activewear,L,green,3778.74,3499.87
1347,VietMode RP-39,Outdoor,Activewear,XL,silver,3892.45,3697.83
1348,VietMode RP-40,Outdoor,Activewear,S,pink,3892.45,3079.71
1349,VietMode RP-41,Outdoor,Activewear,M,yellow,4740.95,4172.51
1350,VietMode RP-42,Outdoor,Activewear,L,red,4740.95,4503.9
1351,VietMode RP-43,Outdoor,Activewear,XL,black,3944.34,3610.25
1352,VietMode RP-44,Outdoor,Activewear,S,orange,3944.34,3006.77
1353,VietMode RP-45,Outdoor,Activewear,M,blue,4440.24,3652.1
1354,VietMode RP-46,Outdoor,Activewear,L,white,4440.24,2478.54
1355,VietMode RP-47,Outdoor,Activewear,XL,purple,39.07,21.61
1356,VietMode RP-48,Outdoor,Activewear,S,green,70.16,45.12
1357,VietMode RP-49,Outdoor,Activewear,M,silver,6070.52,3428.63
1358,VietMode RP-50,Outdoor,Activewear,L,pink,6070.52,5023.35
1359,VietMode RP-51,Outdoor,Activewear,XL,yellow,4629.24,2730.79
1360,VietMode RP-52,Outdoor,Activewear,S,red,4629.24,4397.78
1361,VietMode RP-53,Outdoor,Activewear,M,black,4524.5,2532.36
1362,VietMode RP-54,Outdoor,Activewear,L,orange,4524.5,4298.28
1363,VietMode RP-55,Outdoor,Activewear,XL,blue,2455.74,2220.97
1364,VietMode RP-56,Outdoor,Activewear,S,white,2455.74,1855.31
1365,VietMode RP-57,Outdoor,Activewear,M,purple,24.3,15.04
1366,VietMode RP-58,Outdoor,Activewear,L,green,20.13,12.43
1367,VietMode RP-59,Outdoor,Activewear,XL,silver,16.26,9.29
1368,VietMode RP-60,Outdoor,Activewear,S,pink,60.24,37.1
1369,VietMode RP-61,Outdoor,Activewear,M,yellow,5983.85,5684.66
1370,VietMode RP-62,Outdoor,Activewear,L,red,5983.85,3805.73
1371,VietMode RP-63,Outdoor,Activewear,XL,black,43.02,25.36
1372,VietMode RP-64,Outdoor,Activewear,S,orange,32.39,19.92
1373,VietMode RP-65,Outdoor,Activewear,M,blue,3841.74,3307.74
1374,VietMode RP-66,Outdoor,Activewear,L,white,3841.74,3561.68
1375,VietMode RP-67,Outdoor,Activewear,XL,purple,5807.17,5516.81
1376,VietMode RP-68,Outdoor,Activewear,S,green,5807.17,3354.22
1377,VietMode RP-69,Outdoor,Activewear,M,silver,37.04,20.77
1378,VietMode RP-70,Outdoor,Activewear,L,pink,21.11,13.0
1379,VietMode RP-71,Outdoor,Activewear,XL,yellow,3967.74,3426.54
1380,VietMode RP-72,Outdoor,Activewear,S,red,3967.74,3769.35
1381,VietMode RP-73,Outdoor,Activewear,M,black,4473.84,4250.15
1382,VietMode RP-74,Outdoor,Activewear,L,orange,4473.84,2538.9
1383,VietMode RP-75,Outdoor,Activewear,XL,blue,4080.62,2290.04
1384,VietMode RP-76,Outdoor,Activewear,S,white,4080.62,3104.12
1385,VietMode RP-77,Outdoor,Activewear,M,purple,4156.74,2845.29
1386,VietMode RP-78,Outdoor,Activewear,L,green,4156.74,3322.48
1387,VietMode RP-79,Outdoor,Activewear,XL,silver,4471.74,4248.15
1388,VietMode RP-80,Outdoor,Activewear,S,pink,4471.74,4248.15
1389,VietMode RP-81,Outdoor,Activewear,M,yellow,4912.74,3875.17
1390,VietMode RP-82,Outdoor,Activewear,L,red,4912.74,3997.01
1391,VietMode RP-83,Outdoor,Activewear,XL,black,2068.32,1416.8
1392,VietMode RP-84,Outdoor,Activewear,S,orange,2068.32,1296.42
1393,VietMode RP-85,Outdoor,Activewear,M,blue,4564.07,2666.33
1394,VietMode RP-86,Outdoor,Activewear,L,white,4564.07,3732.95
1395,VietMode RP-87,Outdoor,Activewear,XL,purple,4629.24,3204.36
1396,VietMode RP-88,Outdoor,Activewear,S,green,4629.24,2849.3
1397,VietMode RP-89,Outdoor,Activewear,M,silver,4178.16,3969.25
1398,VietMode RP-90,Outdoor,Activewear,L,pink,4178.16,3876.5
1399,VietMode RP-91,Outdoor,Activewear,XL,yellow,88.08,57.25
1400,VietMode RP-92,Outdoor,Activewear,S,red,34.87,19.35
1401,VietMode RP-93,Outdoor,Activewear,M,black,4771.62,3444.16
1402,VietMode RP-94,Outdoor,Activewear,L,orange,4771.62,4533.04
1403,VietMode RP-95,Outdoor,Activewear,XL,blue,34.6,22.41
1404,VietMode RP-96,Outdoor,Activewear,S,white,44.27,26.15
1405,VietMode RP-97,Outdoor,Activewear,M,purple,4692.24,4457.63
1406,VietMode RP-98,Outdoor,Activewear,L,green,4692.24,2373.8
1407,VietMode RP-99,Outdoor,Activewear,XL,silver,5076.21,4041.17
1408,VietMode RP-00,Outdoor,Activewear,S,pink,5076.21,4212.24
1409,VietMode RP-01,Outdoor,Activewear,M,yellow,1233.54,878.03
1410,VietMode RP-02,Outdoor,Activewear,L,red,1233.54,706.94
1411,VietMode RP-03,Outdoor,Activewear,XL,black,3054.87,2843.78
1412,VietMode RP-04,Outdoor,Activewear,S,orange,3054.87,1714.09
1413,VietMode RP-05,Outdoor,Activewear,M,blue,4678.33,4099.62
1414,VietMode RP-06,Outdoor,Activewear,L,white,4678.33,4444.42
1415,VietMode RP-07,Outdoor,Activewear,XL,purple,5668.74,3382.54
1416,VietMode RP-08,Outdoor,Activewear,S,green,5668.74,4769.68
1417,VietMode RP-09,Outdoor,Activewear,M,silver,3778.74,1940.76
1418,VietMode RP-10,Outdoor,Activewear,L,pink,3778.74,2748.28
1419,VietMode RP-11,Outdoor,Activewear,XL,yellow,5669.15,4481.46
1420,VietMode RP-12,Outdoor,Activewear,S,red,5669.15,5128.31
1421,VietMode RP-13,Outdoor,Activewear,M,black,5164.74,3993.89
1422,VietMode RP-14,Outdoor,Activewear,L,orange,5164.74,3624.1
1423,VietMode RP-15,Outdoor,Activewear,XL,blue,4409.37,3329.52
1424,VietMode RP-16,Outdoor,Activewear,S,white,4409.37,4188.9
1425,VietMode RP-17,Outdoor,Activewear,M,purple,3680.24,2233.54
1426,VietMode RP-18,Outdoor,Activewear,L,green,3680.24,1877.29
1427,VietMode RP-19,Outdoor,Activewear,XL,silver,40.14,25.57
1428,VietMode RP-20,Outdoor,Activewear,S,pink,36.22,22.75
1429,VietMode RP-21,Outdoor,Activewear,M,yellow,3603.83,2048.42
1430,VietMode RP-22,Outdoor,Activewear,L,red,3603.83,2923.07
1431,VietMode RP-23,Outdoor,Activewear,XL,black,4093.74,2673.21
1432,VietMode RP-24,Outdoor,Activewear,S,orange,4093.74,3889.05
1433,VietMode RP-25,Outdoor,Activewear,M,blue,4346.33,4129.01
1434,VietMode RP-26,Outdoor,Activewear,L,white,4346.33,2982.89
1435,VietMode RP-27,Outdoor,Activewear,XL,purple,4004.84,3125.38
1436,VietMode RP-28,Outdoor,Activewear,S,green,4004.84,2924.74
1437,VietMode RP-29,Outdoor,Activewear,M,silver,24.14,14.64
1438,VietMode RP-30,Outdoor,Activewear,L,pink,39.99,24.95
1439,VietMode RP-31,Outdoor,Activewear,XL,yellow,4425.07,2278.91
1440,VietMode RP-32,Outdoor,Activewear,S,red,4425.07,4203.82
1441,VietMode RP-33,Outdoor,Activewear,M,black,5598.43,3174.87
1442,VietMode RP-34,Outdoor,Activewear,L,orange,5598.43,3566.2
1443,VietMode RP-35,Outdoor,Activewear,XL,blue,1348.78,1048.81
1444,VietMode RP-36,Outdoor,Activewear,S,white,1348.78,1281.34
1445,VietMode RP-37,Outdoor,Activewear,M,purple,70.3,44.84
1446,VietMode RP-38,Outdoor,Activewear,L,green,56.72,33.49
1447,VietMode RP-39,Outdoor,Activewear,XL,silver,1699.74,1614.75
1448,VietMode RP-40,Outdoor,Activewear,S,pink,1699.74,1242.51
1449,VietMode RP-41,Outdoor,Activewear,M,yellow,1802.12,1575.77
1450,VietMode RP-42,Outdoor,Activewear,L,red,1802.12,1309.06
1451,VietMode RP-43,Outdoor,Activewear,XL,black,4603.8,4373.61
1452,VietMode RP-44,Outdoor,Activewear,S,orange,4603.8,4373.61
1453,VietMode RP-45,Outdoor,Activewear,M,blue,4981.02,3912.59
1454,VietMode RP-46,Outdoor,Activewear,L,white,4981.02,4693.12
1455,VietMode RP-47,Outdoor,Activewear,XL,purple,62.63,36.5
1456,VietMode RP-48,Outdoor,Activewear,S,green,26.99,16.65
1457,VietMode RP-49,Outdoor,Activewear,M,silver,4912.74,4167.97
1458,VietMode RP-50,Outdoor,Activewear,L,pink,4912.74,4573.27
1459,VietMode RP-51,Outdoor,Activewear,XL,yellow,5669.05,4710.98
1460,VietMode RP-52,Outdoor,Activewear,S,red,5669.05,3895.21
1461,VietMode RP-53,Outdoor,Activewear,M,black,22.29,14.06
1462,VietMode RP-54,Outdoor,Activewear,L,orange,31.49,19.72
1463,VietMode RP-55,Outdoor,Activewear,XL,blue,3275.37,2244.28
1464,VietMode RP-56,Outdoor,Activewear,S,white,3275.37,2097.87
1465,VietMode RP-57,Outdoor,Activewear,M,purple,2802.24,1672.1
1466,VietMode RP-58,Outdoor,Activewear,L,green,2802.24,1524.14
1467,VietMode RP-59,Outdoor,Activewear,XL,silver,5448.87,5056.55
1468,VietMode RP-60,Outdoor,Activewear,S,pink,5448.87,2760.94
1469,VietMode RP-61,Outdoor,Activewear,M,yellow,5963.99,4995.44
1470,VietMode RP-62,Outdoor,Activewear,L,red,5963.99,5665.79
1471,VietMode RP-63,Outdoor,Activewear,XL,black,3202.95,2458.9
1472,VietMode RP-64,Outdoor,Activewear,S,orange,3202.95,2647.24
1473,VietMode RP-65,Outdoor,Activewear,M,blue,4111.74,2674.69
1474,VietMode RP-66,Outdoor,Activewear,L,white,4111.74,3319.0
1475,VietMode RP-67,Outdoor,Activewear,XL,purple,33.86,21.33
1476,VietMode RP-68,Outdoor,Activewear,S,green,51.3,30.45
1477,VietMode RP-69,Outdoor,Activewear,M,silver,4030.74,2267.69
1478,VietMode RP-70,Outdoor,Activewear,L,pink,4030.74,3829.2
1479,VietMode RP-71,Outdoor,Activewear,XL,yellow,4469.57,2982.54
1480,VietMode RP-72,Outdoor,Activewear,S,red,4469.57,3598.0
1481,VietMode RP-73,Outdoor,Activewear,M,black,5051.44,4798.87
1482,VietMode RP-74,Outdoor,Activewear,L,orange,5051.44,3821.92
1483,VietMode RP-75,Outdoor,Activewear,XL,blue,984.43,641.55
1484,VietMode RP-76,Outdoor,Activewear,S,white,984.43,935.21
1485,VietMode RP-77,Outdoor,Activewear,M,purple,4230.24,2410.81
1486,VietMode RP-78,Outdoor,Activewear,L,green,4230.24,4018.73
1487,VietMode RP-79,Outdoor,Activewear,XL,silver,6219.41,5908.44
1488,VietMode RP-80,Outdoor,Activewear,S,pink,6219.41,5736.16
1489,VietMode RP-81,Outdoor,Activewear,M,yellow,3248.55,2722.28
1490,VietMode RP-82,Outdoor,Activewear,L,red,3248.55,3086.12
1491,VietMode RP-83,Outdoor,Activewear,XL,black,3652.74,2082.06
1492,VietMode RP-84,Outdoor,Activewear,S,orange,3652.74,2041.52
1493,VietMode RP-85,Outdoor,Activewear,M,blue,4610.89,3650.9
1494,VietMode RP-86,Outdoor,Activewear,L,white,4610.89,2685.84
1495,VietMode RP-87,Outdoor,Activewear,XL,purple,4625.34,4394.07
1496,VietMode RP-88,Outdoor,Activewear,S,green,4625.34,2817.29
1497,VietMode RP-89,Outdoor,Activewear,M,silver,5669.37,5385.9
1498,VietMode RP-90,Outdoor,Activewear,L,pink,5669.37,3994.07
1499,VietMode RP-91,Outdoor,Activewear,XL,yellow,16.83,10.63
1500,VietMode RP-92,Outdoor,Activewear,S,red,61.06,34.32
1501,VietMode RP-93,Outdoor,Activewear,M,black,4400.34,3290.13
1502,VietMode RP-94,Outdoor,Activewear,L,orange,4400.34,2938.11
1503,VietMode RP-95,Outdoor,Activewear,XL,blue,4245.68,3343.9
1504,VietMode RP-96,Outdoor,Activewear,S,white,4245.68,3142.65
1505,VietMode RP-97,Outdoor,Activewear,M,purple,31.09,18.79
1506,VietMode RP-98,Outdoor,Activewear,L,green,27.92,15.37
1507,VietMode RP-99,Outdoor,Activewear,XL,silver,1537.09,860.31
1508,VietMode RP-00,Outdoor,Activewear,S,pink,1537.09,1460.23
1509,VietMode RP-01,Outdoor,Activewear,M,yellow,22.09,12.87
1510,VietMode RP-02,Outdoor,Activewear,L,red,17.08,10.02
1511,VietMode RP-03,Outdoor,Activewear,XL,black,4566.24,4337.93
1512,VietMode RP-04,Outdoor,Activewear,S,orange,4566.24,3794.55
1513,VietMode RP-05,Outdoor,Activewear,M,blue,4848.65,2439.36
1514,VietMode RP-06,Outdoor,Activewear,L,white,4848.65,4606.22
1515,VietMode RP-07,Outdoor,Activewear,XL,purple,46.03,27.14
1516,VietMode RP-08,Outdoor,Activewear,S,green,34.1,21.13
1517,VietMode RP-09,Outdoor,Activewear,M,silver,2317.9,1762.07
1518,VietMode RP-10,Outdoor,Activewear,L,pink,2317.9,2173.26
1519,VietMode RP-11,Outdoor,Activewear,XL,yellow,2622.89,2278.5
1520,VietMode RP-12,Outdoor,Activewear,S,red,2622.89,2491.75
1521,VietMode RP-13,Outdoor,Activewear,M,black,6298.74,4021.75
1522,VietMode RP-14,Outdoor,Activewear,L,orange,6298.74,5983.8
1523,VietMode RP-15,Outdoor,Activewear,XL,blue,4011.27,3810.71
1524,VietMode RP-16,Outdoor,Activewear,S,white,4011.27,2500.23
1525,VietMode RP-17,Outdoor,Activewear,M,purple,19.77,11.64
1526,VietMode RP-18,Outdoor,Activewear,L,green,19.73,11.73
1527,VietMode RP-19,Outdoor,Activewear,XL,silver,4448.67,4226.23
1528,VietMode RP-20,Outdoor,Activewear,S,pink,4448.67,3015.75
1529,VietMode RP-21,Outdoor,Activewear,M,yellow,4668.84,4435.4
1530,VietMode RP-22,Outdoor,Activewear,L,red,4668.84,3285.46
1531,VietMode RP-23,Outdoor,Activewear,XL,black,5354.37,2882.26
1532,VietMode RP-24,Outdoor,Activewear,S,orange,5354.37,5086.65
1533,VietMode RP-25,Outdoor,Activewear,M,blue,28.95,16.61
1534,VietMode RP-26,Outdoor,Activewear,L,white,64.56,37.92
1535,VietMode RP-27,Outdoor,Activewear,XL,purple,29.85,17.1
1536,VietMode RP-28,Outdoor,Activewear,S,green,18.15,10.12
1537,VietMode RP-29,Outdoor,Activewear,M,silver,30.02,18.32
1538,VietMode RP-30,Outdoor,Activewear,L,pink,29.69,18.32
1539,VietMode RP-31,Outdoor,Activewear,XL,yellow,4534.74,4308.0
1540,VietMode RP-32,Outdoor,Activewear,S,red,4534.74,2815.62
1541,VietMode RP-33,Outdoor,Activewear,M,black,4865.72,4089.64
1542,VietMode RP-34,Outdoor,Activewear,L,orange,4865.72,4294.0
1543,VietMode RP-35,Outdoor,Activewear,XL,blue,4093.74,2254.01
1544,VietMode RP-36,Outdoor,Activewear,S,white,4093.74,3134.58
1545,VietMode RP-37,Outdoor,Activewear,M,purple,4695.1,2763.54
1546,VietMode RP-38,Outdoor,Activewear,L,green,4695.1,3569.69
1547,VietMode RP-39,Outdoor,Activewear,XL,silver,4241.65,3226.63
1548,VietMode RP-40,Outdoor,Activewear,S,pink,4241.65,3493.0
1549,VietMode RP-41,Outdoor,Activewear,M,yellow,5038.74,4786.8
1550,VietMode RP-42,Outdoor,Activewear,L,red,5038.74,2568.25
1551,VietMode RP-43,Outdoor,Activewear,XL,black,5038.74,4786.8
1552,VietMode RP-44,Outdoor,Activewear,S,orange,5038.74,4378.16
1553,VietMode RP-45,Outdoor,Activewear,M,blue,11.26,6.89
1554,VietMode RP-46,Outdoor,Activewear,L,white,32.4,19.32
1555,VietMode RP-47,Outdoor,Activewear,XL,purple,3716.37,2789.88
1556,VietMode RP-48,Outdoor,Activewear,S,green,3716.37,3061.17
1557,VietMode RP-49,Outdoor,Activewear,M,silver,5479.74,3912.53
1558,VietMode RP-50,Outdoor,Activewear,L,pink,5479.74,5205.75
1559,VietMode RP-51,Outdoor,Activewear,XL,yellow,4556.32,4328.51
1560,VietMode RP-52,Outdoor,Activewear,S,red,4556.32,3423.17
1561,VietMode RP-53,Outdoor,Activewear,M,black,4970.07,4721.57
1562,VietMode RP-54,Outdoor,Activewear,L,orange,4970.07,2879.66
1233,VietMode MP-01,Casual,Activewear,M,blue,30.19,17.75
1234,VietMode MP-02,Casual,Activewear,L,white,43.75,27.84
1235,VietMode MP-03,Casual,Activewear,XL,purple,5794.74,5505.0
1236,VietMode MP-04,Casual,Activewear,S,green,5794.74,4156.57
1237,VietMode MP-05,Casual,Activewear,M,silver,69.38,41.76
1238,VietMode MP-06,Casual,Activewear,L,pink,51.97,31.07
1239,VietMode MP-07,Casual,Activewear,XL,yellow,5669.37,3362.5
1240,VietMode MP-08,Casual,Activewear,S,red,5669.37,5385.9
1241,VietMode MP-09,Casual,Activewear,M,black,4786.74,4467.94
1242,VietMode MP-10,Casual,Activewear,L,orange,4786.74,3972.52
1243,VietMode MP-11,Casual,Activewear,XL,blue,5794.74,3022.54
1244,VietMode MP-12,Casual,Activewear,S,white,5794.74,4177.43
1245,VietMode MP-13,Casual,Activewear,M,purple,6110.37,3479.86
1246,VietMode MP-14,Casual,Activewear,L,green,6110.37,4080.51
1247,VietMode MP-15,Casual,Activewear,XL,silver,5983.74,5684.55
1248,VietMode MP-16,Casual,Activewear,S,pink,5983.74,4605.68
1249,VietMode MP-17,Casual,Activewear,M,yellow,4976.37,3661.61
1250,VietMode MP-18,Casual,Activewear,L,red,4976.37,3635.74
1251,VietMode MP-19,Casual,Activewear,XL,black,5164.74,3167.02
1252,VietMode MP-20,Casual,Activewear,S,orange,5164.74,2973.86
1253,VietMode MP-21,Casual,Activewear,M,blue,5353.74,4589.23
1254,VietMode MP-22,Casual,Activewear,L,white,5353.74,5086.05
1255,VietMode MP-23,Casual,Activewear,XL,purple,29.74,16.43
1256,VietMode MP-24,Casual,Activewear,S,green,21.27,12.43
1257,VietMode MP-25,Casual,Activewear,M,silver,92.7,54.51
1258,VietMode MP-26,Casual,Activewear,L,pink,33.91,20.0
1259,VietMode MP-27,Casual,Activewear,XL,yellow,4603.34,2585.24
1260,VietMode MP-28,Casual,Activewear,S,red,4603.34,2553.93
1261,VietMode MP-29,Casual,Activewear,M,black,5983.88,4653.66
1262,VietMode MP-30,Casual,Activewear,L,orange,5983.88,5684.68
1263,VietMode MP-31,Casual,Activewear,XL,blue,5984.37,5685.15
1264,VietMode MP-32,Casual,Activewear,S,white,5984.37,3719.88
