date,traffic_source,sessions,unique_visitors,page_views,bounce_rate,avg_session_duration_sec
2013-01-01,organic_search,9760,7253,39093,0.00514,102.9
2013-01-02,organic_search,10456,8151,47611,0.00406,120.5
2013-01-03,direct,10076,7458,36963,0.00401,263.6
2013-01-04,direct,9973,8063,53078,0.00562,151.8
2013-01-05,referral,10223,7882,36790,0.00525,168.6
2013-01-06,social_media,9545,6992,47160,0.00438,263.6
2013-01-07,organic_search,10203,7354,32749,0.00443,252.1
2013-01-08,paid_search,9456,7459,31482,0.0044,192.4
2013-01-09,organic_search,9162,7108,46717,0.00409,312.8
2013-01-10,organic_search,9887,7878,38472,0.00544,285.4
2013-01-11,social_media,9412,7368,46916,0.00356,238.2
2013-01-12,paid_search,8730,6136,33336,0.00386,193.3
2013-01-13,paid_search,8818,6863,35427,0.00372,308.8
2013-01-14,paid_search,8230,6203,35402,0.004,301.5
2013-01-15,direct,8102,6179,39490,0.00445,314.0
2013-01-16,paid_search,9373,7503,37034,0.00446,284.4
2013-01-17,social_media,9819,7503,48840,0.00495,162.5
2013-01-18,email_campaign,10041,7821,35761,0.00509,182.0
2013-01-19,organic_search,8746,6138,33440,0.00546,223.1
2013-01-20,email_campaign,10270,8030,35184,0.00501,283.9
2013-01-21,paid_search,10339,8283,40661,0.00429,152.6
2013-01-22,email_campaign,10100,7469,39597,0.00504,250.0
2013-01-23,referral,9307,7261,39117,0.00451,243.9
2013-01-24,organic_search,9698,7034,36976,0.00503,144.4
2013-01-25,email_campaign,10600,7868,42453,0.00385,195.6
2013-01-26,organic_search,10226,8004,42655,0.00566,245.5
2013-01-27,referral,8604,6327,44601,0.00554,222.6
2013-01-28,direct,9701,7636,51697,0.00447,258.0
2013-01-29,email_campaign,8638,6928,42663,0.00329,299.3
2013-01-30,paid_search,8596,6245,30451,0.00394,173.9
2013-01-31,paid_search,8915,6530,47230,0.00344,109.4
2013-02-01,organic_search,15758,11220,63433,0.00409,116.7
2013-02-02,email_campaign,15027,12295,56597,0.0039,208.2
2013-02-03,social_media,14372,10507,72606,0.0043,215.7
2013-02-04,organic_search,15623,12726,62972,0.00524,194.6
2013-02-05,social_media,14177,11064,62917,0.00429,138.2
2013-02-06,referral,14103,10525,66736,0.00367,286.6
2013-02-07,paid_search,14761,10967,66344,0.005,190.5
2013-02-08,social_media,14467,10993,59452,0.00549,227.1
2013-02-09,social_media,14578,10995,47223,0.00548,237.0
2013-02-10,organic_search,16602,12760,61322,0.00387,199.5
2013-02-11,paid_search,15063,11080,60064,0.00526,223.3
2013-02-12,social_media,15368,11408,65858,0.00363,162.4
2013-02-13,social_media,13346,9812,50414,0.0047,193.8
2013-02-14,paid_search,17180,13040,85934,0.00387,254.4
2013-02-15,paid_search,13633,10416,74873,0.00565,238.7
2013-02-16,direct,15360,12159,73050,0.00487,203.7
2013-02-17,organic_search,14662,10421,77351,0.00468,314.8
2013-02-18,organic_search,13304,9946,43820,0.00573,140.6
2013-02-19,paid_search,16231,11522,82447,0.00365,173.8
2013-02-20,paid_search,14347,11037,75545,0.00396,224.8
2013-02-21,organic_search,14194,11525,54818,0.00546,118.2
2013-02-22,organic_search,15750,12758,61771,0.00439,239.1
2013-02-23,organic_search,14540,11603,61974,0.00358,189.1
2013-02-24,organic_search,13758,9915,63623,0.00527,147.8
2013-02-25,paid_search,13676,10852,72244,0.00518,177.9
2013-02-26,social_media,15824,11642,60025,0.00333,169.9
2013-02-27,direct,15908,11989,72791,0.00323,290.3
2013-02-28,email_campaign,15284,11512,56308,0.00441,286.2
2013-03-01,organic_search,20573,15216,82066,0.0047,125.7
2013-03-02,organic_search,18275,14004,64834,0.00437,161.4
2013-03-03,paid_search,19075,15498,69465,0.00346,286.8
2013-03-04,organic_search,21760,16400,112923,0.00459,204.5
2013-03-05,paid_search,21169,15161,90533,0.00389,283.0
2013-03-06,paid_search,19422,13780,66932,0.00558,143.8
2013-03-07,referral,20205,14897,74215,0.00534,308.2
2013-03-08,paid_search,21327,17243,72483,0.00557,127.9
2013-03-09,referral,20046,15758,91235,0.00377,314.3
2013-03-10,organic_search,19505,15320,104073,0.00354,185.0
2013-03-11,direct,21480,15406,115544,0.00419,296.4
2013-03-12,referral,16857,13571,82314,0.00395,179.0
2013-03-13,organic_search,23166,18652,76524,0.00413,287.0
2013-03-14,paid_search,18997,14391,77150,0.0056,129.7
2013-03-15,referral,20137,15797,106673,0.00347,171.3
2013-03-16,paid_search,20761,16647,90756,0.00464,254.5
2013-03-17,paid_search,17101,12496,79841,0.00344,161.6
2013-03-18,social_media,22860,18012,120159,0.00396,174.6
2013-03-19,direct,17631,14247,85400,0.00525,214.5
2013-03-20,social_media,21762,16804,116234,0.00568,202.2
2013-03-21,organic_search,22061,17031,119803,0.00578,171.4
2013-03-22,paid_search,20729,16912,71130,0.00372,195.9
2013-03-23,social_media,21609,15589,92824,0.00402,223.6
2013-03-24,organic_search,20504,16771,96571,0.00439,234.1
2013-03-25,organic_search,16659,12105,60697,0.00368,189.0
2013-03-26,social_media,20555,16341,109308,0.00577,242.7
2013-03-27,paid_search,16879,12285,56985,0.00543,115.8
2013-03-28,paid_search,18569,14393,98414,0.00334,221.0
2013-03-29,social_media,19856,14231,93944,0.00555,218.4
2013-03-30,social_media,21034,15942,82344,0.00472,169.5
2013-03-31,organic_search,21610,16402,74076,0.00408,188.6
2013-04-01,social_media,24812,17641,117628,0.00551,178.5
2013-04-02,organic_search,26607,19633,99501,0.00523,246.4
2013-04-03,organic_search,26624,19598,107204,0.00518,275.2
2013-04-04,social_media,21608,16833,111095,0.00536,192.1
2013-04-05,organic_search,32435,24802,158360,0.00421,269.6
2013-04-06,social_media,32500,24533,108393,0.00473,156.1
2013-04-07,paid_search,27260,21972,126098,0.00463,109.8
2013-04-08,social_media,30848,21771,155647,0.00484,119.5
2013-04-09,organic_search,25156,17669,137296,0.0034,312.2
2013-04-10,social_media,29194,23157,116383,0.00481,293.9
2013-04-11,organic_search,29054,21204,96574,0.00493,251.0
2013-04-12,direct,24892,19582,95949,0.00454,168.3
2013-04-13,paid_search,27517,21818,149988,0.00399,156.1
2013-04-14,referral,23814,16876,78359,0.00341,252.7
2013-04-15,organic_search,30902,22373,159594,0.0049,197.6
2013-04-16,email_campaign,27551,21877,99161,0.00504,239.0
2013-04-17,social_media,29585,21004,94904,0.00452,105.9
2013-04-18,paid_search,24098,19494,113622,0.0055,206.2
2013-04-19,paid_search,27256,21981,90395,0.00392,109.1
2013-04-20,referral,21636,15934,90602,0.00495,204.7
2013-04-21,email_campaign,24267,19025,133036,0.00363,309.0
2013-04-22,email_campaign,28085,22427,141532,0.00488,302.2
2013-04-23,paid_search,27068,19210,88898,0.00466,227.3
2013-04-24,organic_search,33819,25856,134590,0.00461,110.1
2013-04-25,direct,25153,20499,119550,0.00575,207.3
2013-04-26,social_media,25454,18300,131458,0.00556,204.8
2013-04-27,email_campaign,23854,17383,104436,0.00467,203.7
2013-04-28,organic_search,26593,20990,92764,0.00388,199.8
2013-04-29,direct,30100,21412,127202,0.00508,142.8
2013-04-30,referral,26638,20421,114824,0.00385,250.7
2013-05-01,direct,25484,20167,121645,0.00389,319.7
2013-05-02,paid_search,27523,21551,148318,0.00521,270.6
2013-05-03,email_campaign,27201,20147,109468,0.00408,186.8
2013-05-04,organic_search,26616,18955,87588,0.00566,226.5
2013-05-05,email_campaign,26820,19885,116224,0.00383,209.1
2013-05-06,social_media,24933,19563,109347,0.00459,111.7
2013-05-07,organic_search,28589,21318,147402,0.00555,197.7
2013-05-08,organic_search,28654,20921,130897,0.00408,302.5
2013-05-09,paid_search,26771,19690,142781,0.00509,182.8
2013-05-10,organic_search,26830,19447,124787,0.00391,153.5
2013-05-11,paid_search,28668,21307,137833,0.00495,215.2
2013-05-12,social_media,27438,22374,128020,0.00428,301.0
2013-05-13,paid_search,26357,19629,90559,0.00574,131.4
2013-05-14,social_media,26056,20140,115695,0.00322,116.0
2013-05-15,direct,29084,22687,146585,0.00436,188.5
2013-05-16,referral,26638,19759,113183,0.00522,314.0
2013-05-17,organic_search,24122,18498,132379,0.00353,308.1
2013-05-18,email_campaign,23202,17262,103657,0.00445,270.5
2013-05-19,social_media,25148,20307,89419,0.00518,105.8
2013-05-20,organic_search,23328,18639,95417,0.00444,116.7
2013-05-21,referral,28407,22048,108703,0.00491,277.6
2013-05-22,social_media,25706,19005,88509,0.00537,198.2
2013-05-23,email_campaign,22398,17580,109248,0.00403,121.3
2013-05-24,social_media,25714,20338,120745,0.00445,116.7
2013-05-25,paid_search,26078,21237,92476,0.00385,141.3
2013-05-26,organic_search,29842,21470,103585,0.00491,317.6
2013-05-27,social_media,25522,20808,123734,0.005,267.2
2013-05-28,paid_search,25369,18149,102736,0.00391,253.4
2013-05-29,referral,23853,18613,85854,0.00337,120.5
2013-05-30,organic_search,27287,20624,123833,0.00446,173.2
2013-05-31,social_media,26902,19521,103623,0.00321,257.9
2013-06-01,organic_search,25458,18115,131842,0.00372,186.4
2013-06-02,organic_search,23735,17119,76080,0.00346,260.9
2013-06-03,direct,25536,19209,97821,0.00537,174.4
2013-06-04,organic_search,27334,19831,110854,0.00401,310.6
2013-06-05,social_media,28445,21988,137505,0.0039,209.5
2013-06-06,social_media,26397,18897,125873,0.00512,154.8
2013-06-07,email_campaign,26823,18932,134357,0.00399,224.4
2013-06-08,paid_search,27553,21069,147243,0.00562,207.9
2013-06-09,social_media,24891,19205,125165,0.00507,280.4
2013-06-10,organic_search,28861,23567,100856,0.00478,231.8
2013-06-11,organic_search,23368,17790,126304,0.00561,172.9
2013-06-12,paid_search,25933,21079,127206,0.00527,116.5
2013-06-13,organic_search,27752,19777,151236,0.00347,106.4
2013-06-14,email_campaign,27755,21197,126500,0.00556,219.8
2013-06-15,organic_search,26928,21083,98828,0.00495,269.9
2013-06-16,paid_search,26115,18984,119810,0.00417,313.2
2013-06-17,organic_search,28092,21312,92163,0.00378,152.1
2013-06-18,social_media,25085,19903,133701,0.00478,191.8
2013-06-19,social_media,28632,23372,112269,0.00514,130.0
2013-06-20,paid_search,25557,20425,116849,0.00534,122.0
2013-06-21,email_campaign,29053,21451,103139,0.00566,139.1
2013-06-22,paid_search,26367,21250,113536,0.00407,255.4
2013-06-23,organic_search,27355,21580,146783,0.00397,253.1
2013-06-24,paid_search,26497,21120,97404,0.00364,178.5
2013-06-25,paid_search,29694,21606,125033,0.00538,177.8
2013-06-26,direct,27207,20220,127226,0.00399,190.0
2013-06-27,paid_search,26545,20261,100022,0.00427,186.3
2013-06-28,social_media,23891,17776,91798,0.00447,121.5
2013-06-29,organic_search,28947,21255,158795,0.00327,305.7
2013-06-30,organic_search,26808,20585,139193,0.0058,210.3
2013-07-01,referral,20717,14990,103616,0.00537,166.5
2013-07-02,paid_search,22158,16944,96216,0.00543,318.6
2013-07-03,direct,20624,16244,90498,0.00532,317.6
2013-07-04,paid_search,20224,15518,96547,0.00434,133.9
2013-07-05,paid_search,22308,16026,110365,0.00435,162.3
2013-07-06,paid_search,19852,14493,104084,0.00367,171.3
2013-07-07,paid_search,19573,15181,74366,0.00554,219.4
2013-07-08,organic_search,18865,14238,78747,0.00327,160.0
2013-07-09,organic_search,22779,18244,96006,0.00444,299.1
2013-07-10,organic_search,22911,17844,91089,0.00504,214.5
2013-07-11,email_campaign,22159,15665,121194,0.00486,156.7
2013-07-12,referral,21395,17049,79697,0.0046,106.4
2013-07-13,social_media,20990,16293,82169,0.00342,184.3
2013-07-14,paid_search,19989,14732,82309,0.00387,208.7
2013-07-15,social_media,18587,13497,84767,0.00407,199.4
2013-07-16,referral,19711,16037,88626,0.00484,256.8
2013-07-17,organic_search,19882,14587,66793,0.00416,180.4
2013-07-18,organic_search,19517,13750,66929,0.00401,219.2
2013-07-19,social_media,21059,16557,96682,0.00435,183.6
2013-07-20,social_media,21432,15474,75600,0.00475,172.1
2013-07-21,organic_search,22930,16061,97731,0.00555,187.7
2013-07-22,organic_search,19228,13486,71073,0.00429,107.5
2013-07-23,social_media,20992,16978,97061,0.00414,201.3
2013-07-24,email_campaign,23873,18037,83203,0.00565,202.2
2013-07-25,direct,24318,18975,100129,0.00497,186.2
2013-07-26,direct,20769,14594,72595,0.00562,249.5
2013-07-27,social_media,18198,12889,70117,0.00462,279.9
2013-07-28,paid_search,25026,18160,120386,0.00397,136.1
2013-07-29,email_campaign,20760,15605,109067,0.0045,211.4
2013-07-30,organic_search,22570,17674,74423,0.00426,112.1
2013-07-31,organic_search,21645,16539,81092,0.00565,219.7
2013-08-01,paid_search,23532,17995,95876,0.004,186.4
2013-08-02,organic_search,22089,17760,76290,0.00367,144.5
2013-08-03,referral,19760,15958,85952,0.0044,205.7
2013-08-04,social_media,22135,16046,73001,0.00542,158.4
2013-08-05,paid_search,25518,20607,95149,0.00565,188.0
2013-08-06,organic_search,21270,15427,110319,0.00402,315.4
2013-08-07,paid_search,21729,17596,106146,0.00321,193.3
2013-08-08,organic_search,25048,20133,88852,0.00572,312.2
2013-08-09,organic_search,21871,16990,105802,0.00368,317.0
2013-08-10,referral,22931,17591,107729,0.00561,223.1
2013-08-11,social_media,20544,15209,90834,0.00475,235.5
2013-08-12,direct,24576,17742,103910,0.00536,219.8
2013-08-13,organic_search,19843,14706,70310,0.00566,283.4
2013-08-14,social_media,23377,16422,106286,0.00503,244.7
2013-08-15,social_media,24562,17671,104078,0.00479,110.5
2013-08-16,paid_search,21594,15178,70937,0.0042,127.9
2013-08-17,organic_search,25258,19092,110262,0.0049,127.6
2013-08-18,social_media,24646,19117,120067,0.00336,285.5
2013-08-19,direct,23836,16878,127242,0.00558,162.3
2013-08-20,email_campaign,23145,16573,76874,0.00421,177.2
2013-08-21,organic_search,22174,17667,88785,0.00393,127.8
2013-08-22,paid_search,20674,16052,88395,0.00368,108.9
2013-08-23,direct,21969,16007,73448,0.00484,146.4
2013-08-24,organic_search,22020,16468,117994,0.0054,253.3
2013-08-25,social_media,23027,18302,124556,0.00326,316.9
2013-08-26,paid_search,23617,17269,78791,0.00429,183.7
2013-08-27,email_campaign,23901,18422,99962,0.00322,233.3
2013-08-28,referral,21366,17094,107444,0.00472,134.2
2013-08-29,organic_search,23147,16818,83676,0.00408,183.8
2013-08-30,organic_search,26500,20681,114458,0.00412,231.9
2013-08-31,social_media,23963,18130,80783,0.00437,274.4
2013-09-01,referral,17091,12233,74574,0.00518,106.8
2013-09-02,organic_search,15376,12350,50005,0.00401,157.3
2013-09-03,organic_search,15581,10983,59990,0.0041,202.7
2013-09-04,email_campaign,16020,12505,55806,0.00437,176.3
2013-09-05,paid_search,16582,13189,57021,0.00488,181.5
2013-09-06,paid_search,16237,13287,87609,0.00406,224.6
2013-09-07,referral,15613,12209,55336,0.00413,318.7
2013-09-08,referral,16962,13239,74004,0.00329,119.6
2013-09-09,organic_search,18127,13415,88280,0.0048,240.7
2013-09-10,referral,17160,14066,72179,0.00438,268.7
2013-09-11,organic_search,16910,11894,65138,0.00501,207.1
2013-09-12,paid_search,15632,11865,60436,0.00503,296.5
2013-09-13,organic_search,17916,12765,59697,0.00367,103.5
2013-09-14,social_media,16694,12421,90074,0.00564,308.3
2013-09-15,email_campaign,15207,11403,64405,0.00553,177.3
2013-09-16,organic_search,16977,12773,84823,0.00353,102.7
2013-09-17,direct,19210,15448,69626,0.0057,203.0
2013-09-18,organic_search,19581,14167,80144,0.00458,158.9
2013-09-19,paid_search,15000,11585,73236,0.00538,238.9
2013-09-20,organic_search,18009,13483,64698,0.00462,111.3
2013-09-21,organic_search,16298,12409,85777,0.00417,271.6
2013-09-22,paid_search,17457,13570,77141,0.00483,315.5
2013-09-23,organic_search,13116,10363,70856,0.00407,179.1
2013-09-24,email_campaign,18830,14326,90846,0.00449,140.7
2013-09-25,organic_search,16433,12462,72743,0.00541,206.6
2013-09-26,organic_search,16255,11501,53823,0.00555,165.9
2013-09-27,organic_search,15631,12772,85398,0.00532,292.3
2013-09-28,paid_search,19359,15652,74052,0.00382,154.5
2013-09-29,social_media,19815,14640,88791,0.00538,281.9
2013-09-30,organic_search,17778,13505,90690,0.00535,226.8
2013-10-01,email_campaign,13710,9680,52584,0.00324,209.8
2013-10-02,organic_search,12941,9851,71024,0.00539,205.0
2013-10-03,organic_search,13080,9748,44993,0.00499,125.5
2013-10-04,social_media,15477,12022,78604,0.00375,156.7
2013-10-05,referral,13994,10098,68009,0.00564,314.4
2013-10-06,paid_search,14105,11490,70993,0.00435,122.9
2013-10-07,organic_search,12570,9552,45109,0.00325,181.8
2013-10-08,direct,13093,10025,58429,0.00339,138.1
2013-10-09,organic_search,12218,9764,50149,0.00469,209.6
2013-10-10,organic_search,13055,10029,43148,0.00534,176.8
2013-10-11,organic_search,13725,9778,64212,0.00375,220.2
2013-10-12,organic_search,13023,10257,64771,0.0055,256.2
2013-10-13,organic_search,13045,9157,51450,0.00425,160.5
2013-10-14,organic_search,14459,11334,50446,0.00413,231.0
2013-10-15,organic_search,13895,11304,65905,0.00361,224.3
2013-10-16,paid_search,12929,9667,64283,0.00423,261.5
2013-10-17,direct,12216,9304,57228,0.00462,144.0
2013-10-18,referral,12323,9163,60959,0.00406,231.9
2013-10-19,social_media,11963,9407,54624,0.00537,276.6
2013-10-20,email_campaign,14009,10602,54466,0.00482,314.7
2013-10-21,organic_search,12745,9506,53990,0.00578,274.1
2013-10-22,direct,14589,10511,47642,0.00338,207.1
2013-10-23,social_media,13717,10722,60164,0.0035,121.5
2013-10-24,organic_search,12783,9260,50277,0.00481,108.1
2013-10-25,social_media,12510,9642,46132,0.00342,284.2
2013-10-26,organic_search,12422,8842,45914,0.00452,197.1
2013-10-27,social_media,13304,10333,64827,0.00326,308.3
2013-10-28,paid_search,14257,11502,64149,0.00469,263.5
2013-10-29,paid_search,15101,11332,69384,0.0055,290.4
2013-10-30,referral,11718,8876,59818,0.00461,172.4
2013-10-31,referral,15782,12006,85169,0.00421,193.6
2013-11-01,social_media,13644,10009,46358,0.00343,180.9
2013-11-02,direct,11668,9313,57812,0.00481,183.2
2013-11-03,organic_search,11609,8407,59878,0.00519,290.6
2013-11-04,email_campaign,10715,8320,47693,0.00409,266.8
2013-11-05,paid_search,11604,8132,44253,0.00497,316.4
2013-11-06,direct,10138,7332,55455,0.00424,236.5
2013-11-07,direct,9896,7936,41435,0.00372,271.6
2013-11-08,organic_search,11835,9472,50627,0.00447,235.1
2013-11-09,social_media,11950,8786,61115,0.00577,316.8
2013-11-10,direct,11694,8912,52770,0.00377,101.7
2013-11-11,social_media,12691,10310,49619,0.00487,218.3
2013-11-12,social_media,10332,7718,56650,0.00385,152.9
2013-11-13,organic_search,10669,7530,43743,0.00394,198.0
2013-11-14,email_campaign,10545,7419,41667,0.00497,139.8
2013-11-15,organic_search,10155,8283,45684,0.00499,255.2
2013-11-16,social_media,10651,7729,53104,0.00423,159.4
2013-11-17,paid_search,12887,10510,44818,0.00439,166.4
2013-11-18,paid_search,12188,9286,39130,0.00448,159.6
2013-11-19,organic_search,11008,8981,50511,0.00405,176.1
2013-11-20,social_media,11167,9011,38482,0.00329,136.0
2013-11-21,social_media,11384,9190,49377,0.00389,193.8
2013-11-22,social_media,11413,9153,40833,0.00568,255.2
2013-11-23,organic_search,11180,8348,47452,0.00427,200.9
2013-11-24,organic_search,11573,8198,52687,0.00349,315.3
2013-11-25,paid_search,11593,9021,39009,0.00519,207.0
2013-11-26,referral,12310,9377,51458,0.00486,198.6
2013-11-27,paid_search,12543,10098,65740,0.0054,126.5
2013-11-28,direct,10476,7994,55311,0.00562,142.4
2013-11-29,referral,11266,8171,45345,0.00373,106.9
2013-11-30,organic_search,11143,8100,53974,0.00531,167.4
2013-12-01,organic_search,12906,9103,46795,0.00459,124.7
2013-12-02,social_media,12341,9953,43684,0.00475,114.8
2013-12-03,organic_search,14986,12043,65628,0.00503,162.8
2013-12-04,social_media,13847,10991,54490,0.00483,149.8
2013-12-05,referral,12296,8669,53642,0.00329,227.5
2013-12-06,paid_search,12192,9853,54072,0.00459,254.2
2013-12-07,paid_search,12562,8902,51547,0.00444,184.5
2013-12-08,organic_search,13175,9415,45023,0.00462,178.1
2013-12-09,organic_search,14634,10378,61409,0.00497,182.9
2013-12-10,social_media,14413,10733,46851,0.00408,254.9
2013-12-11,paid_search,13334,9646,50387,0.00393,167.0
2013-12-12,organic_search,13714,10039,62414,0.00556,168.4
2013-12-13,organic_search,13337,9763,69039,0.00439,294.0
2013-12-14,paid_search,12138,9093,60465,0.00555,228.5
2013-12-15,organic_search,12391,10022,52207,0.00356,119.5
2013-12-16,social_media,12596,9700,58261,0.00574,104.0
2013-12-17,paid_search,13408,10752,57040,0.00425,316.2
2013-12-18,organic_search,13825,10901,72395,0.0045,154.0
2013-12-19,social_media,13925,11168,63968,0.00445,176.4
2013-12-20,organic_search,10678,8634,38513,0.00405,256.3
2013-12-21,email_campaign,11879,8813,56301,0.00341,119.1
2013-12-22,organic_search,13955,9944,47679,0.00429,138.2
2013-12-23,direct,13029,10369,52511,0.00522,305.5
2013-12-24,social_media,12470,9370,54463,0.00563,281.4
2013-12-25,social_media,13141,10384,67446,0.00482,193.3
2013-12-26,organic_search,13040,9292,57219,0.00539,314.3
2013-12-27,social_media,12152,8597,59360,0.00338,229.1
2013-12-28,email_campaign,13571,10335,71175,0.00493,279.6
2013-12-29,organic_search,14050,11493,56883,0.00416,174.7
2013-12-30,email_campaign,11723,8674,59465,0.00458,265.2
2013-12-31,direct,14417,11430,46209,0.00578,308.1
2014-01-01,paid_search,10162,8295,36165,0.00534,235.0
2014-01-02,paid_search,12776,10056,46028,0.00366,238.7
2014-01-03,social_media,10230,8247,42607,0.00543,249.9
2014-01-04,email_campaign,11496,8503,57148,0.00507,207.9
2014-01-05,organic_search,8870,6926,44512,0.00456,166.9
2014-01-06,organic_search,10178,7568,55426,0.004,138.1
2014-01-07,organic_search,10724,7860,45535,0.00329,192.2
2014-01-08,social_media,11340,9281,41050,0.00362,221.5
2014-01-09,email_campaign,12137,9810,46390,0.00361,223.5
2014-01-10,email_campaign,10545,8273,53901,0.00372,307.1
2014-01-11,referral,11306,9172,52326,0.0045,116.2
2014-01-12,social_media,10212,7242,48240,0.00495,177.3
2014-01-13,direct,11373,8627,58511,0.00345,159.0
2014-01-14,paid_search,9693,7471,36668,0.00468,142.0
2014-01-15,direct,10310,7878,44709,0.00362,123.8
2014-01-16,social_media,11632,8624,55483,0.00545,222.1
2014-01-17,organic_search,10035,7721,34898,0.00514,163.8
2014-01-18,paid_search,11008,7875,51195,0.00469,156.6
2014-01-19,paid_search,10951,8766,39504,0.00561,139.8
2014-01-20,organic_search,10678,8033,41933,0.00414,149.6
2014-01-21,social_media,12658,10040,58632,0.00331,185.2
2014-01-22,organic_search,11638,9145,51241,0.00416,267.6
2014-01-23,social_media,8560,6503,36491,0.00513,219.7
2014-01-24,organic_search,10811,8705,44738,0.00511,198.0
2014-01-25,organic_search,11205,8252,55016,0.00535,291.3
2014-01-26,paid_search,9240,6492,46324,0.00327,254.1
2014-01-27,organic_search,7973,6381,31862,0.0051,245.5
2014-01-28,paid_search,11746,8341,61175,0.00402,134.5
2014-01-29,referral,12266,9150,42684,0.00535,240.4
2014-01-30,paid_search,9689,7229,34153,0.0039,121.9
2014-01-31,email_campaign,9999,7139,45816,0.00411,127.7
2014-02-01,organic_search,15250,10976,74103,0.00324,262.1
2014-02-02,social_media,15769,11975,54002,0.005,317.7
2014-02-03,direct,15293,12184,75902,0.0052,219.2
2014-02-04,referral,15527,11742,63891,0.00455,221.7
2014-02-05,paid_search,14372,10247,59542,0.00551,124.6
2014-02-06,email_campaign,17900,13155,75113,0.00528,271.7
2014-02-07,social_media,16078,11903,80234,0.00536,212.0
2014-02-08,paid_search,16853,12274,90385,0.00432,128.0
2014-02-09,paid_search,16200,11546,85048,0.00427,141.2
2014-02-10,direct,15696,11222,73058,0.00533,199.8
2014-02-11,organic_search,14584,11159,63707,0.0049,284.3
2014-02-12,paid_search,14476,10599,47339,0.0044,132.8
2014-02-13,social_media,16062,12629,78816,0.005,145.4
2014-02-14,organic_search,14509,11532,61350,0.00389,226.3
2014-02-15,referral,14141,10885,63673,0.00439,291.0
2014-02-16,organic_search,15943,12928,83331,0.00325,209.3
2014-02-17,direct,14961,12046,63357,0.00394,245.0
2014-02-18,organic_search,15257,11443,57332,0.00358,309.9
2014-02-19,social_media,15472,11216,62065,0.0044,146.7
2014-02-20,referral,15337,11846,72379,0.00514,287.0
2014-02-21,organic_search,12479,9867,62474,0.00414,314.8
2014-02-22,organic_search,16863,12049,89182,0.00357,288.5
2014-02-23,social_media,18734,14921,100009,0.0047,163.2
2014-02-24,organic_search,16007,11852,56518,0.00507,193.7
2014-02-25,paid_search,17906,12878,67027,0.00528,196.8
2014-02-26,social_media,15690,12798,75723,0.00465,144.7
2014-02-27,email_campaign,16405,11852,58497,0.00444,185.3
2014-02-28,paid_search,13184,10619,64378,0.00446,103.1
2014-03-01,social_media,23068,18188,89795,0.00443,214.4
2014-03-02,referral,23861,17740,83970,0.00555,278.5
2014-03-03,organic_search,22641,15964,108362,0.00522,271.4
2014-03-04,organic_search,20167,16226,97482,0.0051,161.5
2014-03-05,organic_search,23200,16311,80376,0.00399,255.7
2014-03-06,organic_search,24291,18643,86328,0.00413,132.9
2014-03-07,paid_search,20656,16435,109054,0.00462,295.0
2014-03-08,email_campaign,20789,15662,93141,0.00366,173.0
2014-03-09,organic_search,20453,15397,92789,0.00389,280.1
2014-03-10,direct,22824,16607,119164,0.00448,254.9
2014-03-11,direct,21099,15989,103643,0.00562,181.8
2014-03-12,organic_search,21452,16567,83714,0.00563,292.5
2014-03-13,organic_search,22441,16314,121601,0.00427,313.9
2014-03-14,referral,21483,15918,116693,0.00539,257.6
2014-03-15,direct,21970,16562,77321,0.00331,254.5
2014-03-16,paid_search,24630,17335,97783,0.00347,150.4
2014-03-17,paid_search,23340,16575,125068,0.00453,191.6
2014-03-18,social_media,21053,16281,111523,0.00456,247.3
2014-03-19,organic_search,21922,16740,74242,0.0055,287.1
2014-03-20,organic_search,20278,15014,82640,0.0043,133.6
2014-03-21,direct,21123,16314,83362,0.00392,188.7
2014-03-22,email_campaign,21770,16029,96726,0.00414,193.0
2014-03-23,social_media,20889,15510,67631,0.00542,287.5
2014-03-24,email_campaign,18783,14040,72777,0.00362,241.1
2014-03-25,email_campaign,20978,15803,73386,0.00516,114.2
2014-03-26,organic_search,20541,16241,84830,0.00567,319.9
2014-03-27,paid_search,22481,18073,111766,0.0043,317.8
2014-03-28,organic_search,21260,16689,81224,0.00368,251.1
2014-03-29,email_campaign,24623,19993,90493,0.00419,173.8
2014-03-30,organic_search,21014,17170,96869,0.00361,266.0
2014-03-31,organic_search,23037,16851,99689,0.00499,208.7
2014-04-01,social_media,31669,24005,146762,0.00435,236.5
2014-04-02,email_campaign,31084,23844,121167,0.00342,311.2
2014-04-03,paid_search,27680,21795,123121,0.00436,187.2
2014-04-04,paid_search,33564,27006,178036,0.00455,230.0
2014-04-05,organic_search,29571,20726,141514,0.00443,301.8
2014-04-06,paid_search,29897,24048,113402,0.00362,202.1
2014-04-07,paid_search,27724,20365,96746,0.0045,212.3
2014-04-08,social_media,27636,20497,143557,0.00359,152.9
2014-04-09,organic_search,29270,21990,145987,0.00502,224.1
2014-04-10,paid_search,29376,21760,105496,0.00426,179.3
2014-04-11,paid_search,27935,22850,118469,0.00472,217.1
2014-04-12,organic_search,28989,20697,124163,0.00518,223.2
2014-04-13,organic_search,32172,24250,152724,0.00439,120.4
2014-04-14,paid_search,28984,21787,99668,0.00367,259.6
2014-04-15,referral,31036,22252,162557,0.00513,171.6
2014-04-16,organic_search,29288,23345,143059,0.00332,225.9
2014-04-17,direct,26998,19652,95425,0.00405,206.0
2014-04-18,social_media,28486,23229,108624,0.00408,164.3
2014-04-19,paid_search,31395,22973,144900,0.00407,276.8
2014-04-20,paid_search,30149,23019,144722,0.00383,249.2
2014-04-21,email_campaign,32674,23745,140656,0.0035,104.8
2014-04-22,social_media,32103,25911,159800,0.00358,174.0
2014-04-23,email_campaign,26922,21973,128715,0.00391,154.7
2014-04-24,referral,28696,22691,100395,0.00534,318.0
2014-04-25,paid_search,32626,23330,149274,0.0035,140.6
2014-04-26,social_media,28597,20330,120686,0.00475,159.8
2014-04-27,paid_search,31694,22215,170628,0.00449,145.2
2014-04-28,social_media,27759,21830,138714,0.00393,133.2
2014-04-29,email_campaign,32248,25948,163941,0.00579,223.1
2014-04-30,social_media,30939,23211,133474,0.00356,156.9
2014-05-01,paid_search,25885,19449,123888,0.00367,278.3
2014-05-02,direct,31644,24370,153075,0.00327,123.1
2014-05-03,organic_search,28317,20767,114920,0.00493,194.2
2014-05-04,direct,27998,22585,124889,0.00468,292.2
2014-05-05,social_media,25934,20515,98145,0.00546,182.5
2014-05-06,referral,28880,20727,132987,0.0038,159.1
2014-05-07,social_media,30417,21334,105056,0.00363,107.7
2014-05-08,referral,22054,15883,78562,0.00578,114.3
2014-05-09,email_campaign,26222,21344,92295,0.00409,155.7
2014-05-10,organic_search,25378,18460,109459,0.00467,121.8
2014-05-11,referral,29095,21081,94942,0.0055,146.2
2014-05-12,paid_search,28899,22803,134458,0.00446,215.8
2014-05-13,paid_search,26739,21724,92280,0.00579,306.7
2014-05-14,paid_search,25709,19377,111615,0.00376,243.4
2014-05-15,referral,30110,24293,157951,0.00411,180.0
2014-05-16,social_media,27531,20857,105553,0.00335,220.2
2014-05-17,social_media,26128,20836,123104,0.00564,171.4
2014-05-18,paid_search,25658,18281,96643,0.00569,113.0
2014-05-19,referral,29037,21645,134048,0.00514,248.5
2014-05-20,organic_search,29515,22535,159233,0.00361,308.7
2014-05-21,organic_search,27548,20709,139667,0.00555,246.8
2014-05-22,referral,27824,22650,112503,0.00345,245.6
2014-05-23,organic_search,28489,22749,96527,0.00514,252.9
2014-05-24,paid_search,25209,19652,92373,0.00476,227.0
2014-05-25,email_campaign,30338,21404,120860,0.00577,167.1
2014-05-26,organic_search,29609,23230,125918,0.00425,237.2
2014-05-27,direct,30146,22918,145944,0.00571,308.3
2014-05-28,paid_search,27952,22186,110221,0.00575,222.7
2014-05-29,direct,30992,23883,135079,0.00436,273.6
2014-05-30,paid_search,28560,22570,116268,0.00331,166.6
2014-05-31,social_media,27754,22518,120629,0.00566,186.5
2014-06-01,paid_search,28531,21625,139896,0.00411,300.9
2014-06-02,organic_search,29119,22466,98811,0.00529,265.4
2014-06-03,paid_search,27485,21760,92388,0.00494,293.0
2014-06-04,referral,31372,24682,167700,0.0052,218.4
2014-06-05,organic_search,30289,22112,134531,0.00432,247.6
2014-06-06,organic_search,27136,22179,118099,0.00392,155.0
2014-06-07,email_campaign,31059,24129,145769,0.00498,304.3
2014-06-08,direct,28049,20529,129406,0.00525,115.1
2014-06-09,organic_search,30401,24133,102124,0.00342,142.4
2014-06-10,referral,27671,21455,121832,0.00523,235.3
2014-06-11,referral,31871,24543,140141,0.00524,213.6
2014-06-12,social_media,29120,22829,145416,0.0043,192.1
2014-06-13,email_campaign,30261,22465,108371,0.00471,125.2
2014-06-14,paid_search,29999,23096,122404,0.00557,214.3
2014-06-15,direct,31223,24204,133930,0.00472,107.8
2014-06-16,organic_search,23259,17230,110680,0.00388,132.9
2014-06-17,email_campaign,29091,23029,108429,0.00503,299.7
2014-06-18,paid_search,22476,18096,93356,0.00442,198.4
2014-06-19,direct,27866,22727,95424,0.00561,245.2
2014-06-20,social_media,30816,22914,118380,0.00494,299.4
2014-06-21,organic_search,30622,21512,112749,0.0037,299.9
2014-06-22,direct,30032,21674,142020,0.00339,158.1
2014-06-23,paid_search,28623,21810,155716,0.00577,168.7
2014-06-24,paid_search,31892,22653,153112,0.00506,241.0
2014-06-25,email_campaign,30658,24091,153275,0.00421,138.1
2014-06-26,direct,28821,20469,104924,0.0056,285.0
2014-06-27,paid_search,31165,23193,117512,0.00372,115.8
2014-06-28,referral,28913,20500,128800,0.00557,254.8
2014-06-29,social_media,30012,24306,121789,0.00327,266.8
2014-06-30,email_campaign,25122,18170,93098,0.00327,229.7
2014-07-01,organic_search,24118,17786,127394,0.00502,155.7
2014-07-02,social_media,22829,18044,88984,0.00322,132.2
2014-07-03,paid_search,24291,19783,87191,0.00356,299.1
2014-07-04,paid_search,19697,15074,67832,0.00334,305.3
2014-07-05,organic_search,21042,16132,91459,0.00362,274.7
2014-07-06,referral,23161,17499,106661,0.00453,195.0
2014-07-07,social_media,23149,17267,116966,0.00331,221.1
2014-07-08,organic_search,25383,19953,98382,0.00472,177.4
2014-07-09,email_campaign,21166,17277,101109,0.00566,105.3
2014-07-10,organic_search,24785,18490,130982,0.00371,307.0
2014-07-11,paid_search,23966,18867,81909,0.00462,157.6
2014-07-12,social_media,23198,18905,106668,0.00408,259.5
2014-07-13,paid_search,21016,15177,112942,0.0047,151.6
2014-07-14,social_media,22862,18719,90583,0.00513,177.7
2014-07-15,paid_search,23206,18797,74689,0.00397,160.4
2014-07-16,direct,25448,19172,86877,0.00525,245.5
2014-07-17,paid_search,24173,17451,106949,0.00525,242.9
2014-07-18,paid_search,22467,16175,105153,0.00531,187.4
2014-07-19,organic_search,19637,14226,102829,0.00342,143.6
2014-07-20,direct,23071,16745,125329,0.00402,303.3
2014-07-21,paid_search,23563,16839,117759,0.00444,196.9
2014-07-22,organic_search,20852,16050,98954,0.00471,221.2
2014-07-23,referral,20563,16788,99371,0.00354,307.5
2014-07-24,email_campaign,20142,15456,101375,0.00439,170.9
2014-07-25,social_media,23097,18708,79029,0.00495,205.3
2014-07-26,social_media,24247,19552,103070,0.00472,135.3
2014-07-27,paid_search,21988,16247,95568,0.0057,125.4
2014-07-28,organic_search,22670,15945,97809,0.00477,130.8
2014-07-29,social_media,18711,13949,72733,0.00386,211.0
2014-07-30,referral,24281,17908,81246,0.00444,184.7
2014-07-31,paid_search,19708,14084,101207,0.00427,211.4
2014-08-01,social_media,24466,19362,115362,0.00331,296.9
2014-08-02,organic_search,24590,19673,104410,0.00389,301.5
2014-08-03,organic_search,27896,22287,129445,0.00523,314.0
2014-08-04,paid_search,25170,19950,101848,0.004,107.4
2014-08-05,paid_search,25018,19903,86055,0.00353,213.4
2014-08-06,email_campaign,23442,17709,121906,0.00531,236.5
2014-08-07,email_campaign,23454,18090,102654,0.00332,110.3
2014-08-08,paid_search,23334,18245,121130,0.0056,124.5
2014-08-09,referral,25341,20285,126650,0.00446,137.0
2014-08-10,referral,29231,23328,140174,0.00364,161.8
2014-08-11,referral,23585,17452,106386,0.00575,210.6
2014-08-12,social_media,26756,19620,99842,0.00352,277.9
2014-08-13,email_campaign,27052,21739,105616,0.00388,105.1
2014-08-14,email_campaign,24462,18052,95230,0.00415,285.7
2014-08-15,direct,26593,20242,111317,0.00384,291.0
2014-08-16,organic_search,23490,18504,108705,0.00548,204.7
2014-08-17,referral,27595,19440,123897,0.00559,204.5
2014-08-18,organic_search,24284,18786,92056,0.00337,305.5
2014-08-19,social_media,27530,20093,130665,0.00487,102.7
2014-08-20,organic_search,26262,21171,141919,0.00575,116.0
2014-08-21,social_media,24400,18452,124494,0.00568,150.4
2014-08-22,organic_search,27609,20885,122171,0.00566,158.8
2014-08-23,direct,20691,14501,70328,0.00408,305.5
2014-08-24,paid_search,24220,16963,109986,0.0038,314.2
2014-08-25,organic_search,22239,17722,121773,0.00336,281.4
2014-08-26,organic_search,26573,21345,139315,0.00468,191.5
2014-08-27,organic_search,24745,19165,121324,0.00429,299.7
2014-08-28,organic_search,24844,17570,112442,0.00358,299.5
2014-08-29,paid_search,21406,16216,91997,0.00432,268.7
2014-08-30,paid_search,24035,19477,110772,0.00341,115.1
2014-08-31,organic_search,26386,21171,93476,0.00378,172.1
2014-09-01,social_media,15632,12444,65725,0.0054,298.5
2014-09-02,social_media,17927,14108,89498,0.00343,121.2
2014-09-03,social_media,18132,12780,84311,0.00487,182.8
2014-09-04,paid_search,18744,14326,80286,0.0034,138.5
2014-09-05,paid_search,16761,12802,82021,0.00432,213.2
2014-09-06,organic_search,16392,12341,61013,0.00348,252.6
2014-09-07,paid_search,16882,11861,62446,0.00509,178.8
2014-09-08,email_campaign,19692,14268,82611,0.00414,100.4
2014-09-09,organic_search,17866,13307,93827,0.00571,186.8
2014-09-10,paid_search,17022,12401,68700,0.00529,102.6
2014-09-11,paid_search,20363,16145,73927,0.00481,228.6
2014-09-12,paid_search,18930,14320,68622,0.00522,168.6
2014-09-13,email_campaign,16596,12438,69578,0.00573,144.4
2014-09-14,paid_search,18068,14667,86883,0.00417,218.9
2014-09-15,social_media,19576,15904,77829,0.00568,104.3
2014-09-16,social_media,17833,13068,89080,0.00494,303.2
2014-09-17,direct,19329,15498,74137,0.0056,286.4
2014-09-18,direct,16909,12993,86844,0.00558,157.6
2014-09-19,organic_search,17146,12184,80820,0.0058,299.5
2014-09-20,organic_search,18727,13698,92596,0.00536,197.7
2014-09-21,organic_search,20058,16359,105471,0.00371,272.6
2014-09-22,direct,18738,14953,90705,0.00462,232.2
2014-09-23,social_media,16222,11492,84429,0.00346,233.4
2014-09-24,referral,20395,14373,70771,0.00426,247.9
2014-09-25,paid_search,16861,12170,58732,0.00516,255.7
2014-09-26,organic_search,16789,12429,81845,0.00347,233.0
2014-09-27,email_campaign,17582,13905,90452,0.00358,306.2
2014-09-28,organic_search,16535,13449,72467,0.0037,242.5
2014-09-29,referral,18334,14785,75135,0.00411,136.3
2014-09-30,social_media,18116,14166,65756,0.0037,240.4
2014-10-01,direct,13714,11107,47236,0.00575,315.2
2014-10-02,organic_search,14951,11807,64104,0.0034,291.3
2014-10-03,email_campaign,14457,10862,65675,0.00361,185.0
2014-10-04,organic_search,17077,12974,80251,0.00334,105.4
2014-10-05,social_media,15183,11554,55577,0.00421,280.6
2014-10-06,referral,12954,10312,70101,0.00397,298.2
2014-10-07,organic_search,17560,12448,82066,0.00479,144.3
2014-10-08,direct,15104,11381,75821,0.0052,111.5
2014-10-09,organic_search,14880,12129,63532,0.00422,176.9
2014-10-10,paid_search,13932,10677,45811,0.00478,185.8
2014-10-11,referral,15700,12404,51310,0.00387,192.9
2014-10-12,paid_search,13762,10895,57265,0.00372,230.1
2014-10-13,direct,15576,11706,80230,0.00343,158.6
2014-10-14,social_media,12392,8920,40016,0.00346,229.7
2014-10-15,social_media,14941,11279,74168,0.0053,228.4
2014-10-16,social_media,16025,12454,81588,0.00383,272.8
2014-10-17,paid_search,12793,9282,56849,0.00388,234.7
2014-10-18,organic_search,15622,11140,65864,0.00329,159.3
2014-10-19,organic_search,14950,11746,62246,0.00541,155.0
2014-10-20,paid_search,14868,12106,79044,0.00487,210.9
2014-10-21,organic_search,15123,11498,74369,0.00499,276.3
2014-10-22,direct,15703,12727,57449,0.00516,278.5
2014-10-23,paid_search,14961,11645,61683,0.00507,311.8
2014-10-24,organic_search,14037,11129,57829,0.00562,272.2
2014-10-25,social_media,14637,11786,73636,0.00429,137.4
2014-10-26,paid_search,13360,9804,50893,0.00427,177.6
2014-10-27,social_media,15039,11386,50863,0.00437,191.4
2014-10-28,paid_search,14021,10144,72386,0.00396,209.1
2014-10-29,social_media,15156,11304,81976,0.00445,286.2
2014-10-30,organic_search,11932,8733,43393,0.00367,249.9
2014-10-31,email_campaign,12268,9791,56527,0.00458,291.0
2014-11-01,social_media,12350,9430,59845,0.00396,132.8
2014-11-02,direct,9858,7662,48176,0.00479,213.1
2014-11-03,organic_search,9271,7343,50990,0.00336,281.7
2014-11-04,organic_search,12479,9521,50077,0.00322,230.8
2014-11-05,organic_search,11136,8963,40264,0.00375,210.1
2014-11-06,organic_search,13338,9880,51475,0.00413,243.3
2014-11-07,social_media,10458,7811,57426,0.00483,207.9
2014-11-08,organic_search,11955,8407,42948,0.00325,238.1
2014-11-09,email_campaign,11303,8853,41316,0.00463,292.5
2014-11-10,organic_search,11746,8557,42791,0.00432,231.7
2014-11-11,paid_search,13374,10001,45285,0.00382,293.5
2014-11-12,paid_search,12915,9215,50492,0.00363,302.8
2014-11-13,social_media,12214,9340,58391,0.00326,266.7
2014-11-14,email_campaign,12350,9904,50649,0.00385,278.6
2014-11-15,organic_search,14001,10578,46627,0.00481,220.0
2014-11-16,paid_search,12751,9058,42064,0.00576,110.9
2014-11-17,paid_search,13636,10191,74385,0.00494,259.3
2014-11-18,paid_search,11650,9470,39351,0.00554,283.4
2014-11-19,paid_search,14539,11513,63846,0.00519,224.9
2014-11-20,paid_search,11778,9547,62074,0.00334,126.5
2014-11-21,organic_search,14690,10969,49729,0.00563,133.5
2014-11-22,organic_search,11106,8861,43498,0.004,192.6
2014-11-23,email_campaign,11209,8434,45394,0.00378,172.4
2014-11-24,organic_search,11794,9133,54219,0.00471,189.7
2014-11-25,organic_search,13405,10873,69008,0.00448,215.9
2014-11-26,social_media,13829,10685,63366,0.00372,156.6
2014-11-27,social_media,11438,8649,52208,0.00434,210.8
2014-11-28,paid_search,11931,8377,47295,0.00552,181.5
2014-11-29,referral,13244,10019,49923,0.00377,276.7
2014-11-30,paid_search,12733,9914,61026,0.00361,101.6
2014-12-01,paid_search,13705,9764,53255,0.00551,183.5
2014-12-02,social_media,13930,10971,54294,0.00352,185.6
2014-12-03,social_media,12384,9270,45118,0.00542,261.1
2014-12-04,organic_search,14206,10153,52846,0.00575,255.7
2014-12-05,social_media,13501,10608,49671,0.00404,232.4
2014-12-06,social_media,12995,9605,70307,0.00507,282.3
2014-12-07,direct,14178,10013,75929,0.0033,151.4
2014-12-08,referral,10946,7808,41963,0.00535,165.9
2014-12-09,referral,15116,10581,61132,0.00449,174.4
2014-12-10,direct,13155,10761,69185,0.0043,151.1
2014-12-11,paid_search,12828,10374,62511,0.00451,220.4
2014-12-12,organic_search,14397,10681,55748,0.00423,137.5
2014-12-13,organic_search,15411,12030,59202,0.00537,148.9
2014-12-14,paid_search,12133,9704,55972,0.00489,263.5
2014-12-15,direct,14071,10058,67194,0.00573,276.5
2014-12-16,referral,14337,11208,71824,0.00348,121.8
2014-12-17,organic_search,13526,9659,48171,0.00375,239.8
2014-12-18,referral,13579,10491,45698,0.00414,226.5
2014-12-19,organic_search,12495,9094,55293,0.00327,291.5
2014-12-20,social_media,12762,9406,55784,0.00455,277.7
2014-12-21,organic_search,11970,8637,45192,0.00437,245.3
2014-12-22,organic_search,13175,10041,61750,0.00521,258.2
2014-12-23,paid_search,16728,12230,72737,0.0034,304.6
2014-12-24,direct,15005,11921,78947,0.00327,158.5
2014-12-25,organic_search,14984,11307,62313,0.00371,220.9
2014-12-26,organic_search,12836,10452,50229,0.00339,307.3
2014-12-27,organic_search,12176,9846,39355,0.00378,304.0
2014-12-28,organic_search,14412,11054,78580,0.00438,227.0
2014-12-29,organic_search,14420,11734,47763,0.00487,167.0
2014-12-30,social_media,14751,11393,55478,0.00538,210.6
2014-12-31,paid_search,14154,10690,63205,0.00468,242.0
2015-01-01,paid_search,11938,9703,49079,0.00418,304.3
2015-01-02,email_campaign,12631,8889,62686,0.00425,312.3
2015-01-03,organic_search,11528,8833,40725,0.00383,249.4
2015-01-04,organic_search,10546,7828,51512,0.00559,193.2
2015-01-05,social_media,11328,9200,48905,0.00357,201.0
2015-01-06,email_campaign,9268,7471,38649,0.0051,318.3
2015-01-07,social_media,10147,7857,33888,0.00572,121.9
2015-01-08,social_media,8997,6847,34451,0.00358,198.5
2015-01-09,referral,12849,10119,58922,0.00477,190.4
2015-01-10,organic_search,11873,8645,64601,0.00342,134.3
2015-01-11,organic_search,11735,8824,58810,0.0037,224.1
2015-01-12,referral,12986,10533,59184,0.00366,234.2
2015-01-13,referral,11908,9263,38118,0.00429,317.1
2015-01-14,email_campaign,12735,9340,50389,0.00507,243.2
2015-01-15,social_media,12630,9430,45764,0.00348,202.1
2015-01-16,organic_search,11982,8884,42069,0.00554,294.7
2015-01-17,organic_search,10268,7696,50373,0.00496,208.1
2015-01-18,organic_search,10164,7618,54711,0.00522,305.3
2015-01-19,email_campaign,11734,8493,49230,0.00516,111.5
2015-01-20,paid_search,10857,8425,50716,0.00514,241.8
2015-01-21,paid_search,11368,8795,37330,0.00558,135.7
2015-01-22,referral,12159,9424,53924,0.00383,256.3
2015-01-23,organic_search,13034,10656,62656,0.00508,238.1
2015-01-24,organic_search,12673,9972,52366,0.00449,176.6
2015-01-25,organic_search,10995,8907,48943,0.00551,294.0
2015-01-26,referral,12273,9523,52623,0.00366,301.7
2015-01-27,organic_search,12089,9078,39559,0.00398,187.2
2015-01-28,email_campaign,12441,9685,50069,0.00544,133.2
2015-01-29,email_campaign,12264,8882,42039,0.00336,142.5
2015-01-30,paid_search,11133,7908,44130,0.00397,167.1
2015-01-31,email_campaign,10453,7595,51485,0.00435,123.4
2015-02-01,email_campaign,15593,11059,53441,0.0052,224.8
2015-02-02,paid_search,15910,13006,61981,0.00477,116.1
2015-02-03,organic_search,15721,11891,59210,0.00342,235.7
2015-02-04,email_campaign,17552,12726,92236,0.00346,220.5
2015-02-05,organic_search,16196,12951,75150,0.00537,157.7
2015-02-06,email_campaign,17363,13848,59004,0.00434,286.9
2015-02-07,email_campaign,18408,14137,78214,0.00368,301.6
2015-02-08,referral,16090,12699,72582,0.00555,308.1
2015-02-09,paid_search,17476,12915,60213,0.00559,106.1
2015-02-10,organic_search,18527,13995,66887,0.00461,264.2
2015-02-11,organic_search,18408,14673,81784,0.0037,173.2
2015-02-12,referral,16304,13006,62018,0.00398,216.9
2015-02-13,organic_search,20518,15147,76117,0.0037,237.5
2015-02-14,direct,13711,9875,60627,0.00396,282.2
2015-02-15,organic_search,17280,12439,68446,0.00426,274.5
2015-02-16,paid_search,17693,12413,89965,0.00504,140.8
2015-02-17,paid_search,16802,12521,74388,0.00445,139.1
2015-02-18,social_media,16725,12085,61913,0.00367,230.0
2015-02-19,organic_search,16363,12198,79512,0.0041,130.9
2015-02-20,direct,18730,15092,95572,0.00454,191.1
2015-02-21,organic_search,15952,11280,70645,0.00499,312.5
2015-02-22,organic_search,16431,13211,79486,0.00433,285.9
2015-02-23,social_media,14463,11021,50731,0.00449,289.8
2015-02-24,organic_search,17173,13667,71689,0.00513,142.9
2015-02-25,organic_search,14450,11692,51345,0.00553,135.4
2015-02-26,organic_search,18508,15057,88646,0.00403,254.6
2015-02-27,social_media,14926,11229,53940,0.00545,166.2
2015-02-28,organic_search,15722,11744,83724,0.00401,253.2
2015-03-01,paid_search,21480,17584,81546,0.00414,108.6
2015-03-02,referral,22178,17801,84529,0.00567,164.9
2015-03-03,paid_search,23311,16676,118505,0.00396,302.1
2015-03-04,social_media,20723,16144,99756,0.00434,279.6
2015-03-05,social_media,24841,19625,110043,0.00384,254.3
2015-03-06,social_media,23903,18195,115420,0.00379,149.3
2015-03-07,social_media,20579,16101,83988,0.00384,143.0
2015-03-08,organic_search,23101,16215,83326,0.00425,240.2
2015-03-09,referral,23240,17341,117770,0.00544,181.2
2015-03-10,paid_search,23566,17258,107264,0.00547,253.6
2015-03-11,organic_search,22870,16676,97024,0.0043,111.6
2015-03-12,email_campaign,28148,22855,147647,0.00566,290.4
2015-03-13,paid_search,21363,15687,117397,0.00572,183.0
2015-03-14,paid_search,22276,17876,89445,0.0045,269.4
2015-03-15,organic_search,22351,15744,120642,0.00361,151.0
2015-03-16,organic_search,24269,19775,108034,0.00469,195.4
2015-03-17,paid_search,21379,16480,69949,0.00391,176.4
2015-03-18,paid_search,18253,14079,88133,0.00349,263.0
2015-03-19,organic_search,23852,18973,85968,0.00441,295.0
2015-03-20,social_media,19678,15237,70975,0.00492,309.7
2015-03-21,social_media,26207,20418,100420,0.0037,118.5
2015-03-22,paid_search,21331,16844,89042,0.00499,313.1
2015-03-23,social_media,21839,15483,115455,0.00401,302.7
2015-03-24,paid_search,23120,18841,108910,0.0044,246.5
2015-03-25,social_media,22944,18479,126137,0.00393,124.6
2015-03-26,email_campaign,27836,19713,131624,0.00349,313.9
2015-03-27,email_campaign,23381,18490,127905,0.0053,185.4
2015-03-28,referral,23832,18925,108548,0.0048,182.9
2015-03-29,paid_search,24705,19907,100168,0.00347,298.3
2015-03-30,organic_search,21988,15721,91135,0.00386,230.9
2015-03-31,organic_search,23712,17041,118451,0.00334,235.6
2015-04-01,organic_search,29410,23296,117637,0.00531,175.1
2015-04-02,paid_search,30456,22808,137521,0.00407,167.6
2015-04-03,organic_search,31142,23705,131744,0.0057,305.1
2015-04-04,organic_search,27051,22178,97672,0.00555,277.0
2015-04-05,referral,34818,26213,179530,0.00351,283.5
2015-04-06,social_media,32488,25628,104296,0.00415,226.6
2015-04-07,referral,37841,28534,193746,0.00447,190.5
2015-04-08,organic_search,31407,23603,105754,0.00472,105.7
2015-04-09,email_campaign,33264,25339,131080,0.0033,311.8
2015-04-10,email_campaign,31701,23905,138034,0.00324,250.5
2015-04-11,social_media,32699,24505,156139,0.00348,235.7
2015-04-12,social_media,33695,23984,164092,0.00457,188.3
2015-04-13,referral,32788,25880,169275,0.0042,121.1
2015-04-14,organic_search,31794,25698,162134,0.00483,180.6
2015-04-15,organic_search,30748,23319,121391,0.00378,318.8
2015-04-16,email_campaign,30162,22150,117724,0.00421,121.4
2015-04-17,referral,34071,26707,177596,0.00406,140.7
2015-04-18,paid_search,34778,24920,112807,0.00343,274.3
2015-04-19,direct,34164,25611,119369,0.00575,297.0
2015-04-20,organic_search,33331,27313,182278,0.00567,135.3
2015-04-21,paid_search,29124,22796,130729,0.00491,135.2
2015-04-22,organic_search,28703,20207,137953,0.00393,191.1
2015-04-23,organic_search,33494,26912,158159,0.0041,203.7
2015-04-24,organic_search,31753,22949,170691,0.00438,141.6
2015-04-25,referral,36571,26976,179957,0.00403,317.8
2015-04-26,organic_search,30907,23892,116178,0.00418,199.6
2015-04-27,social_media,34074,24139,114811,0.00504,145.1
2015-04-28,social_media,31168,23641,123478,0.00521,238.8
2015-04-29,organic_search,35794,25274,128333,0.00417,199.9
2015-04-30,direct,28994,22062,150712,0.00394,267.3
2015-05-01,organic_search,30846,24315,163628,0.00485,200.4
2015-05-02,organic_search,33476,26822,182726,0.0051,219.9
2015-05-03,organic_search,24534,20051,126935,0.00326,296.2
2015-05-04,email_campaign,29719,20848,155249,0.00357,105.5
2015-05-05,organic_search,28430,20543,107343,0.00343,305.4
2015-05-06,organic_search,27853,20910,131355,0.00391,307.8
2015-05-07,social_media,24031,17827,83533,0.00493,224.8
2015-05-08,social_media,29160,23034,109154,0.00429,276.5
2015-05-09,organic_search,31489,23349,164844,0.00453,312.1
2015-05-10,paid_search,28854,20819,121753,0.00378,224.5
2015-05-11,direct,30303,21569,101312,0.00498,196.4
2015-05-12,organic_search,29164,20797,132743,0.00456,251.8
2015-05-13,direct,28695,22220,132422,0.0043,161.0
2015-05-14,email_campaign,24060,17186,83908,0.00432,229.1
2015-05-15,organic_search,27784,22574,100088,0.00467,250.7
2015-05-16,paid_search,25165,19778,109606,0.0038,212.9
2015-05-17,referral,32410,24265,113804,0.00405,301.7
2015-05-18,social_media,26179,20898,133705,0.0038,132.7
2015-05-19,organic_search,29063,21602,150346,0.0054,276.9
2015-05-20,social_media,30494,24191,126406,0.00357,298.0
2015-05-21,paid_search,29062,20606,123437,0.00395,258.7
2015-05-22,organic_search,27267,20288,149515,0.00474,143.0
2015-05-23,paid_search,30173,23985,100559,0.00439,210.6
2015-05-24,organic_search,27244,19433,90867,0.0044,116.7
2015-05-25,organic_search,29094,21740,129228,0.00544,260.9
2015-05-26,organic_search,27670,21242,95316,0.00342,227.0
2015-05-27,organic_search,26401,20469,119105,0.00574,183.6
2015-05-28,organic_search,27850,20116,89456,0.00419,178.6
2015-05-29,referral,34451,27090,172863,0.00381,116.7
2015-05-30,social_media,30967,24404,149751,0.00464,283.9
2015-05-31,referral,27874,21527,109033,0.00366,233.5
2015-06-01,social_media,29318,22266,98658,0.00505,192.2
2015-06-02,organic_search,30701,24975,126635,0.00557,295.3
2015-06-03,referral,32446,23589,166997,0.00538,212.1
2015-06-04,email_campaign,28794,21415,121730,0.00523,162.3
2015-06-05,paid_search,28463,19935,144463,0.00338,200.7
2015-06-06,organic_search,34892,28589,164211,0.00538,156.8
2015-06-07,social_media,32243,25956,145312,0.00547,256.8
2015-06-08,referral,32199,25978,170674,0.00433,298.5
2015-06-09,email_campaign,27727,19941,145314,0.00511,281.4
2015-06-10,social_media,31622,24009,125377,0.00399,108.2
2015-06-11,organic_search,32332,23402,159377,0.00487,194.3
2015-06-12,social_media,24605,19576,116966,0.00362,266.6
2015-06-13,paid_search,31158,23057,166081,0.00423,247.0
2015-06-14,social_media,29214,21013,150301,0.00444,188.2
2015-06-15,social_media,32287,25912,128566,0.0041,238.4
2015-06-16,paid_search,26776,19786,104352,0.00375,171.3
2015-06-17,social_media,35371,28846,155050,0.00422,217.0
2015-06-18,social_media,30266,22102,104739,0.00461,287.7
2015-06-19,email_campaign,35795,27659,158232,0.0037,319.2
2015-06-20,social_media,29012,20477,144998,0.00366,212.1
2015-06-21,paid_search,34568,26635,143948,0.00475,197.6
2015-06-22,social_media,30368,24526,101421,0.00401,116.0
2015-06-23,paid_search,34822,25528,161315,0.00495,192.0
2015-06-24,paid_search,27399,19217,103711,0.0045,284.5
2015-06-25,referral,31624,25240,150529,0.00522,175.0
2015-06-26,organic_search,30769,22895,140394,0.00476,263.6
2015-06-27,direct,29801,24190,145509,0.0052,127.8
2015-06-28,social_media,24381,17220,129189,0.00446,183.9
2015-06-29,social_media,34732,24375,156417,0.0044,233.6
2015-06-30,paid_search,33102,24296,110641,0.00552,106.5
2015-07-01,paid_search,20602,16457,79358,0.00357,300.4
2015-07-02,email_campaign,27231,22131,124329,0.00527,225.1
2015-07-03,paid_search,24958,18340,128945,0.00516,246.9
2015-07-04,email_campaign,24138,19174,106014,0.0036,149.3
2015-07-05,organic_search,26737,19679,85774,0.00547,176.4
2015-07-06,email_campaign,26606,19213,138752,0.00526,289.1
2015-07-07,social_media,26622,20411,87438,0.00323,235.9
2015-07-08,paid_search,22401,17945,112821,0.00413,315.0
2015-07-09,paid_search,22941,16968,76486,0.00515,198.5
2015-07-10,paid_search,20649,15288,99177,0.00343,211.5
2015-07-11,organic_search,26986,19812,119096,0.00563,286.6
2015-07-12,paid_search,23368,16615,87437,0.00531,251.4
2015-07-13,social_media,24986,19531,92624,0.00326,246.7
2015-07-14,organic_search,25268,19699,122868,0.00566,289.2
2015-07-15,organic_search,28980,22939,141557,0.00442,298.6
2015-07-16,email_campaign,25987,18625,134344,0.00329,226.6
2015-07-17,referral,23621,17228,123032,0.00372,132.5
2015-07-18,social_media,22256,17049,73505,0.0036,257.0
2015-07-19,paid_search,25777,19987,102382,0.0049,274.0
2015-07-20,email_campaign,21426,15804,83474,0.00333,129.4
2015-07-21,organic_search,26411,20585,89690,0.00552,154.0
2015-07-22,paid_search,25454,20168,116758,0.0053,250.4
2015-07-23,direct,25169,19631,112460,0.00453,134.2
2015-07-24,referral,27430,19435,98020,0.00353,162.0
2015-07-25,organic_search,26582,18972,92409,0.00486,232.8
2015-07-26,organic_search,25938,19698,133086,0.00564,296.1
2015-07-27,social_media,24503,19723,94009,0.00443,296.6
2015-07-28,organic_search,24684,17484,103037,0.00322,198.9
2015-07-29,referral,23935,17376,101797,0.00454,115.3
2015-07-30,email_campaign,28283,19983,112059,0.00334,210.8
2015-07-31,referral,27777,21301,142543,0.00523,166.3
2015-08-01,paid_search,25416,19592,107939,0.00333,303.8
2015-08-02,direct,25347,18517,89162,0.0034,101.9
2015-08-03,email_campaign,28461,21974,110496,0.00447,157.9
2015-08-04,paid_search,26191,21319,119413,0.0047,232.5
2015-08-05,organic_search,29226,21369,95035,0.00445,299.2
2015-08-06,paid_search,24693,18406,96182,0.00357,116.8
2015-08-07,email_campaign,26800,19332,117374,0.00455,287.7
2015-08-08,paid_search,26294,19881,138084,0.00368,207.6
2015-08-09,email_campaign,23894,18799,78998,0.00461,173.7
2015-08-10,organic_search,28341,21424,125275,0.00435,283.0
2015-08-11,paid_search,25098,17651,83606,0.00328,164.8
2015-08-12,email_campaign,27210,19954,143071,0.00545,316.4
2015-08-13,email_campaign,23810,16914,125846,0.00524,233.1
2015-08-14,paid_search,27482,20412,94726,0.00378,149.4
2015-08-15,organic_search,24803,20079,101731,0.00565,298.7
2015-08-16,paid_search,30678,21654,114864,0.00342,260.0
2015-08-17,organic_search,25286,18149,127955,0.00353,244.6
2015-08-18,paid_search,26259,18641,139980,0.00563,175.5
2015-08-19,social_media,28515,20565,102526,0.00487,256.8
2015-08-20,referral,26047,19340,94210,0.0042,245.5
2015-08-21,paid_search,27624,20884,104074,0.00447,115.3
2015-08-22,paid_search,28267,20186,105913,0.00386,291.8
2015-08-23,paid_search,26494,18687,102152,0.00358,195.3
2015-08-24,organic_search,26670,19153,98635,0.00409,201.0
2015-08-25,paid_search,29244,22860,123604,0.00499,274.9
2015-08-26,referral,24536,18480,127640,0.00569,196.1
2015-08-27,organic_search,26269,19468,91099,0.00459,113.8
2015-08-28,email_campaign,26954,19364,144057,0.00446,313.7
2015-08-29,referral,28818,22955,158022,0.00377,282.4
2015-08-30,organic_search,27508,20195,109859,0.00422,271.8
2015-08-31,paid_search,27293,19240,139809,0.00483,216.6
2015-09-01,social_media,17480,13262,57096,0.00368,263.9
2015-09-02,paid_search,20702,16666,69558,0.00328,118.3
2015-09-03,organic_search,19328,13739,62074,0.00364,230.8
2015-09-04,organic_search,21904,15874,107607,0.00385,101.7
2015-09-05,email_campaign,19156,14479,82375,0.00548,314.9
2015-09-06,social_media,19448,15772,68250,0.0033,237.6
2015-09-07,paid_search,17684,14118,69916,0.00564,283.5
2015-09-08,organic_search,19746,13838,93992,0.00498,132.1
2015-09-09,direct,18587,13758,87916,0.00414,190.1
2015-09-10,email_campaign,17610,13778,62257,0.00377,181.3
2015-09-11,organic_search,18890,15028,78439,0.0033,206.7
2015-09-12,direct,15341,11807,51281,0.00518,277.5
2015-09-13,social_media,20180,15018,102993,0.00522,180.8
2015-09-14,referral,19576,14212,86422,0.00348,191.2
2015-09-15,paid_search,22012,16729,90723,0.00422,306.3
2015-09-16,paid_search,19650,14065,86514,0.00321,258.3
2015-09-17,organic_search,20086,14356,100816,0.00458,138.9
2015-09-18,social_media,17602,13602,88389,0.00519,305.5
2015-09-19,organic_search,20896,15411,111247,0.00568,164.4
2015-09-20,organic_search,18429,13587,76753,0.00346,271.9
2015-09-21,organic_search,19819,16050,66316,0.00466,290.2
2015-09-22,email_campaign,19877,16252,63995,0.00436,103.3
2015-09-23,social_media,17652,13079,71664,0.00387,318.0
2015-09-24,referral,20962,15512,82371,0.00424,137.4
2015-09-25,referral,19659,15631,106872,0.00479,167.2
2015-09-26,paid_search,21009,17168,108813,0.00407,179.5
2015-09-27,organic_search,21844,16369,117349,0.00536,133.1
2015-09-28,referral,18337,14106,67729,0.00556,111.4
2015-09-29,paid_search,19122,13426,94406,0.00501,221.6
2015-09-30,organic_search,17523,13440,57686,0.00509,284.6
2015-10-01,organic_search,15491,12315,66956,0.00415,207.8
2015-10-02,organic_search,15982,11755,61202,0.00443,145.3
2015-10-03,paid_search,15008,11370,68639,0.00362,168.3
2015-10-04,social_media,16759,12375,73139,0.00327,180.2
2015-10-05,social_media,14395,11749,68728,0.00386,233.3
2015-10-06,social_media,15319,11322,72555,0.00457,148.8
2015-10-07,social_media,15755,12150,79517,0.00417,126.0
2015-10-08,paid_search,16564,12299,67620,0.00364,234.3
2015-10-09,social_media,16177,12022,57239,0.004,187.9
2015-10-10,social_media,13914,10751,56445,0.00402,225.7
2015-10-11,organic_search,15458,11617,62989,0.00495,105.9
2015-10-12,direct,13664,10610,66043,0.00366,170.8
2015-10-13,paid_search,15985,11660,56565,0.00385,159.9
2015-10-14,social_media,16989,12008,81718,0.00565,204.6
2015-10-15,referral,16071,11596,79890,0.00558,250.1
2015-10-16,referral,14652,10534,79371,0.00322,112.9
2015-10-17,referral,17243,12612,76928,0.00373,301.8
2015-10-18,organic_search,16988,13378,69191,0.00326,297.0
2015-10-19,social_media,14648,10830,77608,0.00512,196.3
2015-10-20,organic_search,15301,12493,60371,0.0043,204.7
2015-10-21,direct,15121,11856,74851,0.0043,221.2
2015-10-22,paid_search,15219,10773,73159,0.00366,243.2
2015-10-23,organic_search,16428,11814,86432,0.00338,274.9
2015-10-24,direct,15087,11501,52076,0.00532,204.3
2015-10-25,paid_search,17383,13762,79446,0.00531,198.3
2015-10-26,email_campaign,17645,14292,56926,0.00503,254.4
2015-10-27,social_media,14318,11717,68167,0.00391,247.7
2015-10-28,organic_search,15923,11322,78474,0.00414,318.6
2015-10-29,referral,14579,11450,70402,0.00421,279.4
2015-10-30,referral,16283,12617,79766,0.00428,317.0
2015-10-31,paid_search,16765,12368,64584,0.00333,264.3
2015-11-01,organic_search,12648,10110,61721,0.0043,226.0
2015-11-02,social_media,12291,9842,59045,0.00511,119.3
2015-11-03,email_campaign,14430,11020,55418,0.00434,156.1
2015-11-04,organic_search,12298,9471,52741,0.00379,280.0
2015-11-05,organic_search,13451,9497,53142,0.00337,125.6
2015-11-06,paid_search,14154,11094,47606,0.00363,271.6
2015-11-07,organic_search,13272,10281,62761,0.00549,213.8
2015-11-08,paid_search,12234,9118,61007,0.00563,142.0
2015-11-09,direct,14367,11128,65336,0.00464,129.1
2015-11-10,email_campaign,14088,9978,68221,0.00543,265.4
2015-11-11,paid_search,13290,10715,59892,0.00372,267.8
2015-11-12,email_campaign,13903,11236,61201,0.00525,265.5
2015-11-13,organic_search,14681,11365,65735,0.00548,291.3
2015-11-14,paid_search,14789,10949,77847,0.00378,152.6
2015-11-15,organic_search,12535,8911,64069,0.00569,192.7
2015-11-16,paid_search,12803,10408,47243,0.00328,213.7
2015-11-17,social_media,11316,8912,55403,0.0041,159.0
2015-11-18,organic_search,14680,11931,52971,0.00396,172.7
2015-11-19,social_media,14557,10588,76901,0.00448,148.6
2015-11-20,paid_search,13750,10076,61102,0.00364,313.1
2015-11-21,email_campaign,14699,11383,52048,0.00477,114.2
2015-11-22,organic_search,14679,11250,71235,0.0042,300.4
2015-11-23,referral,11714,8250,63229,0.00466,296.4
2015-11-24,direct,12523,9994,60988,0.00432,110.0
2015-11-25,email_campaign,12747,9371,64179,0.00438,284.6
2015-11-26,organic_search,12460,9654,42889,0.00506,298.6
2015-11-27,social_media,12408,9099,58532,0.00324,296.5
2015-11-28,organic_search,14692,11241,73086,0.00387,125.4
2015-11-29,organic_search,14441,11536,75285,0.00434,139.2
2015-11-30,paid_search,12771,9548,63965,0.00351,313.2
2015-12-01,social_media,13668,10021,61441,0.00504,104.1
2015-12-02,email_campaign,14048,10903,54556,0.00522,305.8
2015-12-03,referral,15464,11963,51678,0.00531,318.5
2015-12-04,paid_search,13738,10323,50602,0.00443,204.8
2015-12-05,referral,14548,10998,63227,0.00394,236.1
2015-12-06,email_campaign,13375,10438,68771,0.00531,231.9
2015-12-07,email_campaign,14667,11431,68419,0.00517,281.9
2015-12-08,organic_search,15215,11241,69929,0.00354,227.8
2015-12-09,paid_search,16326,12045,69015,0.00545,269.1
2015-12-10,email_campaign,13711,11067,50285,0.00326,244.5
2015-12-11,organic_search,15391,11318,67959,0.00357,177.7
2015-12-12,social_media,15008,11400,58168,0.00565,270.1
2015-12-13,organic_search,14700,10463,68140,0.00367,102.5
2015-12-14,referral,12967,10202,49267,0.00499,217.9
2015-12-15,paid_search,16132,13098,70312,0.00531,151.0
2015-12-16,organic_search,13212,9707,43582,0.00465,122.7
2015-12-17,social_media,15145,12005,79733,0.0047,109.1
2015-12-18,paid_search,14745,11612,50065,0.00383,270.4
2015-12-19,referral,16727,11842,75482,0.00349,151.1
2015-12-20,organic_search,15075,12232,52971,0.00382,136.8
2015-12-21,social_media,15716,12497,71525,0.00505,230.1
2015-12-22,referral,13743,11031,72308,0.00512,275.6
2015-12-23,social_media,14154,10824,63423,0.00538,286.7
2015-12-24,organic_search,14389,11654,63948,0.00408,166.1
2015-12-25,paid_search,16343,12402,55203,0.00376,119.6
2015-12-26,social_media,14081,10396,48105,0.00558,119.1
2015-12-27,organic_search,16176,13022,57718,0.00532,125.2
2015-12-28,organic_search,14045,10009,69532,0.00339,180.1
2015-12-29,organic_search,16001,12904,61587,0.00421,125.4
2015-12-30,email_campaign,15819,12433,69094,0.00425,199.2
2015-12-31,paid_search,15303,11679,75173,0.00347,257.3
2016-01-01,email_campaign,11641,8712,37634,0.00559,267.3
2016-01-02,organic_search,10947,8044,55830,0.00365,221.4
2016-01-03,paid_search,13218,9831,64885,0.00565,208.5
2016-01-04,paid_search,12375,9643,63066,0.00517,275.2
2016-01-05,email_campaign,11134,8762,40671,0.0044,203.1
2016-01-06,paid_search,12757,10309,67093,0.00373,138.2
2016-01-07,social_media,11373,8618,59432,0.00412,312.2
2016-01-08,organic_search,9490,7221,37150,0.00395,172.4
2016-01-09,paid_search,13256,9596,46353,0.00436,277.3
2016-01-10,email_campaign,13236,9859,64108,0.00484,105.5
2016-01-11,direct,12641,9828,60451,0.00336,167.7
2016-01-12,organic_search,11876,9485,56311,0.00546,305.4
2016-01-13,email_campaign,10067,8114,39608,0.00357,206.5
2016-01-14,social_media,13932,10319,69298,0.00395,271.2
2016-01-15,paid_search,12653,10155,55447,0.00452,290.1
2016-01-16,direct,11445,8556,46538,0.0035,136.4
2016-01-17,paid_search,10008,7752,45333,0.00414,250.9
2016-01-18,referral,11770,9405,46667,0.00419,228.5
2016-01-19,paid_search,10942,8319,56962,0.00515,115.0
2016-01-20,social_media,12385,10034,39639,0.00577,222.4
2016-01-21,email_campaign,11496,8327,61265,0.00467,291.0
2016-01-22,paid_search,12866,9035,48203,0.00503,314.7
2016-01-23,social_media,12386,9914,44551,0.00549,255.5
2016-01-24,organic_search,12224,8763,54172,0.00539,283.0
2016-01-25,direct,11670,8461,60857,0.00335,228.3
2016-01-26,organic_search,13357,9544,51883,0.00481,139.3
2016-01-27,organic_search,10112,7300,44184,0.00529,198.3
2016-01-28,organic_search,14033,10718,57073,0.00445,112.5
2016-01-29,referral,10947,8155,50993,0.00328,162.5
2016-01-30,paid_search,12513,9653,65920,0.00502,134.5
2016-01-31,organic_search,11419,8209,38946,0.00334,254.7
2016-02-01,paid_search,17175,13626,59868,0.00533,148.7
2016-02-02,direct,16623,12204,75261,0.00563,256.7
2016-02-03,paid_search,19714,15698,104335,0.00518,101.6
2016-02-04,organic_search,16103,12176,52113,0.00366,107.6
2016-02-05,paid_search,15709,11623,76250,0.00345,250.3
2016-02-06,email_campaign,16126,12565,85675,0.00579,256.9
2016-02-07,paid_search,18608,13602,83077,0.004,149.2
2016-02-08,referral,18097,13313,61310,0.0056,214.6
2016-02-09,organic_search,17145,12244,68554,0.0039,127.1
2016-02-10,paid_search,19010,14622,63376,0.00352,204.7
2016-02-11,social_media,20506,16732,86480,0.00528,256.6
2016-02-12,organic_search,18330,14596,70795,0.00504,129.6
2016-02-13,email_campaign,18473,14163,100174,0.00571,284.5
2016-02-14,email_campaign,19163,14357,70990,0.0046,161.3
2016-02-15,social_media,18698,13210,67308,0.00477,268.1
2016-02-16,paid_search,15627,11931,55669,0.00399,108.7
2016-02-17,social_media,17990,14392,66105,0.00339,200.0
2016-02-18,email_campaign,20773,14775,93178,0.00411,196.6
2016-02-19,email_campaign,15561,11243,83645,0.00573,298.3
2016-02-20,organic_search,18344,13061,94030,0.00566,313.8
2016-02-21,organic_search,18371,14438,70445,0.00551,114.8
2016-02-22,paid_search,16624,13434,54941,0.00327,239.1
2016-02-23,paid_search,19443,15525,65423,0.00337,124.0
2016-02-24,email_campaign,18131,12967,69981,0.00402,126.9
2016-02-25,organic_search,17420,12431,72925,0.00338,140.0
2016-02-26,organic_search,18006,13934,57841,0.00469,124.5
2016-02-27,email_campaign,15907,11168,82608,0.0043,205.6
2016-02-28,direct,18438,14716,67837,0.0041,105.0
2016-02-29,social_media,18504,14317,93760,0.0044,292.7
2016-03-01,paid_search,26992,21032,117947,0.00482,270.4
2016-03-02,organic_search,24782,17548,132132,0.0055,182.5
2016-03-03,organic_search,27680,22122,121091,0.00483,273.8
2016-03-04,referral,26344,19353,103165,0.00447,270.7
2016-03-05,social_media,21768,17084,106947,0.00372,112.5
2016-03-06,social_media,23121,17009,111366,0.00463,232.7
2016-03-07,email_campaign,26576,20232,93060,0.00473,295.5
2016-03-08,referral,23750,17459,117371,0.00481,222.5
2016-03-09,paid_search,30824,25068,141783,0.00575,279.8
2016-03-10,social_media,25094,17925,130477,0.00511,232.2
2016-03-11,organic_search,24168,16941,81811,0.00549,162.8
2016-03-12,organic_search,24644,18973,135320,0.00421,144.1
2016-03-13,email_campaign,23591,18027,78079,0.00357,237.1
2016-03-14,organic_search,23186,16474,101909,0.00531,174.9
2016-03-15,email_campaign,26245,21094,107523,0.00418,255.1
2016-03-16,email_campaign,24017,19505,100833,0.00475,190.9
2016-03-17,paid_search,22714,18358,80292,0.00438,164.9
2016-03-18,social_media,24107,18877,100707,0.00376,104.3
2016-03-19,organic_search,25702,18697,102180,0.00439,139.3
2016-03-20,referral,22946,18176,88612,0.00361,118.7
2016-03-21,direct,25412,19709,130203,0.00536,186.6
2016-03-22,direct,26309,21458,121633,0.00536,192.7
2016-03-23,social_media,25486,18934,101106,0.00402,276.8
2016-03-24,referral,27354,21211,133470,0.00414,228.7
2016-03-25,social_media,25460,18987,117893,0.00387,194.2
2016-03-26,email_campaign,19929,14574,107576,0.00377,160.5
2016-03-27,organic_search,27557,22581,93947,0.00335,131.6
2016-03-28,paid_search,22971,18817,123376,0.00333,241.8
2016-03-29,paid_search,24782,19479,88649,0.00353,275.0
2016-03-30,direct,28423,22198,105676,0.00348,255.8
2016-03-31,paid_search,27301,21181,141142,0.0056,102.6
2016-04-01,organic_search,35280,26110,148298,0.00392,268.9
2016-04-02,paid_search,31285,24462,135264,0.00506,299.5
2016-04-03,paid_search,39853,32209,171112,0.00504,189.2
2016-04-04,organic_search,31700,22496,119980,0.00468,141.6
2016-04-05,referral,33961,24714,144993,0.00473,148.9
2016-04-06,social_media,34563,26040,176971,0.00379,288.0
2016-04-07,paid_search,32223,24109,136308,0.00328,257.6
2016-04-08,email_campaign,40960,32614,222237,0.00455,144.5
2016-04-09,social_media,32292,26311,117217,0.0036,180.3
2016-04-10,social_media,29930,22120,132581,0.00364,283.9
2016-04-11,organic_search,31917,24194,128608,0.00568,319.0
2016-04-12,organic_search,37526,28901,149781,0.00539,157.9
2016-04-13,direct,38617,28257,149786,0.00459,272.3
2016-04-14,organic_search,33689,26400,108173,0.00396,171.0
2016-04-15,email_campaign,36113,27136,163008,0.00329,279.8
2016-04-16,referral,32898,24775,137463,0.00512,194.7
2016-04-17,direct,39389,30190,150023,0.004,160.0
2016-04-18,email_campaign,33200,25788,142946,0.00395,271.6
2016-04-19,email_campaign,25488,19049,127287,0.00566,100.2
2016-04-20,referral,35982,28963,152100,0.00388,227.7
2016-04-21,referral,33532,25443,151168,0.00393,107.6
2016-04-22,email_campaign,35570,25756,137754,0.00337,182.7
2016-04-23,email_campaign,28997,21502,106569,0.00511,264.2
2016-04-24,organic_search,34414,25043,161566,0.00572,105.1
2016-04-25,organic_search,31532,22488,150805,0.00569,268.7
2016-04-26,paid_search,29524,23522,148307,0.0055,164.1
2016-04-27,paid_search,33081,25297,181029,0.00524,196.6
2016-04-28,organic_search,34354,25822,179278,0.00337,246.1
2016-04-29,organic_search,30530,24073,132543,0.00425,177.8
2016-04-30,paid_search,35212,27908,135944,0.00511,280.7
2016-05-01,paid_search,34863,28526,139903,0.00563,161.1
2016-05-02,social_media,28519,20889,102461,0.00452,222.0
2016-05-03,email_campaign,34982,28060,139084,0.00329,242.0
2016-05-04,organic_search,35348,28169,166330,0.00548,147.9
2016-05-05,referral,29771,24087,113984,0.00327,299.8
2016-05-06,email_campaign,27614,21353,147246,0.00508,190.0
2016-05-07,email_campaign,39792,30635,144054,0.00524,134.9
2016-05-08,direct,28966,22933,103613,0.0054,317.6
2016-05-09,organic_search,28369,21061,128664,0.00412,235.2
2016-05-10,paid_search,31941,25837,121960,0.00431,287.4
2016-05-11,email_campaign,29147,20594,106696,0.00349,101.1
2016-05-12,email_campaign,32448,26326,125722,0.00432,316.3
2016-05-13,organic_search,33242,25095,165737,0.00442,211.1
2016-05-14,direct,32697,24039,176295,0.00335,123.0
2016-05-15,paid_search,30664,21972,147428,0.00328,154.8
2016-05-16,organic_search,30307,23701,132156,0.00545,292.6
2016-05-17,organic_search,34353,25229,131140,0.00557,187.9
2016-05-18,email_campaign,30584,21640,126637,0.00426,279.5
2016-05-19,organic_search,32056,25670,117450,0.00405,127.4
2016-05-20,paid_search,26494,18959,102959,0.0039,189.2
2016-05-21,organic_search,32181,24897,123544,0.00438,130.4
2016-05-22,email_campaign,27855,21321,133211,0.00549,186.6
2016-05-23,social_media,33895,25827,179800,0.00409,139.8
2016-05-24,organic_search,33317,27062,128279,0.00484,108.3
2016-05-25,email_campaign,30559,22955,137420,0.00435,235.6
2016-05-26,paid_search,29012,22400,100854,0.00351,310.9
2016-05-27,social_media,31654,22277,117413,0.00505,287.8
2016-05-28,social_media,30406,23858,120385,0.00552,319.8
2016-05-29,paid_search,30163,23872,134316,0.00351,252.6
2016-05-30,referral,30700,24332,126409,0.0034,221.1
2016-05-31,paid_search,29707,22770,157676,0.00397,244.4
2016-06-01,social_media,30361,23705,131150,0.00322,112.3
2016-06-02,email_campaign,32911,23190,131608,0.00335,102.3
2016-06-03,paid_search,32205,22850,156430,0.00534,123.3
2016-06-04,organic_search,33568,26608,156310,0.00327,281.6
2016-06-05,organic_search,36075,26306,189010,0.00502,301.3
2016-06-06,direct,35520,28801,186061,0.00355,148.9
2016-06-07,paid_search,31431,22311,100680,0.00464,141.9
2016-06-08,social_media,36825,28833,126407,0.00529,157.7
2016-06-09,social_media,31212,25556,126443,0.00475,175.3
2016-06-10,email_campaign,30303,21771,102242,0.00391,140.7
2016-06-11,referral,36969,26563,195790,0.00555,269.0
2016-06-12,organic_search,28697,20793,103189,0.00353,121.1
2016-06-13,paid_search,34063,26928,163122,0.00465,272.3
2016-06-14,direct,34397,24679,186716,0.00459,157.2
2016-06-15,referral,33083,23250,168360,0.00527,187.5
2016-06-16,email_campaign,28041,21006,133556,0.00422,190.4
2016-06-17,organic_search,35068,25926,187271,0.0038,247.1
2016-06-18,paid_search,34886,27062,161199,0.00367,265.2
2016-06-19,social_media,38767,27509,168541,0.00456,315.5
2016-06-20,organic_search,32245,23977,135266,0.00563,128.8
2016-06-21,social_media,30312,24040,97709,0.00536,155.5
2016-06-22,social_media,27007,19832,96954,0.00517,280.0
2016-06-23,paid_search,33787,26228,165215,0.00506,224.4
2016-06-24,social_media,38202,29924,190436,0.00485,282.1
2016-06-25,paid_search,36799,28971,181381,0.00391,178.7
2016-06-26,organic_search,31541,23069,162759,0.00498,183.5
2016-06-27,email_campaign,33556,26721,143772,0.00493,127.1
2016-06-28,social_media,34476,27429,137302,0.00435,159.4
2016-06-29,organic_search,32831,23468,164936,0.00525,184.0
2016-06-30,email_campaign,33061,25436,157305,0.00484,275.1
2016-07-01,social_media,27643,19559,99053,0.00395,318.0
2016-07-02,email_campaign,22725,16342,93039,0.00429,146.9
2016-07-03,social_media,26996,20540,106634,0.00388,123.5
2016-07-04,organic_search,26647,21584,138858,0.00478,271.0
2016-07-05,paid_search,24584,18565,115188,0.00348,139.8
2016-07-06,social_media,27547,20443,98375,0.00338,291.1
2016-07-07,paid_search,23757,19475,122326,0.00537,150.9
2016-07-08,email_campaign,30223,22727,147211,0.00486,123.4
2016-07-09,organic_search,28415,20298,102750,0.00322,284.3
2016-07-10,organic_search,26627,18741,121806,0.00495,142.3
2016-07-11,email_campaign,23750,17184,100402,0.00353,309.5
2016-07-12,paid_search,25090,19330,108000,0.00491,109.9
2016-07-13,organic_search,25456,19617,112461,0.00498,307.1
2016-07-14,social_media,26102,21123,103066,0.00477,184.2
2016-07-15,organic_search,24689,19531,81948,0.00417,116.4
2016-07-16,organic_search,24381,18562,120554,0.00511,188.1
2016-07-17,organic_search,23404,17521,124678,0.00353,104.8
2016-07-18,email_campaign,26498,19304,88806,0.00441,317.7
2016-07-19,email_campaign,24148,18248,92848,0.00378,151.9
2016-07-20,social_media,26407,18650,132572,0.00381,299.8
2016-07-21,social_media,26495,20970,114364,0.00387,119.0
2016-07-22,organic_search,24845,18827,111995,0.00372,316.1
2016-07-23,email_campaign,25328,20611,91707,0.00375,185.8
2016-07-24,paid_search,26287,18818,109309,0.00444,229.7
2016-07-25,email_campaign,26214,19627,122354,0.00345,291.6
2016-07-26,organic_search,28240,21589,134010,0.00519,119.7
2016-07-27,organic_search,27237,21103,88734,0.00536,157.0
2016-07-28,social_media,25533,18068,103976,0.00502,281.6
2016-07-29,social_media,28740,20665,154184,0.00447,110.0
2016-07-30,paid_search,27670,21379,96328,0.00423,255.3
2016-07-31,social_media,29012,22088,136051,0.00576,197.3
2016-08-01,organic_search,26556,20258,131761,0.00456,297.3
2016-08-02,referral,29110,20880,147042,0.00375,101.8
2016-08-03,paid_search,27129,21732,127147,0.00444,137.1
2016-08-04,paid_search,29332,21908,137738,0.00543,272.8
2016-08-05,paid_search,27384,20014,98121,0.00453,219.5
2016-08-06,email_campaign,28180,22272,133138,0.00536,178.5
2016-08-07,email_campaign,29434,22994,147103,0.00411,280.1
2016-08-08,paid_search,34462,25228,175155,0.00438,188.3
2016-08-09,paid_search,26386,19781,111721,0.00335,132.6
2016-08-10,referral,33121,27111,133606,0.00492,132.5
2016-08-11,organic_search,31742,24365,161020,0.00378,245.3
2016-08-12,social_media,27987,19679,94711,0.00363,316.6
2016-08-13,social_media,25016,17540,123852,0.00553,196.7
2016-08-14,social_media,27633,20341,90982,0.00509,156.4
2016-08-15,organic_search,31092,23420,110105,0.00515,121.7
2016-08-16,organic_search,29690,23156,154339,0.0046,247.4
2016-08-17,organic_search,31419,22260,132681,0.00347,314.6
2016-08-18,email_campaign,24412,18601,116144,0.00457,194.8
2016-08-19,paid_search,28446,20582,92462,0.00492,218.6
2016-08-20,social_media,27262,21783,149049,0.00483,164.7
2016-08-21,paid_search,27254,22311,103705,0.00343,127.6
2016-08-22,organic_search,28141,20906,121068,0.00419,122.1
2016-08-23,paid_search,29012,22783,134510,0.00344,298.5
2016-08-24,referral,28046,22781,106186,0.00364,126.3
2016-08-25,social_media,30846,23195,102990,0.00573,296.6
2016-08-26,organic_search,32227,22624,104810,0.00471,196.4
2016-08-27,social_media,29576,23100,114347,0.00322,217.9
2016-08-28,email_campaign,30591,23449,144030,0.00448,245.6
2016-08-29,social_media,27102,21683,109621,0.004,157.4
2016-08-30,email_campaign,27808,21416,149144,0.00414,220.4
2016-08-31,paid_search,27343,21369,102717,0.00488,254.1
2016-09-01,social_media,21640,17149,109678,0.00364,204.0
2016-09-02,referral,24806,19936,112082,0.00349,108.5
2016-09-03,paid_search,19833,16155,91836,0.00376,278.4
2016-09-04,social_media,19186,14935,103136,0.00384,311.9
2016-09-05,organic_search,25486,19924,89356,0.00473,269.1
2016-09-06,organic_search,17889,12808,78449,0.0039,105.0
2016-09-07,social_media,23068,16975,76283,0.00485,249.0
2016-09-08,referral,21760,16332,101591,0.00347,108.0
2016-09-09,social_media,20850,16841,101356,0.00425,184.7
2016-09-10,social_media,23004,16494,79664,0.00506,187.2
2016-09-11,organic_search,20958,16065,108501,0.00368,228.5
2016-09-12,paid_search,20790,14729,68994,0.00502,285.4
2016-09-13,email_campaign,19627,14282,82026,0.00435,291.1
2016-09-14,referral,21671,15592,109106,0.00324,100.9
2016-09-15,referral,21936,17311,112756,0.00552,224.3
2016-09-16,social_media,19725,14698,99907,0.00323,127.6
2016-09-17,email_campaign,21486,15561,106089,0.00519,146.2
2016-09-18,referral,22263,15923,80501,0.00459,123.9
2016-09-19,paid_search,19562,15211,102109,0.00418,146.7
2016-09-20,referral,19759,15855,95177,0.00443,162.9
2016-09-21,organic_search,20826,16905,92394,0.00368,134.3
2016-09-22,social_media,19679,15286,69619,0.00511,114.9
2016-09-23,referral,19211,13838,79369,0.0032,148.8
2016-09-24,paid_search,19661,16063,92931,0.00529,202.0
2016-09-25,organic_search,19504,15832,66917,0.00339,273.6
2016-09-26,paid_search,19551,14186,67786,0.00565,189.0
2016-09-27,paid_search,20064,16348,65220,0.00405,304.2
2016-09-28,organic_search,20824,15238,110681,0.00544,163.1
2016-09-29,paid_search,18850,13877,64838,0.00431,106.4
2016-09-30,referral,19952,16032,84119,0.00522,140.0
2016-10-01,organic_search,15690,12077,66861,0.00401,235.6
2016-10-02,organic_search,16303,12829,86204,0.0057,178.6
2016-10-03,organic_search,16160,13151,84680,0.00368,255.4
2016-10-04,paid_search,18099,14630,86359,0.00427,270.3
2016-10-05,paid_search,17094,13193,84900,0.00382,152.1
2016-10-06,direct,16480,12069,57200,0.0044,200.4
2016-10-07,social_media,18947,14466,88287,0.00375,130.4
2016-10-08,organic_search,16749,13285,90179,0.00569,119.7
2016-10-09,paid_search,13627,9848,63580,0.00504,239.5
2016-10-10,social_media,17553,12553,69444,0.00421,191.3
2016-10-11,paid_search,15134,11420,51660,0.00351,194.3
2016-10-12,email_campaign,16384,12184,80295,0.00377,315.8
2016-10-13,email_campaign,16117,12753,75419,0.00541,258.5
2016-10-14,email_campaign,15800,11450,61624,0.00469,296.7
2016-10-15,email_campaign,16332,12994,52674,0.00492,155.9
2016-10-16,email_campaign,16728,12769,77896,0.00462,289.6
2016-10-17,social_media,16976,12404,85828,0.00457,204.5
2016-10-18,email_campaign,15801,11691,84041,0.00524,192.0
2016-10-19,social_media,16470,12951,58118,0.00417,318.6
2016-10-20,organic_search,15730,12739,76784,0.00563,197.5
2016-10-21,email_campaign,18497,13104,61071,0.00398,135.0
2016-10-22,referral,17596,14020,78544,0.00424,190.1
2016-10-23,social_media,15290,10820,78871,0.00579,167.0
2016-10-24,referral,16565,12863,81578,0.00426,263.5
2016-10-25,social_media,17226,13670,66957,0.00464,133.5
2016-10-26,paid_search,17265,13081,64846,0.00511,138.8
2016-10-27,organic_search,16121,11701,83758,0.00442,220.9
2016-10-28,organic_search,16013,12025,51729,0.00362,191.4
2016-10-29,paid_search,16178,12385,65228,0.004,258.1
2016-10-30,referral,14980,10862,76509,0.00522,260.3
2016-10-31,organic_search,14528,11617,48878,0.00447,200.6
2016-11-01,organic_search,9921,6954,37157,0.00411,297.2
2016-11-02,direct,13377,10448,62589,0.00476,180.1
2016-11-03,referral,13217,10821,57843,0.00364,242.8
2016-11-04,paid_search,15480,12205,65097,0.00336,152.5
2016-11-05,organic_search,12693,10390,58940,0.00526,188.3
2016-11-06,social_media,14121,11290,69354,0.00322,101.3
2016-11-07,direct,14412,10835,58813,0.00325,225.5
2016-11-08,paid_search,15021,10948,56211,0.00332,142.2
2016-11-09,referral,14051,10096,50820,0.00434,221.4
2016-11-10,organic_search,12300,9590,54043,0.00443,153.5
2016-11-11,paid_search,14481,10750,60880,0.00334,318.5
2016-11-12,social_media,13921,10552,76023,0.0044,257.7
2016-11-13,email_campaign,14357,11022,70333,0.00438,102.8
2016-11-14,social_media,15703,11310,82333,0.00511,311.7
2016-11-15,paid_search,16722,13433,76078,0.00413,178.0
2016-11-16,organic_search,14954,11372,67005,0.00381,282.0
2016-11-17,referral,13839,10869,54220,0.00365,109.5
2016-11-18,organic_search,14924,11640,57143,0.00428,128.9
2016-11-19,referral,16193,12098,70086,0.00558,203.9
2016-11-20,social_media,13513,10080,50458,0.00516,116.9
2016-11-21,referral,16673,12248,63606,0.00532,175.6
2016-11-22,organic_search,13636,10775,51147,0.00456,223.3
2016-11-23,organic_search,14106,10280,67908,0.00468,195.8
2016-11-24,direct,15361,11156,56779,0.00435,309.2
2016-11-25,organic_search,11287,9107,48716,0.00397,307.9
2016-11-26,email_campaign,12882,10027,49661,0.00364,247.6
2016-11-27,paid_search,13309,9682,72788,0.0042,174.3
2016-11-28,email_campaign,12901,10483,54139,0.00383,306.6
2016-11-29,direct,14112,10479,69379,0.00549,286.5
2016-11-30,organic_search,14123,10842,56376,0.00495,289.5
2016-12-01,organic_search,17034,12965,62158,0.00354,116.7
2016-12-02,referral,17041,12600,91993,0.00527,241.9
2016-12-03,organic_search,16495,12690,63476,0.00478,257.6
2016-12-04,paid_search,18203,13285,60709,0.00453,247.7
2016-12-05,organic_search,14288,11009,46630,0.0046,207.4
2016-12-06,email_campaign,16069,11394,53670,0.00344,198.8
2016-12-07,organic_search,16032,12887,71188,0.00474,204.0
2016-12-08,social_media,18023,13994,73555,0.00476,247.8
2016-12-09,referral,17983,13716,64924,0.00516,296.0
2016-12-10,organic_search,19218,14825,91028,0.00513,225.8
2016-12-11,organic_search,16676,11969,65996,0.00442,228.0
2016-12-12,referral,13350,9592,51730,0.00349,174.2
2016-12-13,organic_search,15412,11215,67548,0.00536,114.1
2016-12-14,paid_search,13095,9864,60583,0.0042,115.6
2016-12-15,organic_search,16207,12614,82968,0.00458,145.8
2016-12-16,social_media,15939,11652,53942,0.00536,199.6
2016-12-17,email_campaign,14917,12185,63940,0.0039,267.9
2016-12-18,paid_search,15169,11685,62649,0.00373,222.6
2016-12-19,organic_search,18344,13487,67232,0.00352,236.3
2016-12-20,organic_search,16681,12738,74053,0.00346,282.3
2016-12-21,paid_search,15734,12849,54528,0.0043,216.5
2016-12-22,email_campaign,15796,11671,56842,0.00422,150.4
2016-12-23,organic_search,15987,11280,68313,0.00422,227.1
2016-12-24,organic_search,13567,10748,66087,0.0049,307.2
2016-12-25,paid_search,16706,12156,71340,0.00409,195.1
2016-12-26,email_campaign,14146,10364,52010,0.00412,192.7
2016-12-27,referral,16063,12885,52487,0.00326,146.9
2016-12-28,paid_search,13341,9462,58408,0.00536,301.8
2016-12-29,social_media,15158,11598,76740,0.00376,108.0
2016-12-30,paid_search,14375,11585,55377,0.00346,138.8
2016-12-31,referral,17037,12745,70383,0.00342,157.5
2017-01-01,paid_search,12622,10240,40788,0.00428,164.0
2017-01-02,organic_search,11539,9413,61868,0.00549,155.9
2017-01-03,organic_search,11507,8946,55783,0.00542,226.0
2017-01-04,email_campaign,10925,8136,50441,0.00384,228.1
2017-01-05,email_campaign,12054,9143,55335,0.00487,158.4
2017-01-06,referral,13380,9430,58369,0.00382,235.2
2017-01-07,referral,13715,10628,61889,0.00404,223.4
2017-01-08,organic_search,12389,9146,43499,0.00392,182.3
2017-01-09,organic_search,11802,8776,58449,0.00466,197.2
2017-01-10,social_media,12803,9158,65574,0.00514,108.1
2017-01-11,email_campaign,13414,9660,52857,0.00537,297.6
2017-01-12,email_campaign,12525,9985,45854,0.00521,287.0
2017-01-13,organic_search,14039,11266,55457,0.00543,116.4
2017-01-14,paid_search,14325,10550,55281,0.00325,230.8
2017-01-15,social_media,12653,9484,44274,0.00529,311.3
2017-01-16,paid_search,13013,9791,44548,0.00437,229.0
2017-01-17,referral,10949,8323,40253,0.00326,277.2
2017-01-18,organic_search,12495,8815,55397,0.00489,112.5
2017-01-19,organic_search,12554,10249,49214,0.00469,150.2
2017-01-20,referral,11811,9397,59903,0.00451,162.3
2017-01-21,social_media,12422,9307,49377,0.00369,236.4
2017-01-22,paid_search,12462,9257,64210,0.00561,271.4
2017-01-23,paid_search,12834,10063,46316,0.00328,278.2
2017-01-24,email_campaign,13391,9706,43170,0.00448,281.7
2017-01-25,paid_search,14150,10329,59924,0.0043,275.9
2017-01-26,email_campaign,12150,8685,39488,0.00429,125.7
2017-01-27,social_media,13150,9777,51437,0.00565,100.2
2017-01-28,email_campaign,13864,10045,51529,0.00566,261.3
2017-01-29,referral,13325,10241,65733,0.0034,296.0
2017-01-30,paid_search,14275,10425,68719,0.00453,228.7
2017-01-31,organic_search,13101,10062,45137,0.00354,257.6
2017-02-01,organic_search,20232,15351,104667,0.00577,292.0
2017-02-02,organic_search,19312,14146,65888,0.00445,171.5
2017-02-03,paid_search,20370,16455,82660,0.00362,290.3
2017-02-04,social_media,18498,13014,98103,0.00502,193.5
2017-02-05,referral,19918,14950,64989,0.00524,157.2
2017-02-06,social_media,16421,13077,77641,0.00532,179.9
2017-02-07,referral,19113,14914,80835,0.00413,209.7
2017-02-08,organic_search,18913,13297,101831,0.00382,123.6
2017-02-09,referral,19358,14364,82492,0.00476,179.6
2017-02-10,email_campaign,20565,14652,100848,0.00489,123.2
2017-02-11,paid_search,20397,15311,85105,0.00527,156.1
2017-02-12,referral,19746,15695,63249,0.00431,200.9
2017-02-13,paid_search,18134,13438,64163,0.00406,135.8
2017-02-14,organic_search,20499,15808,84387,0.00432,171.4
2017-02-15,paid_search,18861,14219,62685,0.00568,216.2
2017-02-16,email_campaign,21116,14886,72121,0.0036,121.2
2017-02-17,paid_search,19370,14607,104239,0.00552,210.6
2017-02-18,organic_search,16868,13003,64837,0.00401,275.6
2017-02-19,paid_search,19576,14548,65886,0.00332,221.7
2017-02-20,organic_search,20870,14625,96876,0.0045,294.8
2017-02-21,organic_search,18854,13238,88714,0.00333,224.6
2017-02-22,referral,17550,12520,85769,0.00356,284.9
2017-02-23,paid_search,19901,15174,92090,0.00563,109.5
2017-02-24,paid_search,18825,15336,70231,0.00519,185.4
2017-02-25,organic_search,21844,17534,118820,0.00564,315.0
2017-02-26,social_media,19969,14510,94524,0.0044,220.0
2017-02-27,email_campaign,16986,13530,90178,0.00535,247.1
2017-02-28,organic_search,18395,14684,80475,0.00375,296.3
2017-03-01,paid_search,31339,25451,117827,0.0055,237.9
2017-03-02,referral,26292,20817,93912,0.00477,206.4
2017-03-03,direct,22532,17241,122003,0.00398,288.3
2017-03-04,paid_search,26587,19627,129329,0.00426,129.1
2017-03-05,social_media,24658,20216,107200,0.00566,101.8
2017-03-06,paid_search,25866,18584,119513,0.00452,296.3
2017-03-07,social_media,26052,21324,121338,0.0041,297.9
2017-03-08,email_campaign,24150,19653,126445,0.004,120.4
2017-03-09,paid_search,29725,22479,144087,0.00543,280.9
2017-03-10,paid_search,25479,20206,107208,0.00343,121.4
2017-03-11,social_media,29217,21324,153598,0.00485,206.4
2017-03-12,organic_search,28008,20985,90754,0.00346,162.0
2017-03-13,organic_search,25233,19194,131380,0.00412,161.0
2017-03-14,email_campaign,27428,19351,134330,0.00442,146.4
2017-03-15,organic_search,26362,19478,121330,0.00423,169.9
2017-03-16,social_media,23997,18520,93928,0.00322,291.2
2017-03-17,direct,28117,20066,102977,0.00454,133.2
2017-03-18,direct,26019,21045,122810,0.00426,313.8
2017-03-19,organic_search,30770,24465,120261,0.00578,293.9
2017-03-20,social_media,26717,21702,140692,0.00558,190.1
2017-03-21,paid_search,28025,21297,140613,0.00496,256.3
2017-03-22,social_media,29633,22377,125447,0.00386,118.4
2017-03-23,direct,27385,19403,112532,0.00331,228.8
2017-03-24,direct,29258,21262,108868,0.00379,185.0
2017-03-25,social_media,24253,19444,80650,0.00541,313.7
2017-03-26,organic_search,25932,20343,85961,0.00502,268.4
2017-03-27,referral,28655,22329,106341,0.00349,146.1
2017-03-28,email_campaign,27352,19599,104654,0.00538,216.2
2017-03-29,paid_search,24119,17923,116628,0.00461,148.0
2017-03-30,social_media,26971,19071,86387,0.00398,233.3
2017-03-31,referral,24915,20002,92676,0.00326,149.1
2017-04-01,paid_search,38431,28563,187339,0.00481,266.5
2017-04-02,email_campaign,40207,28170,178934,0.00426,290.7
2017-04-03,organic_search,33072,25843,112801,0.00483,223.1
2017-04-04,paid_search,33989,27225,155858,0.0039,175.9
2017-04-05,social_media,36364,25936,177513,0.00454,251.2
2017-04-06,paid_search,34141,24945,126208,0.00403,257.5
2017-04-07,paid_search,32188,25653,157226,0.0051,169.4
2017-04-08,referral,40281,28931,155181,0.00332,192.8
2017-04-09,social_media,34091,24873,185984,0.00379,247.1
2017-04-10,email_campaign,33877,24739,131585,0.0058,202.9
2017-04-11,email_campaign,32932,23764,125962,0.00334,126.2
2017-04-12,organic_search,35148,27088,152289,0.00386,282.4
2017-04-13,social_media,42500,34195,161371,0.00475,205.0
2017-04-14,paid_search,37043,27050,185341,0.00473,202.5
2017-04-15,referral,35179,26145,114493,0.00431,209.5
2017-04-16,paid_search,33153,24240,136032,0.00321,139.1
2017-04-17,organic_search,28523,22616,137529,0.00333,239.8
2017-04-18,organic_search,32079,24550,106023,0.00323,112.9
2017-04-19,paid_search,35793,26391,161461,0.00556,213.5
2017-04-20,email_campaign,37700,30613,156417,0.0042,226.6
2017-04-21,paid_search,34469,27342,113849,0.00486,187.9
2017-04-22,organic_search,35014,27749,178933,0.00432,150.9
2017-04-23,organic_search,34949,27137,154407,0.0035,185.7
2017-04-24,social_media,39024,29763,128812,0.00528,122.4
2017-04-25,paid_search,32804,26730,168725,0.00474,203.1
2017-04-26,referral,37962,27673,208232,0.00388,280.4
2017-04-27,social_media,33066,26305,130394,0.00534,227.0
2017-04-28,social_media,39311,31002,183407,0.00544,204.0
2017-04-29,social_media,34984,26887,117941,0.00339,313.7
2017-04-30,email_campaign,33629,23674,152003,0.0039,113.5
2017-05-01,referral,35419,28180,139200,0.00484,247.5
2017-05-02,referral,31907,25516,137623,0.00405,124.1
2017-05-03,paid_search,32706,26684,159335,0.00379,103.6
2017-05-04,email_campaign,40776,31284,177898,0.00339,274.0
2017-05-05,social_media,34742,26251,146458,0.00377,254.8
2017-05-06,email_campaign,32822,25112,108429,0.00358,254.5
2017-05-07,social_media,31502,25544,126351,0.00525,209.4
2017-05-08,organic_search,38996,31829,154237,0.00419,185.4
2017-05-09,organic_search,32416,23982,130327,0.00383,296.1
2017-05-10,organic_search,31077,21933,108879,0.00331,198.6
2017-05-11,paid_search,40565,31416,187398,0.00356,102.6
2017-05-12,paid_search,36556,28715,185671,0.00557,177.5
2017-05-13,paid_search,36185,25745,115795,0.00355,162.9
2017-05-14,social_media,35091,25607,124227,0.00346,108.7
2017-05-15,email_campaign,30119,22719,105449,0.00395,104.1
2017-05-16,organic_search,29307,21668,114024,0.0056,279.4
2017-05-17,email_campaign,35769,25156,117395,0.00454,279.9
2017-05-18,direct,30812,22207,157739,0.00457,132.3
2017-05-19,paid_search,33045,26472,149938,0.00441,280.1
2017-05-20,email_campaign,35913,28096,193013,0.00538,308.4
2017-05-21,social_media,33719,27372,161464,0.0057,117.1
2017-05-22,social_media,30096,23024,119937,0.00501,254.2
2017-05-23,referral,36796,28201,184009,0.00447,301.7
2017-05-24,paid_search,33264,25804,148653,0.00328,245.9
2017-05-25,organic_search,42164,30899,163992,0.00414,210.7
2017-05-26,paid_search,38464,29297,162907,0.00345,219.4
2017-05-27,social_media,37792,26861,164495,0.00512,216.1
2017-05-28,organic_search,36429,25857,184949,0.00459,219.3
2017-05-29,direct,37677,27433,176246,0.00471,318.5
2017-05-30,organic_search,33980,26896,157781,0.00511,149.0
2017-05-31,social_media,33594,25749,174323,0.00519,102.6
2017-06-01,email_campaign,35023,25765,160167,0.00423,101.6
2017-06-02,social_media,34130,26604,146895,0.00339,212.5
2017-06-03,paid_search,35091,27042,133878,0.00328,280.5
2017-06-04,paid_search,35649,26916,179071,0.00382,260.0
2017-06-05,social_media,35826,29166,119666,0.00458,145.8
2017-06-06,referral,32575,25695,133505,0.00334,124.0
2017-06-07,organic_search,39435,29407,178969,0.0045,195.7
2017-06-08,paid_search,40944,33493,180190,0.00556,129.4
2017-06-09,direct,35721,27148,133317,0.00387,207.7
2017-06-10,organic_search,33686,24717,143139,0.0038,305.6
2017-06-11,email_campaign,35853,25199,143300,0.00399,180.7
2017-06-12,paid_search,31576,23416,141683,0.00469,275.5
2017-06-13,paid_search,37243,27019,175384,0.00489,110.5
2017-06-14,social_media,37351,29518,179754,0.00403,122.5
2017-06-15,organic_search,36969,25886,188129,0.00463,205.3
2017-06-16,organic_search,34268,28084,145117,0.0055,256.6
2017-06-17,direct,34308,27419,171234,0.00571,218.3
2017-06-18,paid_search,32370,23780,143718,0.00394,253.9
2017-06-19,organic_search,33905,25119,108701,0.0037,254.3
2017-06-20,paid_search,34714,27073,188181,0.00439,223.6
2017-06-21,paid_search,35493,27221,143116,0.00353,204.6
2017-06-22,organic_search,35661,25646,158778,0.00433,270.2
2017-06-23,referral,33715,24358,120962,0.00321,102.8
2017-06-24,direct,35424,25113,130720,0.00451,141.1
2017-06-25,paid_search,36412,28892,119913,0.00551,317.2
2017-06-26,organic_search,30718,23077,136114,0.00518,310.6
2017-06-27,social_media,35040,27683,132527,0.00577,233.5
2017-06-28,organic_search,42111,34054,146124,0.00511,191.7
2017-06-29,organic_search,37150,27468,120218,0.00421,124.4
2017-06-30,organic_search,35611,25213,157515,0.00353,156.5
2017-07-01,referral,27145,22248,147955,0.00368,234.5
2017-07-02,social_media,23645,16898,105672,0.00439,257.1
2017-07-03,paid_search,29634,22682,146736,0.00543,260.1
2017-07-04,organic_search,23817,17795,91606,0.00345,284.0
2017-07-05,organic_search,30269,22948,122353,0.00578,199.5
2017-07-06,organic_search,25118,18918,82615,0.0057,312.3
2017-07-07,email_campaign,26598,18854,90748,0.00491,128.4
2017-07-08,email_campaign,25459,19735,132902,0.00547,203.4
2017-07-09,organic_search,26766,20461,123557,0.00459,180.9
2017-07-10,social_media,29237,23394,130703,0.00479,287.9
2017-07-11,email_campaign,26995,20036,108610,0.00546,260.5
2017-07-12,organic_search,26508,20514,98051,0.00523,154.8
2017-07-13,direct,27766,21735,135675,0.00339,100.2
2017-07-14,email_campaign,28660,22433,96760,0.00511,165.1
2017-07-15,paid_search,28075,20085,111258,0.00333,234.6
2017-07-16,direct,27449,19255,149747,0.00324,211.5
2017-07-17,social_media,25338,19798,118388,0.00494,118.4
2017-07-18,social_media,30601,24469,141407,0.00476,233.4
2017-07-19,email_campaign,29232,23099,131517,0.00432,309.9
2017-07-20,email_campaign,27033,19410,112947,0.00459,260.3
2017-07-21,email_campaign,26517,19629,88480,0.00414,183.2
2017-07-22,paid_search,27599,20340,104019,0.00502,254.5
2017-07-23,email_campaign,25790,18090,117908,0.00561,213.1
2017-07-24,email_campaign,29863,22909,115978,0.0035,207.0
2017-07-25,social_media,30138,21262,110196,0.00477,280.9
2017-07-26,direct,29732,22503,146625,0.00403,289.5
2017-07-27,social_media,26209,19977,93723,0.00396,281.2
2017-07-28,email_campaign,25463,19086,122555,0.00416,135.1
2017-07-29,paid_search,25990,18977,137669,0.00502,108.7
2017-07-30,paid_search,31426,23608,165188,0.00561,100.8
2017-07-31,referral,25165,19158,119787,0.00522,123.9
2017-08-01,referral,28290,22258,146911,0.00577,181.6
2017-08-02,direct,26788,20979,114784,0.00423,271.5
2017-08-03,social_media,31496,22536,143701,0.00427,285.1
2017-08-04,email_campaign,30889,23962,151068,0.0034,185.8
2017-08-05,paid_search,34707,27103,183550,0.00566,266.9
2017-08-06,paid_search,35889,25345,116865,0.00401,209.5
2017-08-07,email_campaign,31053,24200,119017,0.00353,228.7
2017-08-08,organic_search,30612,21678,109280,0.00374,309.4
2017-08-09,paid_search,31315,23629,161035,0.00433,287.5
2017-08-10,direct,33136,24768,140706,0.00397,298.9
2017-08-11,organic_search,30520,21870,130101,0.00446,264.1
2017-08-12,organic_search,31638,24053,168384,0.00465,198.6
2017-08-13,organic_search,33074,25703,134513,0.00339,181.1
2017-08-14,organic_search,34068,27358,160835,0.00476,163.2
2017-08-15,organic_search,35864,25366,115515,0.00534,219.2
2017-08-16,social_media,33700,25872,170639,0.0045,144.8
2017-08-17,organic_search,28915,20843,111578,0.00344,250.4
2017-08-18,organic_search,30910,21663,162728,0.00545,104.9
2017-08-19,direct,32936,25133,134014,0.00476,117.1
2017-08-20,organic_search,33483,25702,121266,0.00361,149.8
2017-08-21,organic_search,30617,24399,136168,0.00572,170.5
2017-08-22,direct,34121,24435,178933,0.00379,296.8
2017-08-23,referral,34443,27665,164113,0.00425,252.9
2017-08-24,organic_search,31644,25469,118814,0.00424,114.5
2017-08-25,social_media,33330,24632,156353,0.00353,166.7
2017-08-26,organic_search,32780,24563,144906,0.00363,198.2
2017-08-27,direct,35204,26254,132453,0.00414,306.4
2017-08-28,email_campaign,28810,22222,120902,0.0044,299.8
2017-08-29,organic_search,32051,23655,174402,0.00478,267.7
2017-08-30,social_media,30624,21466,126950,0.004,189.6
2017-08-31,organic_search,31077,22060,161632,0.00411,198.8
2017-09-01,organic_search,20846,16703,76000,0.00525,112.3
2017-09-02,social_media,23091,18684,106469,0.00431,126.4
2017-09-03,paid_search,19088,13619,80620,0.00412,261.1
2017-09-04,referral,22223,17808,119084,0.00525,134.6
2017-09-05,organic_search,22874,17929,110468,0.00348,181.6
2017-09-06,email_campaign,23093,18419,87810,0.00364,127.8
2017-09-07,organic_search,24979,18665,82315,0.00575,212.2
2017-09-08,direct,19331,15167,102782,0.00366,319.4
2017-09-09,organic_search,19179,15303,92723,0.00327,176.9
2017-09-10,email_campaign,22223,15732,82195,0.00437,257.9
2017-09-11,organic_search,20980,15408,88063,0.00574,310.3
2017-09-12,referral,22613,15960,108189,0.00361,171.2
2017-09-13,organic_search,23911,16994,111917,0.00321,145.2
2017-09-14,paid_search,21462,15173,105722,0.00534,215.0
2017-09-15,organic_search,18682,14184,86802,0.00554,236.3
2017-09-16,social_media,23441,17775,78852,0.00466,191.4
2017-09-17,paid_search,21658,16922,102167,0.00578,138.3
2017-09-18,social_media,26686,20277,86684,0.0033,231.8
2017-09-19,email_campaign,22505,16516,111810,0.00395,304.1
2017-09-20,referral,23533,18431,80584,0.00368,281.9
2017-09-21,organic_search,25061,18573,86344,0.00363,177.0
2017-09-22,paid_search,22964,18801,98691,0.00435,131.3
2017-09-23,paid_search,20569,16593,70094,0.00424,198.6
2017-09-24,referral,20937,15172,72188,0.00499,130.0
2017-09-25,organic_search,23029,18798,118847,0.00574,246.0
2017-09-26,social_media,23233,18525,97864,0.00449,120.3
2017-09-27,email_campaign,18923,13403,94972,0.00425,271.7
2017-09-28,referral,21195,16470,108775,0.00484,244.4
2017-09-29,paid_search,20000,16351,77127,0.00422,253.6
2017-09-30,paid_search,22021,16969,95903,0.00344,111.8
2017-10-01,social_media,17915,14178,59367,0.00358,161.5
2017-10-02,paid_search,16833,12837,82412,0.00404,123.3
2017-10-03,paid_search,18334,14736,66664,0.00402,148.4
2017-10-04,referral,17386,13879,59820,0.00513,127.7
2017-10-05,referral,17122,12358,80059,0.00543,246.5
2017-10-06,referral,15453,10992,79238,0.00447,166.0
2017-10-07,organic_search,19468,13738,96644,0.00383,137.9
2017-10-08,organic_search,16925,13107,66952,0.00416,114.9
2017-10-09,organic_search,18314,13255,83649,0.00363,274.5
2017-10-10,organic_search,16264,11813,65359,0.00543,113.2
2017-10-11,paid_search,17697,14266,67961,0.00426,291.3
2017-10-12,email_campaign,17354,13593,92248,0.00401,151.3
2017-10-13,email_campaign,19097,14182,78609,0.0048,292.7
2017-10-14,organic_search,17842,14135,58830,0.0052,257.3
2017-10-15,paid_search,15929,12116,79246,0.00506,200.9
2017-10-16,paid_search,18508,15059,79703,0.00537,295.6
2017-10-17,paid_search,14949,11039,59306,0.00527,275.8
2017-10-18,direct,19764,15554,71338,0.00403,271.7
2017-10-19,organic_search,17442,12576,80272,0.00328,221.9
2017-10-20,organic_search,17968,14229,95705,0.00424,134.0
2017-10-21,organic_search,18349,14662,66645,0.00549,197.8
2017-10-22,direct,18520,14092,73426,0.00568,156.9
2017-10-23,organic_search,16768,12376,70432,0.00494,101.3
2017-10-24,referral,17739,12781,65769,0.00571,178.4
2017-10-25,organic_search,19179,15268,72475,0.00538,139.2
2017-10-26,paid_search,19358,14916,98511,0.00367,161.3
2017-10-27,organic_search,17948,12685,93032,0.00562,234.1
2017-10-28,organic_search,18092,13116,88459,0.00565,280.4
2017-10-29,organic_search,19456,14861,97374,0.00559,300.3
2017-10-30,referral,16394,12277,56462,0.00393,113.5
2017-10-31,social_media,17456,13639,85404,0.00416,197.9
2017-11-01,email_campaign,14321,11372,51949,0.00464,115.8
2017-11-02,social_media,12018,9483,44492,0.00433,118.6
2017-11-03,social_media,15192,12008,52311,0.00436,280.2
2017-11-04,organic_search,13373,10254,64034,0.00544,135.6
2017-11-05,organic_search,13852,11242,56895,0.00507,109.8
2017-11-06,social_media,14695,10725,75189,0.00513,120.7
2017-11-07,email_campaign,14231,10696,72485,0.00553,293.8
2017-11-08,referral,15737,12892,70203,0.00373,178.2
2017-11-09,direct,14570,10374,71269,0.00574,315.4
2017-11-10,social_media,12163,8640,46045,0.00459,307.7
2017-11-11,email_campaign,14199,10391,69029,0.00567,295.8
2017-11-12,paid_search,16862,12751,72373,0.00366,291.1
2017-11-13,social_media,15862,12395,55608,0.00456,169.2
2017-11-14,paid_search,14054,11085,48002,0.00456,142.3
2017-11-15,social_media,17195,12430,84000,0.00338,203.6
2017-11-16,organic_search,16292,12647,89319,0.00512,301.3
2017-11-17,organic_search,15449,10944,60520,0.00578,261.8
2017-11-18,social_media,13233,9863,59263,0.00566,178.4
2017-11-19,referral,17300,12388,88596,0.00548,138.4
2017-11-20,paid_search,14606,10292,59542,0.00454,262.1
2017-11-21,paid_search,12991,10410,66044,0.00532,226.9
2017-11-22,organic_search,16414,11974,54277,0.0039,317.1
2017-11-23,referral,16073,12474,84984,0.00478,196.5
2017-11-24,social_media,16534,12308,76128,0.0032,177.6
2017-11-25,paid_search,13887,10739,47740,0.00575,301.4
2017-11-26,social_media,15331,11878,56009,0.00497,140.4
2017-11-27,organic_search,15891,11381,78015,0.00393,264.9
2017-11-28,email_campaign,14540,11330,46626,0.00439,279.2
2017-11-29,social_media,14488,11480,59571,0.00528,269.2
2017-11-30,paid_search,15443,12167,53521,0.00435,129.7
2017-12-01,organic_search,16368,12107,53712,0.00464,256.7
2017-12-02,paid_search,15521,10884,85143,0.00557,264.0
2017-12-03,social_media,16466,11801,81064,0.00566,104.3
2017-12-04,paid_search,17262,13107,70326,0.00328,218.7
2017-12-05,social_media,15001,11194,79075,0.00421,144.5
2017-12-06,referral,18173,14139,71724,0.00558,250.7
2017-12-07,organic_search,15975,12565,77815,0.00475,156.8
2017-12-08,organic_search,15992,12153,80340,0.0056,107.2
2017-12-09,organic_search,15565,11541,78310,0.00427,307.6
2017-12-10,paid_search,17215,13767,92344,0.00427,225.4
2017-12-11,organic_search,17260,12272,94346,0.00406,229.9
2017-12-12,direct,17386,13528,75549,0.00393,274.4
2017-12-13,referral,16360,12417,89686,0.00325,295.3
2017-12-14,organic_search,17626,12709,56746,0.00333,252.3
2017-12-15,organic_search,16696,12618,88119,0.00359,256.2
2017-12-16,email_campaign,15380,12573,76990,0.0042,247.9
2017-12-17,social_media,16427,12479,56203,0.00504,246.8
2017-12-18,referral,16764,13481,92034,0.00394,122.3
2017-12-19,organic_search,19770,14315,68091,0.00413,310.4
2017-12-20,social_media,15328,12099,75750,0.00552,285.6
2017-12-21,organic_search,15794,12560,68764,0.00514,123.8
2017-12-22,paid_search,16334,12950,56385,0.00354,184.4
2017-12-23,referral,16850,12718,87565,0.00361,113.8
2017-12-24,organic_search,18787,13195,88138,0.00328,218.8
2017-12-25,paid_search,19152,14167,102672,0.00497,287.8
2017-12-26,referral,15201,11994,52565,0.00412,218.5
2017-12-27,email_campaign,17541,13665,71457,0.00556,245.1
2017-12-28,email_campaign,17951,13961,93009,0.00437,165.1
2017-12-29,referral,17291,12167,62258,0.00401,314.0
2017-12-30,paid_search,16564,13467,76662,0.00394,155.2
2017-12-31,email_campaign,15712,11391,75745,0.00458,169.6
2018-01-01,organic_search,13904,10077,53381,0.00323,207.9
2018-01-02,referral,12928,10507,60337,0.00546,230.0
2018-01-03,direct,14048,10822,47328,0.00544,274.1
2018-01-04,email_campaign,11481,9267,37524,0.00376,277.7
2018-01-05,organic_search,13547,9619,73673,0.00531,164.9
2018-01-06,referral,13294,10711,69884,0.0051,115.9
2018-01-07,organic_search,13866,9930,51120,0.00437,240.3
2018-01-08,email_campaign,13310,9713,49025,0.00457,272.2
2018-01-09,organic_search,13582,9879,67305,0.00545,259.7
2018-01-10,social_media,14394,10246,55185,0.00453,202.3
2018-01-11,direct,13327,10140,46271,0.00545,149.6
2018-01-12,paid_search,16056,12141,64034,0.00368,242.1
2018-01-13,paid_search,11440,8719,61413,0.00551,272.6
2018-01-14,referral,15058,11539,62934,0.00385,292.4
2018-01-15,organic_search,12203,9300,47063,0.00567,143.6
2018-01-16,organic_search,12004,9665,64845,0.00361,158.7
2018-01-17,organic_search,13315,10603,59094,0.00516,180.3
2018-01-18,referral,14303,10695,72093,0.00438,231.4
2018-01-19,direct,14149,10956,56631,0.00352,112.1
2018-01-20,social_media,13626,10427,68278,0.0037,294.9
2018-01-21,social_media,11820,9291,45315,0.00403,223.9
2018-01-22,direct,13976,10323,74019,0.00381,168.6
2018-01-23,social_media,14031,10228,45833,0.00359,284.0
2018-01-24,social_media,13276,9889,56881,0.00327,230.5
2018-01-25,paid_search,12850,9395,65032,0.00325,190.2
2018-01-26,social_media,14225,10076,76115,0.00511,239.0
2018-01-27,social_media,13116,9200,46423,0.00569,217.4
2018-01-28,paid_search,14338,10498,54629,0.00428,114.3
2018-01-29,email_campaign,14330,11734,56472,0.00477,111.1
2018-01-30,paid_search,14184,10806,63903,0.00574,100.8
2018-01-31,organic_search,13111,10727,55626,0.00382,240.7
2018-02-01,referral,18158,13551,99763,0.00325,239.1
2018-02-02,social_media,20628,15815,77262,0.00542,258.4
2018-02-03,paid_search,17142,12608,84791,0.00332,276.7
2018-02-04,email_campaign,21937,16156,71702,0.00499,157.9
2018-02-05,organic_search,20312,14559,94216,0.00522,218.3
2018-02-06,email_campaign,20841,15923,93977,0.00522,188.6
2018-02-07,organic_search,22384,17511,84703,0.00466,118.5
2018-02-08,organic_search,19053,14537,77067,0.00533,296.6
2018-02-09,paid_search,23928,17973,97995,0.00367,311.0
2018-02-10,paid_search,17673,12439,84212,0.00446,254.2
2018-02-11,organic_search,19511,14638,89520,0.00327,279.7
2018-02-12,paid_search,21143,14809,68725,0.00355,318.8
2018-02-13,social_media,20955,14914,105610,0.00385,272.6
2018-02-14,organic_search,22852,17086,124421,0.00358,123.1
2018-02-15,organic_search,21016,16188,93867,0.00515,113.3
2018-02-16,paid_search,18882,15239,64391,0.0035,292.9
2018-02-17,organic_search,19469,14949,76665,0.00442,105.0
2018-02-18,direct,21695,15462,109393,0.00533,203.5
2018-02-19,direct,17034,12909,62250,0.00479,227.6
2018-02-20,social_media,20969,15753,89224,0.00529,251.8
2018-02-21,email_campaign,18697,14423,60082,0.00395,311.9
2018-02-22,email_campaign,16486,12941,66844,0.00471,296.4
2018-02-23,direct,20807,15501,82589,0.00537,210.0
2018-02-24,email_campaign,18429,13700,81461,0.00461,136.9
2018-02-25,social_media,19363,13575,70572,0.0035,235.6
2018-02-26,email_campaign,17681,14289,93780,0.00511,143.3
2018-02-27,organic_search,21338,17159,70800,0.00501,301.0
2018-02-28,organic_search,23064,18450,121432,0.00462,189.7
2018-03-01,paid_search,26962,20950,146189,0.00338,223.3
2018-03-02,referral,29092,23279,98813,0.00379,102.6
2018-03-03,paid_search,27876,21526,149949,0.00378,246.6
2018-03-04,email_campaign,30258,21870,124545,0.00383,213.5
2018-03-05,organic_search,26618,20081,104341,0.00465,195.2
2018-03-06,email_campaign,29196,23434,122158,0.00407,306.2
2018-03-07,email_campaign,26569,19335,94979,0.00384,143.7
2018-03-08,organic_search,34353,25095,155950,0.00534,220.1
2018-03-09,referral,29115,20468,127999,0.00463,229.0
2018-03-10,organic_search,25362,19672,85753,0.00394,311.6
2018-03-11,organic_search,26119,18591,111401,0.00386,271.8
2018-03-12,email_campaign,27756,20759,148710,0.00434,152.9
2018-03-13,paid_search,26655,19160,112081,0.00457,109.4
2018-03-14,referral,27642,21968,141297,0.00399,117.8
2018-03-15,referral,31602,23640,167018,0.00365,222.6
2018-03-16,organic_search,28981,22332,104925,0.00542,136.7
2018-03-17,organic_search,28478,20529,153768,0.00342,254.1
2018-03-18,organic_search,33664,26103,120319,0.00385,189.4
2018-03-19,paid_search,29822,23760,120238,0.00381,225.1
2018-03-20,paid_search,26355,21495,128021,0.00571,305.1
2018-03-21,email_campaign,30225,21804,161283,0.00463,280.2
2018-03-22,referral,28583,20430,141889,0.0047,196.4
2018-03-23,email_campaign,24716,17705,100647,0.0034,296.0
2018-03-24,social_media,26212,21135,127578,0.00508,184.9
2018-03-25,paid_search,23343,18573,126488,0.00395,116.0
2018-03-26,direct,25091,18621,119391,0.00428,205.3
2018-03-27,organic_search,30251,22878,115879,0.00577,142.0
2018-03-28,email_campaign,30581,21506,167274,0.00486,209.3
2018-03-29,email_campaign,25464,20112,101309,0.00441,285.6
2018-03-30,email_campaign,29367,23066,155084,0.00546,177.9
2018-03-31,organic_search,28256,19940,102427,0.00383,160.0
2018-04-01,organic_search,40226,29826,165701,0.00384,125.5
2018-04-02,organic_search,40849,31424,191170,0.00391,145.1
2018-04-03,paid_search,34758,28049,134893,0.00333,257.1
2018-04-04,organic_search,34281,25289,151738,0.00515,303.6
2018-04-05,referral,38153,28260,209383,0.00504,182.4
2018-04-06,organic_search,33990,27256,114295,0.00396,235.4
2018-04-07,organic_search,37970,26750,130583,0.00404,226.0
2018-04-08,email_campaign,41237,30368,184076,0.00538,219.2
2018-04-09,social_media,38879,29987,153130,0.00405,107.5
2018-04-10,paid_search,37779,30196,183909,0.00561,214.5
2018-04-11,social_media,28383,21274,132116,0.00431,264.7
2018-04-12,social_media,44218,33173,219615,0.00334,265.4
2018-04-13,organic_search,37055,25955,147670,0.00442,138.5
2018-04-14,social_media,35319,26697,158222,0.00537,220.2
2018-04-15,paid_search,39032,28257,170493,0.00518,104.8
2018-04-16,organic_search,34822,27737,170463,0.00562,103.4
2018-04-17,paid_search,43094,34356,169578,0.00439,282.2
2018-04-18,social_media,39902,31111,194491,0.00575,118.2
2018-04-19,referral,40961,33526,201133,0.00574,259.9
2018-04-20,paid_search,35604,27892,183788,0.00501,184.4
2018-04-21,paid_search,34335,24248,136326,0.00525,278.5
2018-04-22,social_media,35770,27328,160066,0.00337,192.1
2018-04-23,organic_search,41030,31142,178894,0.00403,278.3
2018-04-24,paid_search,40760,29004,186444,0.00406,176.7
2018-04-25,social_media,38340,27746,125240,0.0054,209.5
2018-04-26,paid_search,34008,25877,186139,0.0043,171.4
2018-04-27,social_media,38475,29471,203546,0.00413,306.9
2018-04-28,email_campaign,31176,22646,170784,0.00378,228.9
2018-04-29,paid_search,34533,28246,187174,0.00573,248.8
2018-04-30,direct,36513,29598,143406,0.00565,197.5
2018-05-01,social_media,27608,22557,145666,0.00422,106.2
2018-05-02,email_campaign,39960,31187,153413,0.00526,167.1
2018-05-03,referral,32729,24929,163856,0.00524,128.8
2018-05-04,social_media,33324,26152,114014,0.00374,297.8
2018-05-05,direct,36485,28172,122272,0.00495,127.1
2018-05-06,referral,41927,31062,200310,0.00376,200.2
2018-05-07,referral,36044,25587,146400,0.0049,104.9
2018-05-08,direct,34926,27779,120521,0.00419,149.0
2018-05-09,paid_search,35193,28654,165437,0.00424,294.0
2018-05-10,organic_search,35384,28150,151189,0.00546,311.0
2018-05-11,paid_search,34796,26089,143086,0.00364,143.3
2018-05-12,organic_search,34524,26447,111369,0.00433,314.4
2018-05-13,email_campaign,31346,24540,121932,0.0054,227.1
2018-05-14,organic_search,41790,29502,160981,0.00396,189.9
2018-05-15,referral,37625,26932,151990,0.00404,116.4
2018-05-16,paid_search,34563,24230,171423,0.00545,209.8
2018-05-17,paid_search,36783,30142,138732,0.00458,295.8
2018-05-18,referral,34098,26485,161075,0.00516,189.6
2018-05-19,email_campaign,36343,26694,154398,0.00494,162.1
2018-05-20,email_campaign,34373,26804,112561,0.00405,108.9
2018-05-21,social_media,34907,28015,113096,0.00537,107.3
2018-05-22,social_media,39610,30329,172611,0.00382,172.1
2018-05-23,paid_search,29420,21478,150125,0.00549,144.6
2018-05-24,organic_search,36243,27824,194795,0.0055,289.5
2018-05-25,social_media,37954,29878,178017,0.0048,269.4
2018-05-26,social_media,38529,27569,177123,0.00426,259.0
2018-05-27,organic_search,34124,25951,126584,0.00543,319.7
2018-05-28,email_campaign,38930,28999,151548,0.00564,119.1
2018-05-29,organic_search,31312,23118,116886,0.00575,127.8
2018-05-30,paid_search,39158,29293,202153,0.00556,114.9
2018-05-31,social_media,35888,25472,120845,0.00443,140.2
2018-06-01,organic_search,47179,37945,239522,0.0032,201.2
2018-06-02,organic_search,29884,22953,137345,0.00338,249.7
2018-06-03,referral,36288,28957,120447,0.00464,280.3
2018-06-04,referral,34071,24605,187212,0.0057,290.4
2018-06-05,organic_search,37927,28705,182011,0.00363,235.5
2018-06-06,organic_search,33776,26974,112758,0.00558,307.7
2018-06-07,social_media,41500,29983,205089,0.00444,230.3
2018-06-08,paid_search,37564,28762,177882,0.00438,252.4
2018-06-09,organic_search,40097,31883,153368,0.004,234.2
2018-06-10,paid_search,40800,31690,187618,0.00409,166.0
2018-06-11,organic_search,32986,24599,150352,0.00399,281.6
2018-06-12,organic_search,36251,28989,164285,0.00491,262.6
2018-06-13,referral,32938,23239,117179,0.00524,272.6
2018-06-14,referral,34917,27025,139828,0.00531,252.9
2018-06-15,paid_search,39046,31002,166369,0.00323,267.5
2018-06-16,email_campaign,31765,23429,127180,0.00348,261.0
2018-06-17,paid_search,33962,26621,114192,0.00572,202.2
2018-06-18,email_campaign,41049,31882,179211,0.00388,123.6
2018-06-19,referral,37705,28117,162384,0.00402,208.6
2018-06-20,paid_search,34798,28382,133347,0.00499,276.5
2018-06-21,direct,36911,29597,164959,0.00508,125.0
2018-06-22,organic_search,36318,26821,177512,0.00408,206.2
2018-06-23,organic_search,41607,31405,181887,0.0047,121.5
2018-06-24,paid_search,38453,28066,202524,0.00394,129.4
2018-06-25,email_campaign,41673,31372,216679,0.00422,162.1
2018-06-26,organic_search,36493,25827,143130,0.00495,238.7
2018-06-27,organic_search,40418,30516,190692,0.00564,124.2
2018-06-28,email_campaign,34949,26799,138918,0.00431,122.3
2018-06-29,social_media,40113,28258,181229,0.00397,102.1
2018-06-30,organic_search,37244,26665,131397,0.00404,239.2
2018-07-01,organic_search,27410,20843,103997,0.00477,114.8
2018-07-02,social_media,30348,22779,162176,0.00361,304.3
2018-07-03,social_media,28774,21475,109317,0.00363,161.3
2018-07-04,email_campaign,28097,21531,130464,0.00503,264.2
2018-07-05,email_campaign,28366,22351,105387,0.00378,128.8
2018-07-06,organic_search,29007,21919,141788,0.00466,187.6
2018-07-07,organic_search,29236,22150,105103,0.00333,300.4
2018-07-08,direct,30925,23904,121874,0.00519,186.3
2018-07-09,organic_search,25089,18234,99948,0.00373,268.0
2018-07-10,email_campaign,27959,20801,142277,0.00552,302.2
2018-07-11,social_media,28821,23357,125619,0.00405,297.7
2018-07-12,referral,27924,22230,145185,0.00371,180.4
2018-07-13,organic_search,29480,22174,149528,0.00533,243.7
2018-07-14,direct,25762,19665,103669,0.0055,115.4
2018-07-15,organic_search,26495,20800,137434,0.0051,111.8
2018-07-16,organic_search,25962,20845,116096,0.00323,190.7
2018-07-17,referral,29693,23265,157213,0.00475,259.6
2018-07-18,direct,29851,23324,133543,0.00335,313.5
2018-07-19,organic_search,30288,21242,113696,0.00532,157.2
2018-07-20,email_campaign,26713,18765,109158,0.00342,294.8
2018-07-21,organic_search,29476,23535,120740,0.00465,218.8
2018-07-22,organic_search,27433,20277,105875,0.00574,274.8
2018-07-23,paid_search,27239,21660,112878,0.00548,254.1
2018-07-24,social_media,30476,23773,162322,0.00486,172.7
2018-07-25,organic_search,34882,25462,165909,0.0047,234.9
2018-07-26,email_campaign,31947,26072,140584,0.00349,182.6
2018-07-27,paid_search,28280,20923,151389,0.00559,153.0
2018-07-28,email_campaign,25680,18188,124380,0.00562,253.1
2018-07-29,organic_search,27643,19432,122643,0.0037,288.8
2018-07-30,email_campaign,31131,22315,112726,0.00322,298.1
2018-07-31,paid_search,27391,20528,142951,0.00466,165.5
2018-08-01,organic_search,34337,26084,135710,0.00479,204.2
2018-08-02,email_campaign,32655,26106,143131,0.00382,196.8
2018-08-03,paid_search,29494,21206,126311,0.00477,285.2
2018-08-04,direct,30114,22002,110771,0.00475,122.8
2018-08-05,organic_search,32477,26417,177486,0.00379,278.5
2018-08-06,direct,39013,30452,180333,0.00376,106.6
2018-08-07,organic_search,32519,25917,106275,0.0043,210.1
2018-08-08,paid_search,29424,23086,100598,0.00455,279.9
2018-08-09,email_campaign,31580,23104,172112,0.00558,201.3
2018-08-10,paid_search,33078,25094,169398,0.00469,255.2
2018-08-11,direct,31058,21892,149625,0.00441,111.7
2018-08-12,direct,26034,19446,140718,0.00401,144.7
2018-08-13,paid_search,30743,22138,144336,0.00428,275.2
2018-08-14,social_media,30362,22819,153338,0.00427,187.6
2018-08-15,organic_search,32052,23837,162434,0.00402,177.5
2018-08-16,referral,27297,19987,138459,0.00402,233.4
2018-08-17,social_media,31433,23332,161030,0.00496,226.4
2018-08-18,referral,33012,23808,111264,0.0037,239.7
2018-08-19,organic_search,39488,31318,132972,0.0046,133.1
2018-08-20,paid_search,38268,28430,207495,0.00434,181.0
2018-08-21,email_campaign,34313,25553,133424,0.00518,121.3
2018-08-22,email_campaign,32336,25361,165802,0.00376,123.9
2018-08-23,paid_search,35869,27145,119929,0.00565,259.7
2018-08-24,organic_search,36561,29845,129066,0.00576,118.8
2018-08-25,organic_search,32544,25889,127834,0.00347,294.7
2018-08-26,direct,31686,25282,144816,0.00576,237.8
2018-08-27,paid_search,34463,25911,179758,0.0032,189.9
2018-08-28,direct,33919,27739,133606,0.00453,117.2
2018-08-29,paid_search,37620,28926,122447,0.00356,105.2
2018-08-30,paid_search,30458,21439,158311,0.0054,184.2
2018-08-31,organic_search,33256,25137,154605,0.00453,175.4
2018-09-01,organic_search,21853,17413,85618,0.00487,147.4
2018-09-02,email_campaign,26234,21116,100063,0.00425,103.8
2018-09-03,organic_search,23328,16937,101305,0.00398,279.5
2018-09-04,social_media,20499,15360,107914,0.00526,287.4
2018-09-05,paid_search,25916,19961,99437,0.00321,315.0
2018-09-06,paid_search,23575,17588,98789,0.0047,175.0
2018-09-07,social_media,24675,18579,111428,0.00538,318.4
2018-09-08,social_media,21499,15749,93009,0.00556,285.5
2018-09-09,referral,24572,19429,126340,0.00483,165.2
2018-09-10,referral,23077,16331,84070,0.00467,315.6
2018-09-11,email_campaign,22565,16306,114735,0.00572,100.7
2018-09-12,organic_search,22982,17271,81255,0.00384,220.7
2018-09-13,organic_search,20905,15542,103260,0.0057,306.6
2018-09-14,direct,22390,16009,91293,0.00441,240.7
2018-09-15,organic_search,22602,16440,120105,0.00547,163.6
2018-09-16,email_campaign,20769,15024,107735,0.00474,300.6
2018-09-17,social_media,22065,16173,117402,0.00557,191.4
2018-09-18,organic_search,21571,16801,113374,0.00455,174.5
2018-09-19,organic_search,25224,19107,122166,0.00499,155.2
2018-09-20,social_media,25444,19205,132990,0.00518,184.4
2018-09-21,social_media,26491,19068,135595,0.0042,265.6
2018-09-22,paid_search,24669,17919,86950,0.00407,279.4
2018-09-23,direct,20624,14669,86285,0.00398,242.3
2018-09-24,social_media,20102,15393,101632,0.0036,228.8
2018-09-25,social_media,24408,19735,107389,0.00503,155.4
2018-09-26,paid_search,24321,17845,96118,0.0057,148.0
2018-09-27,paid_search,22241,17169,112579,0.00439,153.6
2018-09-28,direct,20002,15966,77655,0.00488,140.3
2018-09-29,direct,22427,17112,115587,0.00363,141.3
2018-09-30,paid_search,23354,18129,116452,0.00334,298.0
2018-10-01,social_media,17446,13969,65445,0.00368,212.8
2018-10-02,social_media,20271,15969,70112,0.00454,243.0
2018-10-03,paid_search,19658,15280,105418,0.00385,282.1
2018-10-04,paid_search,18539,14197,96559,0.0041,301.5
2018-10-05,social_media,20697,16077,73261,0.0042,172.2
2018-10-06,organic_search,16653,12906,80971,0.00459,151.6
2018-10-07,email_campaign,17138,13053,57506,0.0047,117.9
2018-10-08,social_media,19068,13677,65463,0.00561,170.3
2018-10-09,direct,19974,16002,90108,0.00525,192.4
2018-10-10,email_campaign,17449,12425,61769,0.00542,291.6
2018-10-11,email_campaign,19030,14401,90502,0.00354,243.5
2018-10-12,social_media,18202,13618,64683,0.0033,137.8
2018-10-13,direct,19872,15725,80948,0.00442,131.6
2018-10-14,email_campaign,20239,14377,69632,0.00438,200.6
2018-10-15,social_media,17769,13147,75308,0.00481,233.4
2018-10-16,social_media,19688,14863,91384,0.00362,108.0
2018-10-17,organic_search,19552,14296,99335,0.0037,240.5
2018-10-18,paid_search,19459,14580,100285,0.00469,250.1
2018-10-19,organic_search,20461,14643,94374,0.0047,177.2
2018-10-20,paid_search,18986,13449,102852,0.00465,200.6
2018-10-21,organic_search,16474,13416,72338,0.00505,168.9
2018-10-22,organic_search,16423,12464,56130,0.00535,265.1
2018-10-23,direct,18758,14397,102111,0.00516,260.6
2018-10-24,social_media,19856,16190,91843,0.00573,262.3
2018-10-25,organic_search,20502,15589,76666,0.00381,269.5
2018-10-26,referral,20468,16548,96900,0.0053,180.3
2018-10-27,social_media,17633,14288,87551,0.00355,240.0
2018-10-28,organic_search,18790,14337,74564,0.00374,265.4
2018-10-29,referral,16800,12522,83164,0.00475,118.8
2018-10-30,organic_search,20762,15120,98114,0.00388,247.9
2018-10-31,email_campaign,18241,13224,62125,0.00501,104.5
2018-11-01,organic_search,15431,12049,57107,0.0042,230.1
2018-11-02,email_campaign,13047,9573,43887,0.00564,127.6
2018-11-03,organic_search,14646,11622,77355,0.00537,293.0
2018-11-04,paid_search,16325,12263,85351,0.00457,314.8
2018-11-05,paid_search,13853,9904,50174,0.00508,160.2
2018-11-06,email_campaign,15092,12371,58135,0.00427,308.8
2018-11-07,social_media,16607,12795,90142,0.00418,105.6
2018-11-08,direct,17730,13648,64345,0.00345,112.3
2018-11-09,direct,14879,12155,53499,0.00527,155.6
2018-11-10,social_media,15586,11264,81426,0.00494,278.0
2018-11-11,email_campaign,18244,14668,98163,0.00532,291.4
2018-11-12,social_media,15697,11542,78287,0.00575,129.6
2018-11-13,organic_search,15702,11307,84018,0.00447,179.5
2018-11-14,social_media,16436,12825,87206,0.00487,198.1
2018-11-15,referral,14003,10197,49244,0.00433,199.7
2018-11-16,email_campaign,15836,11472,82918,0.00438,235.5
2018-11-17,email_campaign,15104,12205,57142,0.00538,198.1
2018-11-18,organic_search,15009,11168,79389,0.0047,278.3
2018-11-19,social_media,15077,12273,60967,0.00549,123.6
2018-11-20,email_campaign,17846,14400,87533,0.0045,182.0
2018-11-21,social_media,15276,12136,79255,0.00536,156.9
2018-11-22,direct,15961,11888,67405,0.00503,136.9
2018-11-23,social_media,17599,14309,82555,0.0037,273.5
2018-11-24,email_campaign,17089,12539,58015,0.0052,175.8
2018-11-25,referral,17558,12870,90020,0.00326,123.7
2018-11-26,paid_search,15157,11521,51414,0.00441,229.9
2018-11-27,social_media,15933,11620,54362,0.00523,255.0
2018-11-28,direct,15834,12045,51498,0.00481,273.9
2018-11-29,social_media,17179,13078,82000,0.00436,117.9
2018-11-30,direct,15350,12215,73651,0.00536,188.3
2018-12-01,email_campaign,18574,14254,99528,0.00366,118.0
2018-12-02,email_campaign,19511,14644,80313,0.00511,238.7
2018-12-03,organic_search,15506,11009,64657,0.00522,233.4
2018-12-04,organic_search,17005,13022,74402,0.00571,290.5
2018-12-05,social_media,16108,12734,75172,0.00359,178.1
2018-12-06,organic_search,18794,13315,64401,0.00434,244.9
2018-12-07,paid_search,16317,12500,53866,0.00397,315.4
2018-12-08,organic_search,19012,14291,82685,0.00474,171.6
2018-12-09,social_media,20477,15247,109812,0.00334,114.6
2018-12-10,paid_search,20449,16320,78059,0.00368,244.2
2018-12-11,email_campaign,16690,12758,71698,0.00555,227.9
2018-12-12,organic_search,19810,14513,106078,0.00327,167.2
2018-12-13,direct,16278,12050,84818,0.00363,194.2
2018-12-14,organic_search,17277,14024,71847,0.00478,118.1
2018-12-15,organic_search,16953,12495,82434,0.00331,260.5
2018-12-16,organic_search,17668,13728,81437,0.00521,127.6
2018-12-17,email_campaign,19993,14961,82231,0.00472,191.5
2018-12-18,social_media,17386,14023,73775,0.00448,247.1
2018-12-19,organic_search,19880,14317,99436,0.00333,267.5
2018-12-20,email_campaign,16785,12570,86527,0.00512,170.3
2018-12-21,social_media,17089,13989,75369,0.00508,129.2
2018-12-22,direct,19131,15097,92396,0.00334,287.5
2018-12-23,organic_search,18677,14418,67357,0.0052,138.0
2018-12-24,organic_search,18196,14167,81305,0.00328,221.9
2018-12-25,paid_search,18220,13502,82734,0.0053,177.6
2018-12-26,email_campaign,16195,11429,85129,0.00506,167.4
2018-12-27,organic_search,20352,14676,96078,0.00359,136.4
2018-12-28,organic_search,16913,12431,77764,0.00478,165.5
2018-12-29,organic_search,18932,15491,81645,0.0041,307.7
2018-12-30,direct,16773,12407,59562,0.00403,310.6
2018-12-31,social_media,17432,12802,79582,0.00562,300.5
2019-01-01,paid_search,13010,10036,51325,0.00495,219.9
2019-01-02,social_media,12737,9001,48341,0.00576,217.0
2019-01-03,direct,13152,9372,68314,0.00433,319.8
2019-01-04,paid_search,15690,11339,79556,0.00549,210.1
2019-01-05,email_campaign,14519,11859,75716,0.00358,152.5
2019-01-06,paid_search,14231,10763,49759,0.0046,180.6
2019-01-07,direct,15866,12380,77357,0.00362,241.1
2019-01-08,paid_search,15100,11084,66828,0.00569,118.8
2019-01-09,referral,15325,11547,55452,0.00497,153.5
2019-01-10,organic_search,16076,12915,67366,0.00463,201.7
2019-01-11,organic_search,13433,9721,57341,0.00557,165.2
2019-01-12,email_campaign,14383,11480,57737,0.00466,170.6
2019-01-13,organic_search,16540,12051,79348,0.00569,179.2
2019-01-14,email_campaign,13279,10415,53209,0.00385,125.3
2019-01-15,paid_search,13831,10313,63195,0.0057,181.0
2019-01-16,paid_search,15512,12091,66027,0.00503,267.2
2019-01-17,social_media,14437,11002,52900,0.00432,100.9
2019-01-18,organic_search,12024,8525,58167,0.00466,144.5
2019-01-19,organic_search,14677,11769,67428,0.00531,283.3
2019-01-20,email_campaign,15110,11469,60771,0.0034,183.6
2019-01-21,organic_search,15061,11446,64174,0.00378,289.8
2019-01-22,organic_search,12987,9617,49093,0.00474,308.7
2019-01-23,organic_search,14097,10037,57611,0.00503,179.2
2019-01-24,email_campaign,13164,9414,42251,0.00526,104.6
2019-01-25,organic_search,12789,9244,55846,0.00431,307.5
2019-01-26,organic_search,13361,10817,55817,0.0039,192.9
2019-01-27,paid_search,12775,10329,44948,0.00478,292.4
2019-01-28,direct,15400,11899,70499,0.00577,208.4
2019-01-29,organic_search,14448,11220,68530,0.00336,169.9
2019-01-30,paid_search,14923,12073,63324,0.00336,216.5
2019-01-31,organic_search,14374,10316,64100,0.00544,316.0
2019-02-01,organic_search,21456,16332,74218,0.00425,284.6
2019-02-02,referral,26402,20797,84827,0.00511,147.9
2019-02-03,organic_search,21455,15621,73729,0.00363,308.3
2019-02-04,organic_search,21022,14913,102651,0.00543,242.9
2019-02-05,paid_search,21983,15429,118103,0.00497,202.4
2019-02-06,referral,17637,13730,89322,0.0042,123.9
2019-02-07,organic_search,20404,16004,102948,0.00417,128.1
2019-02-08,paid_search,18850,15216,78104,0.00499,201.0
2019-02-09,paid_search,21447,17104,87018,0.00466,194.5
2019-02-10,direct,22210,15951,97571,0.00322,162.1
2019-02-11,email_campaign,19672,14175,70067,0.00354,217.1
2019-02-12,social_media,21591,17277,81267,0.00409,174.5
2019-02-13,paid_search,22905,16771,80895,0.00493,251.0
2019-02-14,organic_search,20533,15357,68715,0.0041,119.4
2019-02-15,paid_search,26260,19148,97929,0.00568,116.5
2019-02-16,referral,18875,14265,67908,0.0041,229.5
2019-02-17,paid_search,20194,15177,107514,0.00447,266.8
2019-02-18,email_campaign,21547,16824,87633,0.00321,310.1
2019-02-19,paid_search,21342,16787,100305,0.00499,286.3
2019-02-20,paid_search,20880,16896,110379,0.00338,284.5
2019-02-21,social_media,21342,16968,99918,0.00357,123.2
2019-02-22,paid_search,22545,16491,102964,0.0054,213.9
2019-02-23,referral,21323,16835,101099,0.00521,227.8
2019-02-24,email_campaign,19867,16186,90727,0.00491,193.4
2019-02-25,organic_search,25657,20787,98848,0.00516,268.4
2019-02-26,organic_search,20019,14720,95647,0.00463,274.2
2019-02-27,email_campaign,24095,17580,87711,0.00483,165.3
2019-02-28,social_media,19085,15002,93981,0.00528,133.4
2019-03-01,organic_search,29754,24115,108657,0.00579,140.5
2019-03-02,organic_search,29578,23227,102551,0.00438,244.1
2019-03-03,referral,29633,23779,153733,0.00432,167.6
2019-03-04,organic_search,32652,23117,116494,0.00549,309.6
2019-03-05,email_campaign,30840,24990,162661,0.00573,225.1
2019-03-06,social_media,32515,26584,134079,0.00382,318.9
2019-03-07,organic_search,27794,20646,127956,0.00483,200.2
2019-03-08,email_campaign,29339,23224,159152,0.00324,108.1
2019-03-09,organic_search,30100,22854,150323,0.0057,134.0
2019-03-10,social_media,26432,19667,92021,0.00333,104.4
2019-03-11,organic_search,29213,21897,131049,0.00577,218.3
2019-03-12,organic_search,29197,22060,129430,0.00469,206.2
2019-03-13,social_media,27971,19772,93737,0.00368,170.8
2019-03-14,organic_search,30018,23278,124240,0.00399,232.6
2019-03-15,direct,30390,22699,156640,0.00502,135.8
2019-03-16,social_media,29509,22694,122642,0.00434,221.7
2019-03-17,email_campaign,30650,21468,106652,0.00414,139.7
2019-03-18,referral,28762,21021,140215,0.00432,269.6
2019-03-19,organic_search,29335,21958,149400,0.00556,261.6
2019-03-20,paid_search,27405,20656,138092,0.00342,185.6
2019-03-21,organic_search,29272,23169,143683,0.0041,104.4
2019-03-22,email_campaign,27607,20415,98682,0.00555,253.5
2019-03-23,paid_search,31744,22838,143568,0.00501,200.2
2019-03-24,paid_search,28415,23292,140934,0.00365,273.6
2019-03-25,social_media,30897,22658,150146,0.00481,211.5
2019-03-26,organic_search,31738,25563,104496,0.00477,169.4
2019-03-27,email_campaign,29291,22963,143666,0.00376,268.8
2019-03-28,email_campaign,27780,22281,106871,0.00404,191.4
2019-03-29,email_campaign,32668,24576,161268,0.00417,290.3
2019-03-30,organic_search,25372,18591,115629,0.00386,251.0
2019-03-31,referral,29648,21628,136636,0.00542,169.2
2019-04-01,social_media,44576,34666,212249,0.00561,299.7
2019-04-02,paid_search,38298,28561,174559,0.00495,148.8
2019-04-03,social_media,37654,27054,206297,0.00476,205.1
2019-04-04,paid_search,40892,31638,200895,0.00329,234.6
2019-04-05,organic_search,35912,27354,180193,0.00359,298.1
2019-04-06,organic_search,37338,29048,187574,0.00473,300.4
2019-04-07,referral,36099,28975,138367,0.00491,171.8
2019-04-08,paid_search,46874,35394,212734,0.00416,174.8
2019-04-09,email_campaign,41659,29802,224000,0.00507,185.3
2019-04-10,social_media,43127,35165,161086,0.00378,316.7
2019-04-11,organic_search,38911,29838,167168,0.00498,151.6
2019-04-12,email_campaign,40148,28212,213820,0.00478,229.2
2019-04-13,organic_search,44228,31397,187646,0.00322,197.8
2019-04-14,email_campaign,40040,32744,184887,0.0052,232.4
2019-04-15,organic_search,44505,33791,196936,0.00464,141.4
2019-04-16,paid_search,41567,33382,161203,0.00578,160.7
2019-04-17,social_media,43808,31816,223025,0.00533,312.6
2019-04-18,referral,42723,34260,201707,0.0042,114.4
2019-04-19,organic_search,38066,27093,156489,0.00324,292.8
2019-04-20,referral,46440,36613,170991,0.00339,217.7
2019-04-21,organic_search,38052,27648,145134,0.00353,161.2
2019-04-22,paid_search,41414,31022,171318,0.00343,115.1
2019-04-23,organic_search,40730,29395,153580,0.00488,257.6
2019-04-24,email_campaign,43102,30805,204218,0.00533,109.8
2019-04-25,organic_search,38511,27906,132039,0.00513,272.0
2019-04-26,direct,42329,30400,142532,0.00365,259.1
2019-04-27,direct,38950,30294,186718,0.00534,145.9
2019-04-28,paid_search,40314,31509,150802,0.0052,205.2
2019-04-29,paid_search,38891,28675,130645,0.00342,121.1
2019-04-30,organic_search,37656,29583,124370,0.00357,272.0
2019-05-01,email_campaign,38270,31120,163918,0.00421,232.6
2019-05-02,email_campaign,40890,32732,174072,0.00556,310.2
2019-05-03,social_media,33869,24127,159855,0.00568,229.6
2019-05-04,paid_search,40801,32941,153355,0.00497,178.5
2019-05-05,paid_search,43470,31878,145614,0.00369,128.4
2019-05-06,direct,38954,29248,128267,0.00407,291.6
2019-05-07,email_campaign,38311,27298,156221,0.00422,144.3
2019-05-08,paid_search,36951,26620,161456,0.00516,172.0
2019-05-09,paid_search,31426,25738,101030,0.00338,167.1
2019-05-10,organic_search,35218,28849,175528,0.00393,101.3
2019-05-11,organic_search,42448,32625,208628,0.00409,309.2
2019-05-12,email_campaign,33210,25645,133895,0.0052,294.7
2019-05-13,referral,35644,29007,191085,0.00568,285.4
2019-05-14,direct,35531,27439,133228,0.00397,203.1
2019-05-15,organic_search,39361,30634,144469,0.00373,122.7
2019-05-16,email_campaign,34486,27697,187184,0.0053,122.9
2019-05-17,organic_search,37582,29636,185076,0.00544,306.9
2019-05-18,email_campaign,42600,31147,183594,0.00352,187.8
2019-05-19,social_media,36971,27994,139333,0.00554,118.2
2019-05-20,paid_search,33598,24840,175466,0.00475,185.5
2019-05-21,paid_search,40671,32416,170943,0.00335,211.4
2019-05-22,paid_search,38160,28709,122146,0.00575,104.6
2019-05-23,email_campaign,37448,29299,136767,0.00579,137.7
2019-05-24,referral,39257,29905,132206,0.00478,309.8
2019-05-25,paid_search,42312,31516,205258,0.00387,206.6
2019-05-26,paid_search,37448,29153,134959,0.00378,310.3
2019-05-27,referral,34961,24499,177796,0.00479,215.3
2019-05-28,direct,37280,27314,163509,0.00372,212.8
2019-05-29,organic_search,34893,24699,113956,0.00523,301.4
2019-05-30,email_campaign,35571,27779,145299,0.0051,276.5
2019-05-31,organic_search,36407,28343,128081,0.00367,251.4
2019-06-01,organic_search,35963,25401,152872,0.00354,235.7
2019-06-02,email_campaign,36512,28207,156568,0.0044,233.9
2019-06-03,paid_search,41523,30131,182954,0.00375,120.5
2019-06-04,organic_search,40229,32190,185194,0.00521,130.0
2019-06-05,paid_search,46601,35608,188669,0.00411,176.7
2019-06-06,organic_search,41559,29193,188443,0.00505,262.8
2019-06-07,organic_search,37857,27285,143379,0.00376,219.3
2019-06-08,email_campaign,38349,27319,172622,0.00561,213.2
2019-06-09,organic_search,36665,26939,146871,0.00484,246.3
2019-06-10,paid_search,38109,30915,139539,0.00434,105.6
2019-06-11,social_media,38309,29446,138808,0.00479,261.9
2019-06-12,organic_search,39967,28872,162871,0.0035,163.6
2019-06-13,social_media,40245,31843,155119,0.00512,170.5
2019-06-14,paid_search,44684,32193,214740,0.00443,248.5
2019-06-15,organic_search,43528,34973,164124,0.00404,141.0
2019-06-16,referral,38327,30471,137920,0.00531,206.7
2019-06-17,organic_search,41752,33966,199738,0.00429,232.5
2019-06-18,social_media,35478,25009,127409,0.00574,208.8
2019-06-19,organic_search,35784,26499,126141,0.00493,304.7
2019-06-20,email_campaign,40522,30027,211063,0.00454,288.1
2019-06-21,social_media,40287,30805,164957,0.00341,196.7
2019-06-22,paid_search,41557,33705,158285,0.00419,232.6
2019-06-23,organic_search,40377,29710,160716,0.00392,100.1
2019-06-24,organic_search,42129,32514,163901,0.00478,180.4
2019-06-25,social_media,37671,27919,129819,0.00503,253.6
2019-06-26,organic_search,38408,28743,163129,0.00331,279.3
2019-06-27,email_campaign,39168,27618,169449,0.00385,193.5
2019-06-28,social_media,38207,28841,177868,0.00415,150.6
2019-06-29,referral,36838,26350,181925,0.00471,258.0
2019-06-30,organic_search,33931,27510,166764,0.00496,156.0
2019-07-01,paid_search,30649,22435,108659,0.00517,213.0
2019-07-02,social_media,31146,23463,121588,0.00451,258.5
2019-07-03,organic_search,30229,24504,151719,0.00504,159.1
2019-07-04,organic_search,33700,24759,149794,0.00544,260.3
2019-07-05,social_media,28053,20725,142813,0.00394,253.5
2019-07-06,email_campaign,30267,24108,98786,0.0049,198.2
2019-07-07,email_campaign,26042,18496,95916,0.004,284.6
2019-07-08,paid_search,28853,21400,123844,0.00322,240.6
2019-07-09,organic_search,32447,26102,174380,0.00412,274.5
2019-07-10,paid_search,34463,25057,159621,0.00446,140.1
2019-07-11,referral,36925,28683,119806,0.00547,278.9
2019-07-12,organic_search,31992,23290,134627,0.00555,130.9
2019-07-13,referral,31461,23123,109485,0.00378,193.0
2019-07-14,referral,30689,23107,126201,0.00339,249.1
2019-07-15,social_media,33584,24679,123317,0.00382,135.9
2019-07-16,social_media,32949,25163,106127,0.00578,181.5
2019-07-17,organic_search,27662,22207,118197,0.00453,200.0
2019-07-18,social_media,33180,24421,175720,0.00393,114.6
2019-07-19,paid_search,33359,24768,162683,0.00416,220.2
2019-07-20,organic_search,31303,25386,126631,0.00542,174.3
2019-07-21,organic_search,27249,20931,129731,0.00382,106.9
2019-07-22,organic_search,35006,27980,166673,0.00456,105.8
2019-07-23,referral,30275,23514,121949,0.00476,254.2
2019-07-24,paid_search,34123,25043,132316,0.00564,172.2
2019-07-25,direct,25491,18121,120516,0.00359,141.1
2019-07-26,direct,28454,23032,106488,0.00478,124.1
2019-07-27,paid_search,25171,20184,93475,0.00482,315.1
2019-07-28,organic_search,29673,22489,125620,0.00461,253.1
2019-07-29,paid_search,29279,21774,139901,0.00432,237.0
2019-07-30,referral,34258,24978,140557,0.00572,138.4
2019-07-31,email_campaign,32965,24945,136757,0.00495,297.8
2019-08-01,social_media,37760,28566,205970,0.00427,310.3
2019-08-02,organic_search,36313,26157,152843,0.00495,136.5
2019-08-03,email_campaign,37071,26418,194543,0.00329,120.4
2019-08-04,paid_search,29902,22329,136233,0.00503,239.3
2019-08-05,email_campaign,44223,32371,155964,0.00363,292.5
2019-08-06,organic_search,33817,26222,161936,0.00428,164.0
2019-08-07,organic_search,34145,25373,182511,0.00353,260.8
2019-08-08,social_media,37036,29698,127464,0.00411,296.9
2019-08-09,direct,32288,26460,173586,0.00564,101.3
2019-08-10,referral,34327,26840,138077,0.00452,188.5
2019-08-11,organic_search,36705,26339,188312,0.00571,109.4
2019-08-12,direct,34577,26641,160627,0.00447,155.7
2019-08-13,organic_search,31269,23166,141471,0.00542,280.0
2019-08-14,paid_search,30200,23338,143432,0.00325,292.4
2019-08-15,social_media,30521,22191,121686,0.00337,310.4
2019-08-16,paid_search,37711,26507,123132,0.00405,245.5
2019-08-17,direct,33680,27542,183308,0.00476,198.4
2019-08-18,social_media,32176,23289,152259,0.00347,151.5
2019-08-19,social_media,31023,23243,119218,0.00409,187.5
2019-08-20,email_campaign,38795,29098,167871,0.00411,188.5
2019-08-21,email_campaign,32523,24417,117226,0.00459,204.2
2019-08-22,organic_search,32699,25763,139482,0.00393,249.6
2019-08-23,email_campaign,34981,26845,172585,0.00474,199.0
2019-08-24,referral,31736,23983,163423,0.00326,154.9
2019-08-25,social_media,32083,23744,103964,0.00461,301.3
2019-08-26,paid_search,33250,25753,150733,0.0038,134.7
2019-08-27,social_media,32833,26446,117571,0.0045,234.3
2019-08-28,referral,31563,25463,159479,0.00577,108.1
2019-08-29,social_media,35811,26356,156979,0.00472,260.4
2019-08-30,email_campaign,35419,28771,178660,0.00361,215.3
2019-08-31,paid_search,32891,23627,144581,0.004,108.8
2019-09-01,organic_search,26185,18902,87206,0.0038,295.5
2019-09-02,social_media,29060,21406,104211,0.00352,104.5
2019-09-03,email_campaign,25072,17728,119670,0.00543,177.2
2019-09-04,email_campaign,25524,18515,100727,0.00346,270.1
2019-09-05,direct,23170,16840,117129,0.00495,226.1
2019-09-06,paid_search,26547,20170,89760,0.00577,187.6
2019-09-07,referral,23733,16764,98671,0.00363,139.7
2019-09-08,email_campaign,23398,17237,92683,0.00412,178.8
2019-09-09,social_media,24789,19384,116234,0.00542,271.7
2019-09-10,paid_search,22230,17279,115152,0.00479,297.0
2019-09-11,paid_search,21840,17146,95983,0.00513,108.3
2019-09-12,social_media,22702,16686,104922,0.00345,204.4
2019-09-13,social_media,23488,17017,100424,0.00525,218.0
2019-09-14,organic_search,26005,18611,114445,0.00449,310.6
2019-09-15,paid_search,25814,19980,100825,0.00414,115.6
2019-09-16,social_media,20819,16137,98569,0.00458,195.3
2019-09-17,organic_search,24520,18925,93825,0.0037,131.4
2019-09-18,social_media,24614,18392,108688,0.00326,268.0
2019-09-19,paid_search,24003,18510,124057,0.00366,208.1
2019-09-20,referral,24393,19784,99499,0.00487,136.8
2019-09-21,direct,26707,19063,124922,0.00437,119.2
2019-09-22,social_media,25255,19571,98526,0.00342,210.3
2019-09-23,paid_search,23138,16246,115705,0.0056,315.1
2019-09-24,social_media,24793,18883,113116,0.00453,247.7
2019-09-25,social_media,24933,18860,97407,0.00372,126.8
2019-09-26,organic_search,24782,20223,113023,0.0043,107.0
2019-09-27,referral,24131,18595,129342,0.0052,308.8
2019-09-28,organic_search,23264,18976,118938,0.00471,225.9
2019-09-29,social_media,22213,16984,98269,0.00526,233.5
2019-09-30,organic_search,24111,17588,128187,0.00573,115.0
2019-10-01,direct,20710,16324,82106,0.00356,319.4
2019-10-02,referral,17131,13716,78304,0.00477,194.4
2019-10-03,organic_search,20821,17046,86216,0.00484,121.8
2019-10-04,referral,20576,16713,81640,0.00335,227.1
2019-10-05,email_campaign,18690,13716,68234,0.00341,122.0
2019-10-06,paid_search,16470,12583,57553,0.00505,308.0
2019-10-07,email_campaign,21559,15495,70372,0.00544,194.6
2019-10-08,organic_search,18757,13854,77286,0.00413,263.0
2019-10-09,referral,21553,16339,77208,0.00462,206.5
2019-10-10,email_campaign,18506,14673,94049,0.0043,263.8
2019-10-11,social_media,20156,14880,88486,0.00363,279.4
2019-10-12,social_media,18926,14454,76157,0.00563,294.0
2019-10-13,social_media,18905,14766,75139,0.00432,208.8
2019-10-14,paid_search,19857,15369,108752,0.00565,233.8
2019-10-15,paid_search,20545,15329,80622,0.00321,177.1
2019-10-16,referral,22893,16393,74138,0.00465,203.9
2019-10-17,organic_search,21970,16687,119810,0.00545,152.5
2019-10-18,social_media,19452,14179,93419,0.00389,317.4
2019-10-19,referral,21807,16138,82880,0.00468,184.2
2019-10-20,social_media,19580,14473,80338,0.00465,140.3
2019-10-21,social_media,21522,15193,110079,0.0045,108.8
2019-10-22,direct,20491,16450,107786,0.00404,242.1
2019-10-23,organic_search,21124,15901,77921,0.00533,148.2
2019-10-24,email_campaign,20281,16545,105059,0.00539,228.9
2019-10-25,organic_search,18601,13821,86414,0.00433,217.6
2019-10-26,paid_search,19825,15837,101548,0.00469,174.7
2019-10-27,direct,19575,13980,72485,0.00441,209.3
2019-10-28,email_campaign,20661,15063,76738,0.00564,131.9
2019-10-29,direct,21438,15871,83688,0.00407,272.7
2019-10-30,paid_search,22429,17198,103431,0.00465,224.5
2019-10-31,social_media,20678,15942,89297,0.00343,177.7
2019-11-01,organic_search,16216,12680,70987,0.00529,157.5
2019-11-02,referral,15412,12610,61693,0.00506,273.3
2019-11-03,organic_search,16872,12686,57144,0.00561,191.2
2019-11-04,paid_search,16316,12784,53263,0.00391,236.3
2019-11-05,paid_search,18603,13193,87384,0.00356,106.2
2019-11-06,social_media,16846,12017,54649,0.00336,146.9
2019-11-07,organic_search,17897,13725,62005,0.00564,247.4
2019-11-08,social_media,15016,11357,81893,0.0034,287.6
2019-11-09,organic_search,17759,13193,58639,0.00569,212.1
2019-11-10,paid_search,16198,11722,76482,0.00341,181.3
2019-11-11,organic_search,15632,11764,78188,0.00549,222.8
2019-11-12,organic_search,17758,12899,85445,0.00568,181.3
2019-11-13,email_campaign,16622,12057,76134,0.00515,125.5
2019-11-14,social_media,18465,13954,82870,0.00492,245.0
2019-11-15,organic_search,16484,11680,66649,0.00576,198.1
2019-11-16,paid_search,14701,10502,69673,0.00541,148.2
2019-11-17,organic_search,17634,14336,90795,0.00374,291.5
2019-11-18,organic_search,17442,13837,71670,0.00414,313.0
2019-11-19,referral,14815,11638,74691,0.00494,173.8
2019-11-20,referral,18980,13952,102357,0.00408,143.1
2019-11-21,direct,15257,12502,55603,0.00518,147.9
2019-11-22,email_campaign,17609,12533,74838,0.00473,139.6
2019-11-23,paid_search,14811,11576,65070,0.00556,185.5
2019-11-24,organic_search,17751,13674,69044,0.00548,277.4
2019-11-25,direct,17758,14100,57719,0.00505,169.9
2019-11-26,organic_search,16661,12533,78488,0.00459,225.3
2019-11-27,referral,17350,13306,74658,0.00332,221.2
2019-11-28,organic_search,17918,13179,94176,0.00456,257.7
2019-11-29,social_media,17362,12161,57698,0.00441,120.9
2019-11-30,direct,15642,11420,64710,0.00365,295.8
2019-12-01,organic_search,19995,16006,99403,0.00416,206.4
2019-12-02,paid_search,17602,13704,91031,0.00513,191.4
2019-12-03,social_media,19623,15744,98361,0.00331,273.2
2019-12-04,organic_search,15760,12799,83900,0.00537,134.6
2019-12-05,referral,17788,13672,91763,0.00385,172.1
2019-12-06,social_media,17654,13969,66287,0.00529,202.3
2019-12-07,paid_search,19994,14532,85994,0.00579,102.6
2019-12-08,email_campaign,17943,13548,58328,0.00458,275.4
2019-12-09,referral,18695,13953,93438,0.00573,143.5
2019-12-10,paid_search,21835,15963,75243,0.00533,165.3
2019-12-11,paid_search,17449,14297,63628,0.00337,300.3
2019-12-12,paid_search,16323,13286,67289,0.00341,265.9
2019-12-13,organic_search,18670,13126,92613,0.0034,274.7
2019-12-14,social_media,18848,13682,82793,0.00395,195.1
2019-12-15,social_media,19212,14987,93259,0.00573,136.2
2019-12-16,organic_search,20895,15311,91106,0.00565,219.3
2019-12-17,organic_search,18457,14943,93219,0.00561,257.3
2019-12-18,direct,17942,12982,91808,0.00422,216.5
2019-12-19,paid_search,19761,14933,97788,0.00496,302.1
2019-12-20,direct,18225,14257,97011,0.0034,109.2
2019-12-21,social_media,19198,13494,68642,0.00337,191.1
2019-12-22,referral,19601,15485,107238,0.00525,124.4
2019-12-23,organic_search,20796,16515,81832,0.00455,196.2
2019-12-24,social_media,20496,15631,78628,0.00465,140.7
2019-12-25,paid_search,18623,13537,68299,0.00545,311.1
2019-12-26,organic_search,18490,13914,68585,0.00458,264.5
2019-12-27,referral,17267,14116,56100,0.00528,294.0
2019-12-28,paid_search,20807,16864,71257,0.00506,113.9
2019-12-29,organic_search,18470,13891,87451,0.0056,232.7
2019-12-30,paid_search,19587,15615,77129,0.00579,313.2
2019-12-31,referral,17631,12430,69915,0.00361,262.6
2020-01-01,organic_search,14183,10830,59821,0.0049,262.0
2020-01-02,direct,16808,13069,56038,0.00495,183.7
2020-01-03,organic_search,14810,10936,74913,0.00564,147.4
2020-01-04,paid_search,16059,12341,62293,0.00466,104.2
2020-01-05,social_media,15361,10835,53135,0.00431,157.2
2020-01-06,paid_search,14973,10599,80579,0.00331,237.2
2020-01-07,organic_search,16117,11670,54952,0.00563,157.9
2020-01-08,direct,15280,11720,61929,0.00454,273.7
2020-01-09,paid_search,16062,12523,52322,0.00523,206.7
2020-01-10,organic_search,16265,12991,82186,0.00407,234.0
2020-01-11,organic_search,14483,10776,65105,0.00383,198.0
2020-01-12,email_campaign,14569,10490,63747,0.00545,293.5
2020-01-13,paid_search,15740,11719,60162,0.00378,316.1
2020-01-14,social_media,15663,12749,79142,0.00484,173.3
2020-01-15,organic_search,18706,15192,99480,0.00514,151.2
2020-01-16,organic_search,15738,12305,85999,0.00463,165.8
2020-01-17,email_campaign,15987,11481,62173,0.00433,283.6
2020-01-18,organic_search,15401,11821,49765,0.00331,235.1
2020-01-19,referral,16878,13764,60169,0.00389,297.2
2020-01-20,organic_search,13852,11183,58603,0.00382,158.9
2020-01-21,social_media,17442,13197,56199,0.00463,229.4
2020-01-22,social_media,16279,12193,73513,0.0044,183.9
2020-01-23,organic_search,13978,10732,60429,0.00445,146.8
2020-01-24,organic_search,13647,11168,70273,0.00432,225.5
2020-01-25,email_campaign,12842,9859,55792,0.00565,162.2
2020-01-26,referral,16293,12595,71297,0.00414,296.9
2020-01-27,paid_search,15354,12334,70501,0.00517,195.5
2020-01-28,referral,15279,12244,72585,0.00408,226.2
2020-01-29,direct,15896,12685,64117,0.00423,161.4
2020-01-30,email_campaign,15257,12504,53575,0.00519,298.7
2020-01-31,referral,16198,13199,53495,0.00531,190.2
2020-02-01,organic_search,22962,16893,99895,0.00515,167.3
2020-02-02,paid_search,20865,14896,68465,0.00572,106.7
2020-02-03,organic_search,23887,18397,121862,0.00526,288.3
2020-02-04,paid_search,24648,18028,94634,0.00437,296.5
2020-02-05,organic_search,22633,17914,73734,0.0049,184.8
2020-02-06,paid_search,20899,16979,103321,0.00423,164.3
2020-02-07,direct,22577,16793,76631,0.00394,267.7
2020-02-08,paid_search,19524,15196,101952,0.00394,184.6
2020-02-09,organic_search,23566,16662,79695,0.00513,248.9
2020-02-10,organic_search,23762,16895,88113,0.0038,186.0
2020-02-11,organic_search,21057,15893,70561,0.00469,150.4
2020-02-12,organic_search,22053,17470,91247,0.00495,313.3
2020-02-13,referral,23540,16928,95846,0.00402,212.9
2020-02-14,paid_search,19576,14700,71906,0.00557,225.6
2020-02-15,email_campaign,23915,18996,123972,0.00335,177.7
2020-02-16,direct,23340,16388,118409,0.00555,204.3
2020-02-17,referral,19557,13818,95153,0.00406,305.9
2020-02-18,paid_search,23688,19373,121108,0.00558,202.3
2020-02-19,paid_search,21506,15170,105681,0.0055,185.1
2020-02-20,social_media,22647,16715,120782,0.00445,316.8
2020-02-21,email_campaign,21432,16694,88624,0.00532,130.6
2020-02-22,social_media,24980,18996,110375,0.00486,222.0
2020-02-23,social_media,21963,16277,115618,0.00544,255.5
2020-02-24,paid_search,24177,18165,91019,0.00532,233.1
2020-02-25,email_campaign,20953,16499,105764,0.00351,185.8
2020-02-26,social_media,22835,18087,77810,0.00496,285.3
2020-02-27,social_media,21063,16238,67946,0.00521,313.2
2020-02-28,direct,20116,15109,93423,0.00541,197.2
2020-02-29,email_campaign,20524,15914,100329,0.00451,264.0
2020-03-01,email_campaign,36014,29488,146247,0.00375,132.7
2020-03-02,social_media,30765,24633,99703,0.00512,278.5
2020-03-03,email_campaign,34111,24045,136681,0.00469,192.6
2020-03-04,organic_search,30135,23498,131222,0.00349,229.6
2020-03-05,direct,31540,24232,142833,0.0048,292.1
2020-03-06,email_campaign,30909,23375,129691,0.00423,149.7
2020-03-07,referral,29059,20692,159126,0.00535,125.3
2020-03-08,paid_search,35044,24718,166817,0.00561,183.1
2020-03-09,organic_search,29433,22867,103715,0.00395,268.6
2020-03-10,direct,27971,20293,135928,0.00525,133.6
2020-03-11,paid_search,35255,24851,118816,0.00555,168.1
2020-03-12,organic_search,35504,25961,146780,0.00526,136.1
2020-03-13,organic_search,29460,21021,136446,0.00563,273.6
2020-03-14,organic_search,35810,29278,172678,0.00469,248.5
2020-03-15,paid_search,33227,25808,175710,0.00545,166.9
2020-03-16,email_campaign,30813,23661,127284,0.00375,102.6
2020-03-17,organic_search,27849,19600,141749,0.00535,210.9
2020-03-18,referral,36760,29877,197335,0.00432,111.0
2020-03-19,referral,28411,21646,120110,0.00386,317.6
2020-03-20,direct,31181,23354,159941,0.00477,285.3
2020-03-21,organic_search,36509,28725,155361,0.00546,253.3
2020-03-22,organic_search,30641,24575,107852,0.00387,298.8
2020-03-23,referral,30524,24293,144878,0.00515,142.6
2020-03-24,paid_search,37460,28572,181911,0.00384,184.5
2020-03-25,email_campaign,30774,23044,99989,0.00419,165.9
2020-03-26,paid_search,32870,23721,177471,0.00399,271.3
2020-03-27,organic_search,31899,23483,172870,0.00329,178.3
2020-03-28,organic_search,35000,26800,161378,0.00491,167.7
2020-03-29,social_media,29090,21411,93775,0.00381,187.4
2020-03-30,social_media,33713,25286,117283,0.00379,307.1
2020-03-31,organic_search,28802,21651,93574,0.00534,166.1
2020-04-01,paid_search,49172,39353,197352,0.00334,268.0
2020-04-02,social_media,45580,37275,190144,0.0037,271.2
2020-04-03,social_media,43034,32921,186089,0.0039,195.7
2020-04-04,paid_search,44615,33264,158048,0.00514,109.0
2020-04-05,email_campaign,45794,33390,205475,0.00525,192.7
2020-04-06,organic_search,48680,39248,247194,0.00334,136.5
2020-04-07,referral,40824,30012,205218,0.00348,161.2
2020-04-08,direct,45660,37027,183509,0.00526,155.7
2020-04-09,organic_search,40459,31759,204289,0.00377,116.8
2020-04-10,social_media,38738,30010,136534,0.00412,281.7
2020-04-11,paid_search,43287,34063,143745,0.00482,109.7
2020-04-12,paid_search,37270,28399,139570,0.00387,293.6
2020-04-13,referral,46241,37526,154891,0.00575,269.9
2020-04-14,referral,45655,32667,202854,0.00451,193.0
2020-04-15,social_media,46469,34882,219857,0.00484,173.5
2020-04-16,paid_search,42897,30686,223797,0.00522,168.1
2020-04-17,organic_search,41040,30521,161118,0.00491,194.1
2020-04-18,direct,48136,34468,216916,0.00376,129.1
2020-04-19,organic_search,36756,27931,187408,0.00488,112.3
2020-04-20,referral,46424,35176,187668,0.00564,245.8
2020-04-21,social_media,38518,30134,142168,0.0057,159.3
2020-04-22,paid_search,41307,32775,200929,0.00517,138.4
2020-04-23,direct,44106,34167,170615,0.00544,157.7
2020-04-24,referral,37916,27243,145799,0.00365,107.6
2020-04-25,referral,45937,32490,245372,0.00576,137.1
2020-04-26,referral,38854,30987,129370,0.00427,144.5
2020-04-27,organic_search,48189,38503,216284,0.00445,281.2
2020-04-28,paid_search,41682,30068,227421,0.0038,283.1
2020-04-29,email_campaign,39749,32484,210714,0.00519,195.3
2020-04-30,referral,43195,33699,226414,0.00444,296.5
2020-05-01,social_media,37248,29202,154828,0.00477,181.5
2020-05-02,social_media,44006,34850,232584,0.00386,294.9
2020-05-03,email_campaign,33774,27599,156949,0.00519,303.2
2020-05-04,paid_search,34999,25988,162964,0.00538,233.7
2020-05-05,social_media,46233,36589,201181,0.00392,129.7
2020-05-06,email_campaign,39877,32361,201329,0.00572,257.4
2020-05-07,social_media,40887,31237,206054,0.00578,203.2
2020-05-08,organic_search,40215,30642,151119,0.00573,144.6
2020-05-09,paid_search,34391,26650,180223,0.00365,281.4
2020-05-10,paid_search,34872,25181,142645,0.00332,239.2
2020-05-11,organic_search,45289,36515,227803,0.00415,217.3
2020-05-12,organic_search,42203,32796,149231,0.00539,263.9
2020-05-13,organic_search,42210,32669,194109,0.00331,213.7
2020-05-14,organic_search,42689,33006,174672,0.00561,275.0
2020-05-15,paid_search,40677,32433,199382,0.00547,105.8
2020-05-16,social_media,41763,33618,147559,0.00398,110.5
2020-05-17,organic_search,48316,36687,169311,0.0038,183.0
2020-05-18,email_campaign,39843,31462,175578,0.004,314.3
2020-05-19,organic_search,42163,32186,169388,0.00376,109.0
2020-05-20,email_campaign,35075,28365,157795,0.00336,122.3
2020-05-21,paid_search,37203,26829,195525,0.0033,195.7
2020-05-22,paid_search,45512,34966,170596,0.00535,196.7
2020-05-23,email_campaign,43072,32884,203926,0.00343,169.8
2020-05-24,social_media,36563,29881,164483,0.00404,169.9
2020-05-25,direct,45355,37154,224944,0.00537,247.7
2020-05-26,paid_search,38796,29243,125978,0.00409,136.1
2020-05-27,organic_search,37058,26964,160786,0.00567,106.1
2020-05-28,email_campaign,36672,27937,151505,0.00381,140.5
2020-05-29,organic_search,33780,27094,176373,0.00374,215.2
2020-05-30,email_campaign,40115,28229,185694,0.0056,303.8
2020-05-31,referral,42489,33872,155192,0.00469,199.1
2020-06-01,social_media,43625,34300,175784,0.00338,282.6
2020-06-02,direct,38550,27223,207470,0.00435,281.9
2020-06-03,referral,44126,33550,167992,0.00424,280.8
2020-06-04,direct,43162,33001,179895,0.00577,203.5
2020-06-05,organic_search,41289,30313,212140,0.00321,156.7
2020-06-06,email_campaign,37001,28500,129323,0.00404,306.3
2020-06-07,organic_search,43638,31329,148158,0.00555,139.1
2020-06-08,email_campaign,45005,32086,171951,0.00577,250.2
2020-06-09,email_campaign,42655,31413,156535,0.00369,154.7
2020-06-10,paid_search,44003,34775,223530,0.00334,285.3
2020-06-11,referral,42916,33063,167050,0.00432,137.9
2020-06-12,email_campaign,44428,32076,201234,0.00354,286.2
2020-06-13,organic_search,40898,29407,172585,0.00391,203.8
2020-06-14,email_campaign,43306,35000,211437,0.00446,258.0
2020-06-15,organic_search,42980,32920,138712,0.00517,310.1
2020-06-16,organic_search,35345,28859,181042,0.00441,162.5
2020-06-17,organic_search,36067,26295,197255,0.00529,121.6
2020-06-18,paid_search,41392,32075,180184,0.0042,267.4
2020-06-19,social_media,48502,38712,166918,0.00349,169.8
2020-06-20,referral,42409,33875,208518,0.00325,201.1
2020-06-21,social_media,44397,31865,205562,0.00406,142.0
2020-06-22,direct,43423,33381,183887,0.00452,266.1
2020-06-23,email_campaign,46640,36915,203779,0.00438,181.3
2020-06-24,social_media,43528,30569,211079,0.00483,313.8
2020-06-25,organic_search,43580,34017,151493,0.00541,149.7
2020-06-26,organic_search,40569,30872,186283,0.00556,267.0
2020-06-27,paid_search,37310,30590,182508,0.00441,266.2
2020-06-28,social_media,39395,28416,150566,0.00483,147.1
2020-06-29,paid_search,40040,29410,185068,0.00497,247.5
2020-06-30,email_campaign,42180,29724,170415,0.00398,281.4
2020-07-01,paid_search,30595,24077,99837,0.00559,254.7
2020-07-02,email_campaign,27460,21481,146044,0.00574,269.2
2020-07-03,paid_search,30149,22578,101564,0.00454,182.7
2020-07-04,email_campaign,36231,25655,167563,0.00358,262.5
2020-07-05,paid_search,32159,23960,164511,0.00485,136.3
2020-07-06,direct,31155,21955,120153,0.00414,252.2
2020-07-07,organic_search,31719,22876,131244,0.00557,239.0
2020-07-08,email_campaign,34532,27716,127995,0.00355,172.7
2020-07-09,direct,31532,23016,144420,0.00393,262.3
2020-07-10,email_campaign,33515,26879,138606,0.00365,278.2
2020-07-11,organic_search,32050,26172,133615,0.00506,132.5
2020-07-12,direct,27495,20220,150199,0.00339,160.2
2020-07-13,email_campaign,35078,28181,148375,0.0047,292.3
2020-07-14,paid_search,32527,23555,137331,0.00323,240.8
2020-07-15,organic_search,32171,25881,161809,0.0049,194.8
2020-07-16,organic_search,30941,22516,125983,0.00388,237.1
2020-07-17,organic_search,33050,25526,151997,0.00457,218.8
2020-07-18,organic_search,27761,21602,151543,0.00531,312.3
2020-07-19,social_media,34393,26947,145541,0.00441,180.0
2020-07-20,social_media,37632,29503,155007,0.00431,171.8
2020-07-21,organic_search,35054,27530,126216,0.00451,203.5
2020-07-22,organic_search,29644,22426,125613,0.00394,174.0
2020-07-23,email_campaign,31569,25229,159907,0.00453,290.0
2020-07-24,paid_search,27412,21601,122794,0.00484,281.8
2020-07-25,direct,31945,23339,162927,0.00578,213.3
2020-07-26,referral,34829,25520,177075,0.00422,318.3
2020-07-27,email_campaign,35833,27052,192786,0.0032,154.3
2020-07-28,email_campaign,34319,24787,128819,0.00412,248.6
2020-07-29,organic_search,26016,18447,110402,0.00555,176.0
2020-07-30,email_campaign,31271,24555,159400,0.00496,294.7
2020-07-31,email_campaign,31816,23266,112511,0.00494,240.3
2020-08-01,email_campaign,37813,28331,199410,0.00353,197.1
2020-08-02,direct,35863,28452,153799,0.00428,192.4
2020-08-03,organic_search,38720,29089,177199,0.00561,191.2
2020-08-04,organic_search,34620,26378,139818,0.00369,307.3
2020-08-05,email_campaign,36418,26253,187350,0.00364,153.2
2020-08-06,organic_search,35171,25902,161966,0.00395,244.1
2020-08-07,organic_search,41155,32438,133104,0.00493,302.0
2020-08-08,referral,35669,27251,145029,0.00387,172.7
2020-08-09,email_campaign,37676,26741,164147,0.00423,122.5
2020-08-10,organic_search,35228,25251,153470,0.00437,241.6
2020-08-11,paid_search,37719,27782,200458,0.00395,107.6
2020-08-12,organic_search,39180,28426,215466,0.00467,125.5
2020-08-13,organic_search,40215,29520,205003,0.00577,279.0
2020-08-14,organic_search,35760,26734,166236,0.00351,298.4
2020-08-15,referral,33356,26180,178584,0.00497,243.4
2020-08-16,email_campaign,37006,29530,157212,0.00374,174.3
2020-08-17,organic_search,34854,28022,118396,0.00533,125.2
2020-08-18,organic_search,37531,28605,203174,0.00488,187.9
2020-08-19,paid_search,34147,27810,185856,0.00561,160.0
2020-08-20,organic_search,36424,26616,182461,0.00343,187.4
2020-08-21,social_media,33606,25978,109747,0.00563,279.8
2020-08-22,organic_search,30963,23305,154853,0.0043,319.1
2020-08-23,organic_search,39987,31388,209083,0.00468,164.1
2020-08-24,email_campaign,33539,26264,119660,0.00515,126.0
2020-08-25,email_campaign,32268,26443,160031,0.00527,107.7
2020-08-26,email_campaign,35762,25302,185700,0.00493,277.9
2020-08-27,organic_search,38266,28828,200768,0.00446,246.8
2020-08-28,paid_search,38993,30032,174686,0.00351,213.4
2020-08-29,paid_search,36212,26931,191116,0.00391,150.7
2020-08-30,referral,36313,27199,161767,0.00433,233.7
2020-08-31,paid_search,30899,23108,120249,0.00424,280.9
2020-09-01,referral,25779,19525,82568,0.0035,234.7
2020-09-02,email_campaign,25740,20239,87892,0.00528,129.0
2020-09-03,social_media,21880,16243,72566,0.00573,186.9
2020-09-04,email_campaign,26341,18688,125151,0.0045,284.2
2020-09-05,organic_search,27061,21025,109833,0.00512,174.8
2020-09-06,email_campaign,27527,21630,108802,0.00365,208.6
2020-09-07,organic_search,24662,17883,108662,0.00407,235.7
2020-09-08,paid_search,22647,18442,121854,0.00525,303.4
2020-09-09,paid_search,23534,16840,84994,0.00448,196.9
2020-09-10,social_media,24599,17738,105977,0.00474,124.4
2020-09-11,email_campaign,25825,19056,95585,0.00394,218.6
2020-09-12,paid_search,25785,19681,123384,0.00538,186.2
2020-09-13,referral,21475,15123,95840,0.00365,146.1
2020-09-14,email_campaign,28528,21280,108347,0.00389,148.8
2020-09-15,social_media,30267,22450,113275,0.00372,303.0
2020-09-16,paid_search,26144,19196,86584,0.00557,203.7
2020-09-17,referral,27837,19900,114571,0.00454,135.7
2020-09-18,email_campaign,21105,15784,100383,0.00425,265.4
2020-09-19,organic_search,23948,17545,83188,0.00416,181.4
2020-09-20,social_media,29247,22547,115136,0.00377,152.3
2020-09-21,paid_search,29246,22025,136066,0.00353,242.2
2020-09-22,paid_search,27835,20293,106244,0.00409,245.6
2020-09-23,organic_search,28929,21337,145147,0.00541,308.1
2020-09-24,paid_search,22265,17768,114577,0.00411,155.1
2020-09-25,paid_search,30621,24702,109054,0.00553,302.6
2020-09-26,referral,25054,18036,118576,0.00549,177.9
2020-09-27,organic_search,29837,23097,142121,0.00533,315.7
2020-09-28,email_campaign,28965,22114,125634,0.00361,311.1
2020-09-29,social_media,27997,19870,137528,0.0048,188.6
2020-09-30,email_campaign,23089,16405,113390,0.00371,307.9
2020-10-01,email_campaign,21266,16930,76549,0.0054,227.6
2020-10-02,organic_search,18119,14852,77416,0.00406,156.7
2020-10-03,paid_search,20645,14636,67383,0.00513,214.8
2020-10-04,organic_search,19416,14262,73170,0.00533,195.8
2020-10-05,email_campaign,24911,19722,131231,0.00403,246.0
2020-10-06,paid_search,23347,19051,99243,0.00576,213.7
2020-10-07,organic_search,21132,15554,84375,0.00367,284.1
2020-10-08,email_campaign,20037,16325,64298,0.00432,287.7
2020-10-09,paid_search,22199,17432,101056,0.00555,316.3
2020-10-10,organic_search,20615,15266,103142,0.00534,101.8
2020-10-11,paid_search,20115,14199,93659,0.00448,275.5
2020-10-12,referral,20896,16465,72670,0.00525,289.6
2020-10-13,organic_search,20981,16932,82348,0.00361,302.7
2020-10-14,referral,21476,16150,80061,0.0035,209.4
2020-10-15,organic_search,20834,16576,105217,0.00326,201.8
2020-10-16,paid_search,21601,16609,104505,0.00443,145.1
2020-10-17,paid_search,21266,15812,71380,0.00514,149.1
2020-10-18,paid_search,20371,16113,78229,0.00534,180.7
2020-10-19,organic_search,19438,15597,66703,0.00516,152.5
2020-10-20,paid_search,19028,15363,64480,0.00571,285.2
2020-10-21,referral,23461,18428,125439,0.00371,185.7
2020-10-22,email_campaign,19036,14034,92719,0.00461,145.3
2020-10-23,paid_search,22434,17640,111878,0.00441,180.6
2020-10-24,social_media,22947,18684,96280,0.00343,287.6
2020-10-25,organic_search,19591,14128,93877,0.00564,255.7
2020-10-26,social_media,21875,17852,75409,0.00374,251.9
2020-10-27,paid_search,22036,16781,78948,0.00509,181.9
2020-10-28,social_media,20859,15866,66974,0.00575,178.3
2020-10-29,organic_search,21829,16036,95302,0.00432,144.5
2020-10-30,email_campaign,22356,17201,94204,0.00408,182.9
2020-10-31,paid_search,23949,18930,111408,0.00482,300.9
2020-11-01,paid_search,18245,12972,61204,0.00405,261.0
2020-11-02,social_media,19551,14750,64224,0.00324,183.2
2020-11-03,referral,17361,12559,82603,0.00566,212.2
2020-11-04,email_campaign,16277,12255,56661,0.00418,293.4
2020-11-05,organic_search,15813,12731,64934,0.00566,108.1
2020-11-06,paid_search,16918,12621,85878,0.00412,316.2
2020-11-07,referral,17082,12711,79468,0.00569,233.5
2020-11-08,paid_search,18445,13486,81091,0.00527,190.7
2020-11-09,paid_search,17701,12953,76286,0.00418,118.0
2020-11-10,paid_search,19293,13687,77336,0.00477,315.5
2020-11-11,email_campaign,18790,14166,76190,0.00338,296.6
2020-11-12,referral,17856,12841,86498,0.00527,174.6
2020-11-13,email_campaign,17396,12776,77474,0.00556,279.4
2020-11-14,direct,17694,12793,72612,0.00576,243.0
2020-11-15,organic_search,14260,10406,61122,0.00412,188.5
2020-11-16,email_campaign,18092,14243,97390,0.00504,296.1
2020-11-17,organic_search,16039,12068,67477,0.00563,128.4
2020-11-18,organic_search,16491,11715,73039,0.00524,213.6
2020-11-19,paid_search,16250,13117,59654,0.00577,283.0
2020-11-20,organic_search,17855,13458,79186,0.0043,176.8
2020-11-21,social_media,17079,12036,83706,0.00347,295.2
2020-11-22,paid_search,16764,12087,75792,0.00542,254.4
2020-11-23,organic_search,15370,11896,81227,0.00418,126.5
2020-11-24,paid_search,18796,13402,84515,0.00393,141.6
2020-11-25,organic_search,15420,10841,54787,0.00336,134.0
2020-11-26,organic_search,16733,13329,79614,0.00552,213.0
2020-11-27,organic_search,17323,13271,92052,0.00399,254.4
2020-11-28,organic_search,18543,13712,71710,0.00329,285.2
2020-11-29,email_campaign,18159,14657,98612,0.00482,100.2
2020-11-30,organic_search,17824,13249,69923,0.00565,139.2
2020-12-01,organic_search,19647,14036,101454,0.00425,101.6
2020-12-02,organic_search,20023,16101,69321,0.00466,296.8
2020-12-03,paid_search,20422,15573,85659,0.0054,254.5
2020-12-04,social_media,16123,12162,75877,0.00414,150.9
2020-12-05,organic_search,19449,13722,102800,0.00559,305.9
2020-12-06,paid_search,19233,15083,87799,0.00345,265.8
2020-12-07,social_media,17942,14544,75482,0.00385,124.6
2020-12-08,email_campaign,18946,14954,83991,0.00348,139.4
2020-12-09,organic_search,19732,14464,64921,0.00403,124.6
2020-12-10,paid_search,16485,13246,64712,0.00346,260.4
2020-12-11,organic_search,16188,11995,58965,0.00344,198.6
2020-12-12,paid_search,16777,13540,71386,0.00418,156.0
2020-12-13,paid_search,16467,12133,58632,0.0048,194.7
2020-12-14,paid_search,19160,14625,69801,0.00428,314.9
2020-12-15,organic_search,20367,15824,98777,0.00494,315.9
2020-12-16,paid_search,19278,15286,93923,0.00503,110.3
2020-12-17,referral,19854,14704,70559,0.00324,294.3
2020-12-18,organic_search,20218,14273,75635,0.00519,307.7
2020-12-19,paid_search,20038,15556,91258,0.00409,259.5
2020-12-20,paid_search,20214,16185,71596,0.00474,258.1
2020-12-21,referral,18862,15018,79432,0.0046,168.1
2020-12-22,social_media,18707,13230,83873,0.00368,292.1
2020-12-23,email_campaign,19179,14954,95061,0.00569,292.5
2020-12-24,paid_search,20374,15600,88847,0.00486,159.9
2020-12-25,paid_search,19207,14605,70159,0.00343,250.6
2020-12-26,email_campaign,19934,15114,93736,0.0053,170.4
2020-12-27,organic_search,22306,16526,92481,0.00346,281.6
2020-12-28,social_media,18063,14637,96451,0.00526,293.1
2020-12-29,organic_search,21080,15731,90633,0.0035,136.0
2020-12-30,organic_search,20533,16778,69320,0.00328,280.3
2020-12-31,email_campaign,17767,13361,93445,0.00519,109.3
2021-01-01,referral,14570,11040,49430,0.00361,132.6
2021-01-02,paid_search,13267,10265,60079,0.00422,125.3
2021-01-03,paid_search,14741,11620,73963,0.00578,179.8
2021-01-04,social_media,14929,10471,52523,0.00473,171.1
2021-01-05,email_campaign,16138,12708,53744,0.00485,306.4
2021-01-06,referral,16334,12369,83419,0.00445,227.4
2021-01-07,paid_search,16711,11962,91756,0.00402,210.0
2021-01-08,organic_search,16364,13392,62434,0.00433,234.0
2021-01-09,social_media,16343,11944,64540,0.00532,307.6
2021-01-10,social_media,13484,9896,58053,0.00391,206.6
2021-01-11,email_campaign,16493,11978,55382,0.00448,314.0
2021-01-12,paid_search,15881,11461,69707,0.00466,319.8
2021-01-13,referral,15076,10739,53234,0.00479,182.6
2021-01-14,social_media,16537,11936,53246,0.00442,215.2
2021-01-15,direct,15763,11957,60315,0.0046,247.6
2021-01-16,direct,15667,11566,78596,0.00529,286.5
2021-01-17,social_media,16227,13003,67057,0.00531,293.8
2021-01-18,organic_search,15948,11290,59449,0.0058,159.4
2021-01-19,referral,16117,12572,68303,0.00439,228.1
2021-01-20,paid_search,15543,11545,69867,0.0039,191.7
2021-01-21,social_media,15673,11090,61671,0.00406,236.5
2021-01-22,organic_search,16747,12024,55374,0.00472,303.9
2021-01-23,social_media,16160,12050,61099,0.00539,235.4
2021-01-24,organic_search,15728,11746,57187,0.00329,284.5
2021-01-25,organic_search,17059,12064,85576,0.00542,317.7
2021-01-26,paid_search,16118,12581,57820,0.00352,147.1
2021-01-27,organic_search,17898,14011,68989,0.00544,249.6
2021-01-28,direct,14112,9931,72021,0.00489,213.6
2021-01-29,referral,15601,11768,66036,0.00469,239.3
2021-01-30,paid_search,16213,12103,85859,0.00557,251.5
2021-01-31,paid_search,14307,10979,54842,0.00343,126.3
2021-02-01,social_media,24811,19041,121401,0.00348,190.4
2021-02-02,organic_search,25619,18057,116068,0.00568,238.1
2021-02-03,organic_search,24601,19055,96562,0.00434,190.5
2021-02-04,organic_search,24393,17316,85004,0.00511,305.8
2021-02-05,social_media,23162,16799,89702,0.00469,152.2
2021-02-06,organic_search,28524,20728,141994,0.00441,302.9
2021-02-07,direct,25884,19478,129366,0.00353,109.9
2021-02-08,referral,22937,17347,83607,0.00412,302.6
2021-02-09,referral,22393,18180,108739,0.00352,212.8
2021-02-10,organic_search,21106,16559,98582,0.00484,191.8
2021-02-11,organic_search,23164,18564,120219,0.00466,128.2
2021-02-12,referral,20050,15090,103675,0.00458,242.3
2021-02-13,organic_search,20675,16310,86780,0.00384,293.6
2021-02-14,paid_search,19107,14102,97327,0.00506,260.8
2021-02-15,direct,21007,16081,68470,0.0035,225.4
2021-02-16,social_media,24988,18787,98983,0.00456,306.7
2021-02-17,social_media,27259,21684,107385,0.00556,115.0
2021-02-18,email_campaign,23888,19308,121845,0.00517,298.3
2021-02-19,organic_search,20136,15365,97088,0.00359,223.4
2021-02-20,referral,22514,16093,81093,0.00339,211.0
2021-02-21,email_campaign,24929,19918,113473,0.00542,236.0
2021-02-22,social_media,21488,16743,88253,0.00469,240.4
2021-02-23,direct,23227,17758,110633,0.00438,108.4
2021-02-24,email_campaign,24814,18311,109543,0.0052,314.6
2021-02-25,social_media,25641,19004,117903,0.00441,264.5
2021-02-26,paid_search,20529,16603,85164,0.00369,203.7
2021-02-27,paid_search,22079,15987,117948,0.0057,317.3
2021-02-28,organic_search,26771,19046,121825,0.00433,227.0
2021-03-01,email_campaign,30058,23636,139274,0.00377,126.6
2021-03-02,organic_search,34281,27865,150636,0.00511,194.1
2021-03-03,organic_search,37125,27617,174633,0.00415,299.1
2021-03-04,organic_search,34850,24960,180481,0.00534,218.7
2021-03-05,organic_search,34458,27269,136717,0.00504,316.3
2021-03-06,email_campaign,33670,27371,133076,0.00449,177.2
2021-03-07,social_media,36948,28600,157069,0.00565,225.9
2021-03-08,referral,35780,27855,140464,0.00349,178.3
2021-03-09,social_media,31141,22131,156070,0.00526,294.3
2021-03-10,social_media,37934,26752,195688,0.00398,276.9
2021-03-11,direct,34349,26011,168223,0.00457,186.7
2021-03-12,social_media,32364,23561,105747,0.00346,169.7
2021-03-13,direct,31175,24629,112065,0.00406,307.3
2021-03-14,paid_search,30999,25273,114789,0.00547,116.3
2021-03-15,paid_search,31562,23684,161584,0.00392,170.8
2021-03-16,social_media,30694,24351,159810,0.00459,213.6
2021-03-17,organic_search,31897,25392,170214,0.00481,318.6
2021-03-18,organic_search,35408,28839,182242,0.00579,124.5
2021-03-19,email_campaign,34760,28067,120473,0.00385,261.3
2021-03-20,email_campaign,31417,24295,126393,0.00464,310.7
2021-03-21,social_media,34445,26647,124002,0.00406,269.6
2021-03-22,direct,33491,26683,121744,0.00439,103.1
2021-03-23,paid_search,28368,20831,105036,0.00451,101.6
2021-03-24,organic_search,28378,21514,109227,0.00399,278.7
2021-03-25,paid_search,36949,28753,161932,0.0058,167.8
2021-03-26,referral,31567,22349,122036,0.00566,302.5
2021-03-27,direct,32631,23595,147924,0.00472,192.1
2021-03-28,organic_search,30890,23435,161355,0.00435,310.2
2021-03-29,paid_search,34658,26535,185511,0.00415,299.9
2021-03-30,organic_search,27851,21589,134872,0.00472,193.7
2021-03-31,direct,30899,22549,126799,0.00356,218.2
2021-04-01,direct,41841,33400,158113,0.00403,102.2
2021-04-02,direct,44123,31584,214010,0.00524,161.5
2021-04-03,organic_search,41643,30558,161901,0.00477,166.6
2021-04-04,social_media,39805,28128,200899,0.00365,196.2
2021-04-05,paid_search,47943,35534,209958,0.00383,290.8
2021-04-06,referral,44337,34814,229084,0.00406,121.4
2021-04-07,organic_search,42648,32357,157589,0.00389,167.3
2021-04-08,email_campaign,46956,35299,239902,0.0052,298.8
2021-04-09,social_media,45568,33443,193914,0.00416,223.0
2021-04-10,organic_search,42541,34382,205786,0.00336,124.6
2021-04-11,organic_search,43154,32111,138797,0.00477,123.6
2021-04-12,paid_search,47621,35359,182817,0.00406,136.3
2021-04-13,email_campaign,43787,33075,237704,0.00397,108.1
2021-04-14,organic_search,41868,33201,218893,0.00531,246.5
2021-04-15,organic_search,46066,36105,162617,0.00469,310.4
2021-04-16,paid_search,43728,33236,155174,0.00322,152.8
2021-04-17,paid_search,47170,34731,171205,0.00534,115.7
2021-04-18,paid_search,42920,32739,155375,0.00324,144.0
2021-04-19,organic_search,48473,38183,183223,0.00336,259.3
2021-04-20,organic_search,42582,31626,150485,0.0038,111.5
2021-04-21,email_campaign,37415,28122,137412,0.00492,313.6
2021-04-22,referral,44828,33107,221933,0.00485,194.4
2021-04-23,organic_search,41069,30398,194843,0.00376,281.1
2021-04-24,referral,45034,36788,211215,0.00511,115.6
2021-04-25,paid_search,50274,40430,254833,0.00382,185.6
2021-04-26,referral,40077,31568,164581,0.0055,191.9
2021-04-27,email_campaign,43799,31642,206019,0.00544,289.7
2021-04-28,organic_search,47571,33983,212630,0.00415,135.5
2021-04-29,social_media,46907,33983,162107,0.00467,211.1
2021-04-30,organic_search,50714,40411,194628,0.0044,296.5
2021-05-01,organic_search,38587,27949,180978,0.00444,209.5
2021-05-02,referral,39941,31361,128241,0.00499,251.8
2021-05-03,organic_search,47936,36124,207575,0.00339,204.0
2021-05-04,social_media,40128,32736,172741,0.00381,234.2
2021-05-05,referral,42121,33188,224669,0.00355,310.3
2021-05-06,direct,38251,30338,146607,0.00576,271.6
2021-05-07,referral,40597,32930,186760,0.00446,218.7
2021-05-08,organic_search,42180,30797,202495,0.00353,127.5
2021-05-09,paid_search,47574,36687,221606,0.00548,269.9
2021-05-10,referral,40689,28723,146918,0.00462,297.6
2021-05-11,direct,41632,30068,216979,0.0048,212.8
2021-05-12,social_media,40035,31679,173943,0.00577,209.6
2021-05-13,direct,44172,33131,145415,0.00399,314.8
2021-05-14,social_media,41669,29288,220903,0.00351,102.1
2021-05-15,paid_search,44877,32359,163408,0.00347,280.4
2021-05-16,direct,46038,32930,178309,0.00408,182.2
2021-05-17,social_media,40445,29227,133550,0.00383,152.7
2021-05-18,organic_search,40506,32133,144075,0.00576,222.9
2021-05-19,organic_search,40499,31915,191765,0.00425,142.8
2021-05-20,organic_search,48008,34549,234218,0.00347,203.3
2021-05-21,email_campaign,40494,30867,207787,0.00544,279.2
2021-05-22,referral,36963,28930,152131,0.0052,171.9
2021-05-23,referral,45854,34982,172164,0.00495,239.7
2021-05-24,organic_search,44500,33428,223584,0.00502,217.5
2021-05-25,referral,40082,28264,149247,0.00543,127.9
2021-05-26,organic_search,45774,37206,211861,0.00394,281.4
2021-05-27,organic_search,35745,28000,177423,0.00476,133.8
2021-05-28,email_campaign,41259,31125,152716,0.00514,177.9
2021-05-29,paid_search,30460,22820,165532,0.00538,233.5
2021-05-30,email_campaign,36841,26242,147220,0.00458,164.0
2021-05-31,organic_search,44156,33751,169380,0.005,219.6
2021-06-01,organic_search,40847,32094,213982,0.00449,220.1
2021-06-02,social_media,42831,31013,182212,0.00467,265.3
2021-06-03,organic_search,48600,38637,184769,0.00478,317.2
2021-06-04,organic_search,44701,32417,226819,0.00366,162.1
2021-06-05,email_campaign,46818,37746,238843,0.00404,162.2
2021-06-06,social_media,40909,32161,150967,0.00449,169.9
2021-06-07,social_media,46202,33516,198783,0.00562,166.2
2021-06-08,organic_search,45781,37084,219913,0.0048,130.8
2021-06-09,social_media,34088,27887,130269,0.00422,205.6
2021-06-10,direct,44249,32430,217077,0.00424,187.7
2021-06-11,organic_search,44246,32772,164717,0.00473,208.8
2021-06-12,paid_search,44378,35506,154157,0.00537,193.4
2021-06-13,social_media,42050,31300,215993,0.00388,213.2
2021-06-14,organic_search,46537,36237,246126,0.00571,180.9
2021-06-15,social_media,44310,31547,210222,0.00492,195.6
2021-06-16,referral,44337,35817,229232,0.00564,183.3
2021-06-17,social_media,47460,37553,238402,0.00345,151.4
2021-06-18,organic_search,43011,34964,202414,0.00547,254.9
2021-06-19,organic_search,43105,35045,148637,0.00338,136.3
2021-06-20,organic_search,45601,33536,218671,0.00391,216.3
2021-06-21,paid_search,50225,40208,255212,0.00545,177.1
2021-06-22,social_media,44414,35172,231173,0.00469,138.0
2021-06-23,email_campaign,40031,31413,139944,0.0047,136.9
2021-06-24,referral,46126,36500,189683,0.00479,146.7
2021-06-25,referral,38862,30258,150660,0.00423,229.1
2021-06-26,organic_search,38286,28676,174622,0.00459,153.9
2021-06-27,social_media,49137,39354,260766,0.00541,308.4
2021-06-28,direct,46294,35882,202773,0.00329,285.4
2021-06-29,paid_search,40996,30081,215178,0.00321,133.5
2021-06-30,paid_search,45773,33294,233584,0.00399,152.9
2021-07-01,email_campaign,37571,29901,180410,0.00362,141.3
2021-07-02,email_campaign,33233,27127,152049,0.00522,253.8
2021-07-03,organic_search,35152,24966,184088,0.00333,257.1
2021-07-04,referral,32810,24267,170944,0.00448,297.0
2021-07-05,paid_search,29990,21941,119299,0.00467,103.6
2021-07-06,organic_search,31012,23158,156722,0.00358,154.2
2021-07-07,email_campaign,30311,24007,123602,0.00322,297.9
2021-07-08,paid_search,33426,25458,118185,0.00361,145.3
2021-07-09,organic_search,34217,25366,174288,0.00546,162.7
2021-07-10,referral,31779,22917,150809,0.00565,120.0
2021-07-11,organic_search,30443,23946,142310,0.00553,163.7
2021-07-12,email_campaign,34467,27984,123706,0.00358,100.9
2021-07-13,organic_search,34885,25203,146821,0.00502,244.7
2021-07-14,organic_search,38621,27441,155193,0.00534,304.3
2021-07-15,organic_search,34804,27447,145288,0.00401,304.9
2021-07-16,email_campaign,33529,24745,133076,0.00399,300.8
2021-07-17,email_campaign,34590,25085,138564,0.00435,153.7
2021-07-18,email_campaign,38368,30559,130106,0.00372,134.7
2021-07-19,social_media,34197,26768,167299,0.00495,178.7
2021-07-20,organic_search,30516,22658,113914,0.00324,117.5
2021-07-21,organic_search,33646,23848,179592,0.00372,144.2
2021-07-22,organic_search,32412,25523,158492,0.00341,131.8
2021-07-23,social_media,32445,26329,134930,0.00425,202.6
2021-07-24,organic_search,31592,25814,118083,0.00556,300.8
2021-07-25,referral,35455,26715,120481,0.00497,179.7
2021-07-26,paid_search,33451,23825,147504,0.00354,148.6
2021-07-27,organic_search,33644,23932,164830,0.00456,191.4
2021-07-28,social_media,34683,25833,113756,0.00361,264.4
2021-07-29,paid_search,32982,24449,136497,0.00446,184.2
2021-07-30,organic_search,36061,26735,140586,0.00362,296.0
2021-07-31,email_campaign,29917,22395,154337,0.00531,314.0
2021-08-01,paid_search,37105,27725,195190,0.0039,187.9
2021-08-02,direct,42139,33273,143292,0.00425,264.2
2021-08-03,organic_search,34871,28444,134855,0.00349,174.5
2021-08-04,social_media,42489,31819,211792,0.00371,183.6
2021-08-05,paid_search,37593,29342,166972,0.00505,278.1
2021-08-06,direct,41901,33170,150778,0.00563,245.9
2021-08-07,organic_search,36018,27276,115308,0.00436,168.8
2021-08-08,paid_search,39567,31128,138739,0.0041,211.9
2021-08-09,paid_search,39113,27660,163795,0.00488,116.1
2021-08-10,organic_search,39302,29245,155199,0.0052,265.9
2021-08-11,direct,30995,24667,159578,0.00536,156.9
2021-08-12,paid_search,38269,29771,208637,0.00442,210.7
2021-08-13,organic_search,37306,29688,123156,0.00537,316.2
2021-08-14,organic_search,37592,29767,175016,0.00491,177.1
2021-08-15,email_campaign,39171,29071,146883,0.00444,256.6
2021-08-16,organic_search,42739,32073,186199,0.00569,263.5
2021-08-17,organic_search,35832,25317,135797,0.00361,205.1
2021-08-18,paid_search,33929,26293,149882,0.00376,162.6
2021-08-19,referral,34659,26539,156110,0.00488,240.4
2021-08-20,paid_search,36779,28824,123466,0.00367,297.9
2021-08-21,social_media,35239,27158,150437,0.00374,288.1
2021-08-22,email_campaign,33822,26677,184931,0.00439,157.1
2021-08-23,social_media,41170,32849,199026,0.00455,236.8
2021-08-24,paid_search,33874,25023,154508,0.00417,263.4
2021-08-25,organic_search,42700,33671,212858,0.00335,130.8
2021-08-26,referral,44382,33320,172425,0.00358,212.0
2021-08-27,paid_search,31425,25653,154963,0.00448,279.5
2021-08-28,paid_search,40471,32901,163592,0.00478,301.7
2021-08-29,organic_search,38145,28063,192572,0.00445,157.5
2021-08-30,email_campaign,41162,33329,194304,0.00332,284.6
2021-08-31,direct,41421,33047,200812,0.00341,221.0
2021-09-01,email_campaign,27326,19208,99898,0.0054,279.6
2021-09-02,social_media,28236,21778,94116,0.0045,254.8
2021-09-03,social_media,26551,19907,108115,0.00405,176.7
2021-09-04,organic_search,24298,18434,117729,0.00518,192.4
2021-09-05,direct,28062,21856,117356,0.00381,238.5
2021-09-06,organic_search,28771,21226,117131,0.00431,158.1
2021-09-07,organic_search,23373,16735,88001,0.0044,241.4
2021-09-08,referral,29427,23808,114276,0.00415,272.4
2021-09-09,organic_search,25832,18779,102486,0.00325,100.5
2021-09-10,social_media,24570,18030,128972,0.00556,272.2
2021-09-11,organic_search,22915,16946,78615,0.00369,108.3
2021-09-12,referral,24856,18243,109179,0.00375,121.6
2021-09-13,direct,26951,20849,129532,0.00398,138.6
2021-09-14,paid_search,26127,19448,125476,0.00452,161.8
2021-09-15,paid_search,27170,22258,90013,0.00436,269.5
2021-09-16,paid_search,24544,20042,109761,0.00538,250.7
2021-09-17,organic_search,27224,19381,129910,0.00478,221.8
2021-09-18,email_campaign,25797,18347,105109,0.00336,239.0
2021-09-19,organic_search,26670,21014,95312,0.00348,285.3
2021-09-20,referral,27194,19545,107817,0.00574,159.7
2021-09-21,referral,28567,20425,111680,0.00534,279.9
2021-09-22,direct,23720,19155,125345,0.00395,108.6
2021-09-23,referral,28950,21182,140514,0.00327,249.3
2021-09-24,social_media,25544,19883,116993,0.00545,293.4
2021-09-25,direct,28614,21314,124020,0.00511,269.9
2021-09-26,organic_search,26085,20400,95877,0.00494,318.7
2021-09-27,paid_search,27562,22060,142951,0.0045,118.0
2021-09-28,organic_search,28001,21001,103029,0.00444,184.6
2021-09-29,email_campaign,29661,23727,120596,0.00507,281.8
2021-09-30,social_media,28475,21959,148954,0.00364,192.8
2021-10-01,social_media,24386,17960,123393,0.0043,294.8
2021-10-02,paid_search,21410,15691,111539,0.00365,311.3
2021-10-03,organic_search,22289,18269,72630,0.00336,163.3
2021-10-04,organic_search,21958,16903,103019,0.00375,116.6
2021-10-05,paid_search,22060,17666,72399,0.00341,168.1
2021-10-06,paid_search,20869,16523,75300,0.00556,128.6
2021-10-07,social_media,24821,18161,83730,0.00387,193.1
2021-10-08,organic_search,19762,13894,102451,0.00362,127.6
2021-10-09,paid_search,18870,14640,73117,0.00416,254.6
2021-10-10,paid_search,21359,15899,93665,0.00413,126.2
2021-10-11,direct,23411,17978,128488,0.00437,101.3
2021-10-12,social_media,19294,15019,96700,0.00363,135.5
2021-10-13,direct,19477,15122,105026,0.00424,214.4
2021-10-14,paid_search,21776,17637,87008,0.00336,178.5
2021-10-15,email_campaign,22446,16346,89558,0.0034,176.7
2021-10-16,organic_search,24812,18137,128060,0.00476,179.1
2021-10-17,organic_search,20591,15415,74234,0.00368,201.4
2021-10-18,referral,21604,16693,98358,0.0045,253.1
2021-10-19,organic_search,22443,16563,96730,0.00337,182.6
2021-10-20,paid_search,20905,16187,89875,0.0039,206.2
2021-10-21,organic_search,22586,17775,77577,0.0054,228.0
2021-10-22,paid_search,24218,19711,114397,0.00431,204.0
2021-10-23,paid_search,21880,16024,73662,0.00371,227.3
2021-10-24,social_media,21229,17267,81196,0.00468,234.5
2021-10-25,referral,23224,16717,114672,0.00502,279.4
2021-10-26,organic_search,24639,17733,80324,0.00532,142.3
2021-10-27,paid_search,18866,13558,98028,0.00465,151.5
2021-10-28,social_media,20437,15921,98377,0.00538,242.7
2021-10-29,organic_search,23463,19019,128387,0.00341,173.8
2021-10-30,organic_search,21242,16732,74585,0.00482,290.1
2021-10-31,social_media,19649,15891,86079,0.00425,215.9
2021-11-01,organic_search,20235,14266,81756,0.00525,197.9
2021-11-02,referral,17580,13040,95858,0.00509,250.8
2021-11-03,email_campaign,19842,14973,105035,0.00469,105.2
2021-11-04,referral,17473,13578,83632,0.00552,284.3
2021-11-05,social_media,20400,15416,95780,0.00459,217.1
2021-11-06,paid_search,17302,12568,70438,0.00491,224.5
2021-11-07,social_media,18751,13247,74916,0.00471,241.0
2021-11-08,organic_search,19651,14673,90100,0.00328,161.4
2021-11-09,direct,16554,11704,63719,0.0044,182.5
2021-11-10,organic_search,16316,11438,69694,0.00534,209.8
2021-11-11,organic_search,17054,12407,64947,0.00464,109.8
2021-11-12,organic_search,17407,12320,64158,0.00383,318.9
2021-11-13,organic_search,18928,13455,84772,0.00345,292.7
2021-11-14,organic_search,18386,13522,80295,0.0048,318.0
2021-11-15,email_campaign,19029,14409,87572,0.00336,191.2
2021-11-16,referral,16503,12928,78077,0.00448,314.5
2021-11-17,referral,19729,16006,74286,0.00463,294.9
2021-11-18,referral,18086,13283,95314,0.0051,250.2
2021-11-19,referral,20121,16204,81355,0.00408,112.5
2021-11-20,organic_search,18493,13334,98514,0.00541,292.8
2021-11-21,paid_search,19555,14372,70710,0.00453,186.5
2021-11-22,email_campaign,20461,16499,82338,0.00355,163.2
2021-11-23,paid_search,18415,13258,73460,0.0043,278.4
2021-11-24,social_media,17455,13583,92249,0.00394,158.5
2021-11-25,email_campaign,18638,14070,99028,0.00576,104.8
2021-11-26,email_campaign,17760,13626,72802,0.00572,205.8
2021-11-27,social_media,16640,12984,56761,0.00358,142.2
2021-11-28,organic_search,19450,15869,85349,0.00494,310.0
2021-11-29,referral,21295,15967,82166,0.00547,108.6
2021-11-30,referral,15377,11989,55274,0.00477,221.3
2021-12-01,organic_search,19054,13537,65331,0.00458,210.6
2021-12-02,email_campaign,17604,12796,62792,0.0042,160.4
2021-12-03,organic_search,21253,15423,81710,0.00532,117.8
2021-12-04,paid_search,21716,16391,95580,0.00573,113.2
2021-12-05,email_campaign,18397,14224,70529,0.00471,251.3
2021-12-06,organic_search,20668,15918,67398,0.00472,150.0
2021-12-07,paid_search,21840,15330,102200,0.00472,147.9
2021-12-08,paid_search,23815,17342,90722,0.00504,100.1
2021-12-09,paid_search,20773,16717,100580,0.00439,300.4
2021-12-10,email_campaign,22104,16530,117774,0.0036,253.2
2021-12-11,paid_search,17639,12442,89865,0.00404,105.4
2021-12-12,referral,21143,16020,112345,0.00407,277.3
2021-12-13,social_media,20511,15018,86240,0.00372,102.4
2021-12-14,social_media,21633,16520,93442,0.00498,232.9
2021-12-15,social_media,21102,16384,85848,0.0053,143.8
2021-12-16,social_media,24232,18536,94060,0.00381,107.4
2021-12-17,paid_search,19112,13571,77118,0.00432,148.1
2021-12-18,organic_search,18789,15217,75059,0.00385,230.4
2021-12-19,email_campaign,21312,17414,101787,0.00467,296.0
2021-12-20,email_campaign,21881,15629,75775,0.00385,236.7
2021-12-21,organic_search,20173,15661,108494,0.00375,121.7
2021-12-22,organic_search,19226,15198,63765,0.00409,141.9
2021-12-23,organic_search,20108,15623,98925,0.00322,188.7
2021-12-24,referral,17767,12442,57152,0.00517,259.6
2021-12-25,organic_search,18380,13684,64150,0.00425,305.6
2021-12-26,paid_search,20335,16537,76060,0.00418,182.2
2021-12-27,direct,22747,18004,95282,0.00552,219.7
2021-12-28,email_campaign,21237,16164,89295,0.00537,104.2
2021-12-29,email_campaign,22058,17413,116727,0.00537,112.0
2021-12-30,organic_search,19928,14993,101498,0.00573,316.8
2021-12-31,paid_search,18742,14095,84913,0.005,107.3
2022-01-01,organic_search,17601,13989,78423,0.00453,100.8
2022-01-02,direct,16288,12415,86736,0.00416,280.3
2022-01-03,social_media,15844,12119,86806,0.00435,155.0
2022-01-04,paid_search,16220,11438,86962,0.00428,223.4
2022-01-05,organic_search,17043,13448,87391,0.00389,133.4
2022-01-06,email_campaign,16845,12989,54823,0.00338,269.9
2022-01-07,direct,16784,12436,86241,0.00406,186.3
2022-01-08,paid_search,16180,11582,59841,0.00481,172.0
2022-01-09,paid_search,17607,13065,83516,0.0046,283.9
2022-01-10,organic_search,13466,10626,73474,0.00465,237.5
2022-01-11,paid_search,17468,14056,82324,0.00524,241.3
2022-01-12,organic_search,16161,11943,67735,0.00572,168.5
2022-01-13,organic_search,17441,13941,74021,0.00551,316.7
2022-01-14,organic_search,18087,13318,91918,0.00524,151.3
2022-01-15,social_media,15371,11711,51050,0.00502,276.7
2022-01-16,organic_search,16172,12808,57584,0.00447,273.3
2022-01-17,email_campaign,17394,12263,82644,0.00376,216.6
2022-01-18,direct,16276,13141,70085,0.00371,164.3
2022-01-19,organic_search,13271,9704,63114,0.00502,208.3
2022-01-20,paid_search,16831,12226,89260,0.00519,285.9
2022-01-21,social_media,15120,11837,54701,0.00446,208.6
2022-01-22,referral,18072,12999,89823,0.00522,101.4
2022-01-23,social_media,14482,10941,54012,0.00407,106.2
2022-01-24,referral,16327,12551,58647,0.00522,237.6
2022-01-25,organic_search,14769,11760,79210,0.00332,309.8
2022-01-26,social_media,16497,12386,87194,0.00345,177.8
2022-01-27,organic_search,20276,14709,110718,0.00533,157.3
2022-01-28,organic_search,16752,13732,80272,0.00479,311.0
2022-01-29,direct,14842,11909,69729,0.00522,251.0
2022-01-30,organic_search,14890,11490,58640,0.00349,116.9
2022-01-31,email_campaign,14632,10842,65353,0.00556,155.0
2022-02-01,paid_search,21868,17710,117258,0.00398,186.9
2022-02-02,organic_search,27306,21266,126792,0.0035,162.0
2022-02-03,referral,26597,21388,107155,0.00478,315.2
2022-02-04,email_campaign,23796,18040,83295,0.00358,198.1
2022-02-05,social_media,23738,17660,98963,0.00496,251.6
2022-02-06,direct,23675,18804,80717,0.00409,193.8
2022-02-07,social_media,21436,16245,79683,0.00347,174.9
2022-02-08,organic_search,26112,20992,122104,0.00463,251.2
2022-02-09,organic_search,26252,21176,93470,0.00486,144.7
2022-02-10,organic_search,23043,16686,100004,0.00454,216.1
2022-02-11,paid_search,20118,16255,87360,0.00457,284.0
2022-02-12,referral,24012,19085,104955,0.00475,128.7
2022-02-13,organic_search,23278,16982,88382,0.00427,153.9
2022-02-14,email_campaign,23850,17502,94646,0.00347,184.0
2022-02-15,social_media,25068,19127,136790,0.00429,100.5
2022-02-16,paid_search,21370,15872,88752,0.00386,116.3
2022-02-17,paid_search,25737,20825,136570,0.00526,283.0
2022-02-18,paid_search,21990,15713,88203,0.00475,241.4
2022-02-19,referral,21404,15530,87024,0.00442,312.5
2022-02-20,organic_search,21183,16425,109932,0.00374,173.2
2022-02-21,email_campaign,23903,19258,77844,0.00548,191.8
2022-02-22,paid_search,21137,16301,109650,0.00362,185.5
2022-02-23,organic_search,23622,18720,116720,0.00408,136.6
2022-02-24,direct,27069,19148,131958,0.00379,157.7
2022-02-25,social_media,22660,18520,110666,0.00501,170.3
2022-02-26,organic_search,25347,17823,84668,0.00374,268.1
2022-02-27,organic_search,24281,18217,108870,0.00333,120.5
2022-02-28,social_media,23768,17903,101385,0.00526,115.5
2022-03-01,paid_search,35076,24922,188403,0.00451,128.5
2022-03-02,paid_search,32797,24764,106597,0.00354,234.1
2022-03-03,direct,33496,24968,128870,0.00562,281.3
2022-03-04,email_campaign,29143,20720,149452,0.00442,279.9
2022-03-05,paid_search,33090,26348,124117,0.00354,266.0
2022-03-06,paid_search,28131,21694,91898,0.00423,170.2
2022-03-07,organic_search,36095,27441,191016,0.00418,127.7
2022-03-08,paid_search,29608,21244,113879,0.00523,156.0
2022-03-09,organic_search,33132,25858,168575,0.00497,218.3
2022-03-10,email_campaign,36196,25978,157016,0.00511,209.5
2022-03-11,direct,37101,26313,171691,0.00476,271.0
2022-03-12,organic_search,30790,23651,115648,0.005,292.4
2022-03-13,organic_search,33105,26902,113884,0.00332,255.0
2022-03-14,social_media,31168,23392,118855,0.00493,250.1
2022-03-15,referral,36158,26392,167365,0.00361,212.8
2022-03-16,organic_search,32576,26436,158677,0.00342,171.0
2022-03-17,email_campaign,31161,23115,118865,0.0042,231.6
2022-03-18,paid_search,35552,28747,144713,0.00443,267.8
2022-03-19,organic_search,35007,25996,181623,0.0051,233.8
2022-03-20,organic_search,32404,24992,122416,0.00328,295.6
2022-03-21,social_media,30451,22765,130518,0.00519,294.6
2022-03-22,paid_search,31664,25114,105997,0.00364,223.0
2022-03-23,paid_search,35235,27474,187204,0.00541,174.4
2022-03-24,email_campaign,31578,22825,157354,0.0056,209.3
2022-03-25,social_media,35014,25672,113707,0.00379,292.1
2022-03-26,organic_search,33598,25782,156944,0.0055,227.4
2022-03-27,organic_search,38704,29449,130774,0.00483,281.4
2022-03-28,social_media,31723,23937,133339,0.00522,306.0
2022-03-29,organic_search,36844,29563,162546,0.00537,245.3
2022-03-30,paid_search,32053,23649,163462,0.00571,280.8
2022-03-31,paid_search,39105,28896,147447,0.00409,111.7
2022-04-01,organic_search,42144,30733,195904,0.00469,228.2
2022-04-02,referral,40564,31682,137174,0.00517,146.1
2022-04-03,social_media,47464,37125,212580,0.00481,309.7
2022-04-04,social_media,50915,38038,215316,0.00543,120.6
2022-04-05,social_media,40856,32721,183495,0.00541,149.0
2022-04-06,paid_search,47925,38848,189601,0.0056,208.2
2022-04-07,organic_search,43669,32002,212764,0.00569,211.9
2022-04-08,paid_search,46962,33939,177371,0.0055,103.2
2022-04-09,referral,42440,33001,200920,0.00458,108.6
2022-04-10,paid_search,49768,36522,216764,0.00444,277.8
2022-04-11,referral,45070,32885,144701,0.00563,192.4
2022-04-12,organic_search,43246,31856,165710,0.00411,120.2
2022-04-13,social_media,43972,31916,224660,0.00533,249.2
2022-04-14,organic_search,46250,32446,165332,0.0034,100.2
2022-04-15,organic_search,44514,34678,218562,0.00457,203.9
2022-04-16,social_media,39654,29009,205953,0.00525,186.2
2022-04-17,email_campaign,43425,33955,164100,0.00353,298.5
2022-04-18,social_media,44198,31257,158705,0.00524,219.7
2022-04-19,referral,46622,34253,244067,0.00531,127.5
2022-04-20,social_media,46525,34875,177949,0.0032,285.8
2022-04-21,social_media,48204,38947,176259,0.00572,172.5
2022-04-22,organic_search,39015,28877,210946,0.00374,161.8
2022-04-23,paid_search,47534,35380,251668,0.00467,172.5
2022-04-24,paid_search,50247,38699,164392,0.00485,125.8
2022-04-25,paid_search,45074,36767,194189,0.00561,214.1
2022-04-26,referral,42549,33144,160644,0.0048,141.2
2022-04-27,organic_search,43119,33031,167038,0.00527,147.1
2022-04-28,social_media,46696,37526,164806,0.00574,293.6
2022-04-29,email_campaign,38774,30376,149304,0.00405,143.7
2022-04-30,paid_search,48271,34401,205748,0.00483,234.2
2022-05-01,organic_search,46440,35572,150451,0.00547,266.2
2022-05-02,paid_search,43201,31271,152718,0.00529,110.5
2022-05-03,organic_search,43413,33025,178141,0.00351,125.9
2022-05-04,social_media,45850,37014,214094,0.00493,262.5
2022-05-05,direct,47226,34964,191784,0.00537,153.3
2022-05-06,social_media,37977,30976,136672,0.00484,230.4
2022-05-07,direct,42010,29449,180265,0.00569,254.6
2022-05-08,paid_search,38928,30245,193556,0.00346,241.7
2022-05-09,organic_search,42454,31780,213593,0.00337,201.8
2022-05-10,organic_search,39754,28238,178091,0.00529,116.9
2022-05-11,organic_search,38601,27372,150402,0.00327,136.3
2022-05-12,organic_search,39174,29779,127140,0.00348,258.9
2022-05-13,organic_search,42638,34379,150563,0.00329,245.1
2022-05-14,paid_search,45546,36408,241402,0.0044,197.9
2022-05-15,direct,48367,38529,169548,0.00512,178.6
2022-05-16,social_media,37310,29184,119833,0.00509,215.0
2022-05-17,paid_search,39183,30677,141878,0.00335,165.3
2022-05-18,organic_search,39338,28360,188861,0.00423,150.2
2022-05-19,organic_search,50386,38175,275560,0.00407,288.5
2022-05-20,organic_search,36419,28338,146098,0.00533,313.4
2022-05-21,social_media,49387,40268,207689,0.00341,115.5
2022-05-22,organic_search,42073,31253,199334,0.00407,274.4
2022-05-23,paid_search,36172,29099,175445,0.00336,102.5
2022-05-24,organic_search,41157,31416,155103,0.00336,294.0
2022-05-25,referral,45321,35057,214638,0.00468,109.1
2022-05-26,organic_search,44370,32896,225409,0.00417,211.5
2022-05-27,organic_search,37986,27205,169620,0.00529,172.7
2022-05-28,organic_search,41345,30685,214142,0.00537,241.5
2022-05-29,social_media,42319,33504,190894,0.00356,125.9
2022-05-30,organic_search,43665,35277,164071,0.00442,129.4
2022-05-31,paid_search,32603,24732,116825,0.00566,315.9
2022-06-01,social_media,38689,28947,191690,0.00474,149.7
2022-06-02,organic_search,38883,28520,165887,0.0036,136.6
2022-06-03,email_campaign,47464,35006,215933,0.00426,188.3
2022-06-04,social_media,42514,30168,160294,0.00513,115.0
2022-06-05,organic_search,47723,37307,253750,0.00398,206.4
2022-06-06,paid_search,41983,34144,147719,0.00436,284.0
2022-06-07,paid_search,49231,39865,223238,0.00395,262.8
2022-06-08,paid_search,41338,31512,143167,0.00484,314.0
2022-06-09,social_media,44804,32533,172103,0.00327,287.3
2022-06-10,social_media,40361,29408,139315,0.00448,217.9
2022-06-11,organic_search,44509,36216,151598,0.00541,295.8
2022-06-12,social_media,44254,35441,227739,0.00421,223.4
2022-06-13,paid_search,47786,37951,241917,0.00528,160.6
2022-06-14,social_media,40529,32509,170075,0.00549,163.9
2022-06-15,organic_search,43670,35143,238821,0.00561,263.8
2022-06-16,social_media,35734,26473,188402,0.00437,188.3
2022-06-17,social_media,40803,32200,144108,0.00348,234.2
2022-06-18,organic_search,41578,30956,209905,0.00326,156.7
2022-06-19,social_media,40028,30573,130817,0.00385,264.8
2022-06-20,email_campaign,44660,35988,182087,0.00369,186.1
2022-06-21,social_media,42645,33601,224443,0.00486,105.7
2022-06-22,paid_search,45359,34260,230261,0.00511,213.0
2022-06-23,referral,44936,31522,203312,0.00442,252.2
2022-06-24,paid_search,45490,33696,214448,0.00441,167.5
2022-06-25,organic_search,47230,37140,153361,0.00483,182.7
2022-06-26,organic_search,50947,37063,203644,0.00419,104.7
2022-06-27,paid_search,44325,33965,198590,0.00562,275.2
2022-06-28,organic_search,48458,35647,176247,0.00331,301.6
2022-06-29,direct,44124,31005,144998,0.00398,129.7
2022-06-30,paid_search,43026,32328,194772,0.00422,301.0
2022-07-01,referral,32388,25146,126327,0.00464,214.1
2022-07-02,organic_search,35455,25208,152256,0.00474,289.6
2022-07-03,social_media,32450,24137,143250,0.00454,186.6
2022-07-04,organic_search,31174,24165,110469,0.00381,218.3
2022-07-05,organic_search,32386,26366,104994,0.00516,111.2
2022-07-06,email_campaign,35979,25482,194096,0.00574,261.1
2022-07-07,email_campaign,35410,25983,147788,0.00404,260.6
2022-07-08,organic_search,33780,24238,125119,0.00412,116.6
2022-07-09,organic_search,32667,26631,169226,0.00324,124.3
2022-07-10,email_campaign,38687,30792,126697,0.00444,270.2
2022-07-11,paid_search,34744,26462,188041,0.00527,312.0
2022-07-12,referral,34500,26472,173654,0.00355,172.8
2022-07-13,organic_search,40352,30225,200261,0.00505,242.4
2022-07-14,paid_search,33730,26590,136867,0.00535,200.5
2022-07-15,organic_search,31770,23096,154529,0.00444,110.6
2022-07-16,organic_search,36700,29083,182157,0.00578,298.3
2022-07-17,direct,31361,23759,152630,0.0038,294.1
2022-07-18,paid_search,34657,26158,165506,0.00561,120.4
2022-07-19,paid_search,31117,22846,151522,0.00474,315.2
2022-07-20,referral,35172,27662,169318,0.00479,229.1
2022-07-21,organic_search,35179,27431,163459,0.00491,230.6
2022-07-22,email_campaign,34709,28244,129053,0.00569,114.5
2022-07-23,referral,37128,28407,172419,0.0049,290.9
2022-07-24,paid_search,32101,24091,144729,0.00376,135.2
2022-07-25,direct,32502,23998,126179,0.00519,141.1
2022-07-26,social_media,37013,29716,176364,0.00489,276.5
2022-07-27,social_media,39359,29484,178642,0.00368,227.7
2022-07-28,email_campaign,35826,26977,136531,0.00428,261.6
2022-07-29,paid_search,29929,22065,126776,0.00514,297.4
2022-07-30,organic_search,35132,25037,161051,0.0042,266.1
2022-07-31,email_campaign,34314,24482,147350,0.00329,252.7
2022-08-01,social_media,39152,28060,179948,0.00458,254.0
2022-08-02,email_campaign,37188,27221,188219,0.00391,240.7
2022-08-03,referral,40097,32382,207500,0.00576,211.3
2022-08-04,email_campaign,39154,30610,170894,0.00325,127.7
2022-08-05,social_media,39534,30810,190411,0.00492,295.6
2022-08-06,referral,39578,31017,160610,0.00375,304.9
2022-08-07,paid_search,41050,31032,160670,0.00574,211.9
2022-08-08,paid_search,37273,30036,179334,0.00465,185.7
2022-08-09,organic_search,35567,27505,130126,0.005,317.9
2022-08-10,paid_search,39163,30794,189381,0.00326,206.5
2022-08-11,organic_search,39582,27936,160850,0.00547,212.8
2022-08-12,paid_search,41209,31467,172618,0.00546,157.4
2022-08-13,organic_search,40912,33168,183089,0.00343,118.9
2022-08-14,email_campaign,37511,28726,173595,0.00483,101.9
2022-08-15,email_campaign,36588,26589,132120,0.00451,276.3
2022-08-16,social_media,34912,26494,184855,0.00467,241.9
2022-08-17,paid_search,33645,24397,180016,0.00534,169.1
2022-08-18,organic_search,36212,27205,141806,0.00415,197.0
2022-08-19,organic_search,41063,31131,138743,0.00472,275.3
2022-08-20,paid_search,42765,30300,168327,0.0044,240.5
2022-08-21,paid_search,39407,31207,144120,0.00347,211.8
2022-08-22,organic_search,34255,27894,122349,0.00462,110.9
2022-08-23,social_media,38088,28982,128979,0.00452,315.6
2022-08-24,paid_search,40479,30418,146980,0.00438,224.4
2022-08-25,paid_search,41058,30306,219198,0.00418,301.9
2022-08-26,organic_search,38935,29454,168649,0.00493,260.2
2022-08-27,paid_search,36063,25453,181340,0.00491,244.5
2022-08-28,referral,37831,28968,138534,0.00495,305.0
2022-08-29,direct,34115,27071,132208,0.00396,124.2
2022-08-30,social_media,31044,22542,128484,0.00496,308.7
2022-08-31,referral,36776,27593,183314,0.0058,119.6
2022-09-01,organic_search,27076,19788,132027,0.00492,312.5
2022-09-02,paid_search,26168,21157,89557,0.0033,178.2
2022-09-03,organic_search,26717,19490,89893,0.00366,247.7
2022-09-04,social_media,26986,20282,142233,0.0053,241.9
2022-09-05,paid_search,29790,21719,129819,0.00441,310.0
2022-09-06,organic_search,25213,18681,129916,0.0044,295.8
2022-09-07,paid_search,27316,19634,94008,0.00353,266.4
2022-09-08,organic_search,25002,18438,137423,0.00388,146.1
2022-09-09,organic_search,26537,21323,122541,0.00483,108.9
2022-09-10,email_campaign,28133,22594,127438,0.00419,316.1
2022-09-11,email_campaign,29604,23624,126975,0.00378,257.0
2022-09-12,direct,27314,21746,108646,0.00328,251.4
2022-09-13,direct,27859,20442,118748,0.00463,170.3
2022-09-14,social_media,29359,22541,145598,0.00526,263.5
2022-09-15,paid_search,25643,19214,90014,0.00432,198.5
2022-09-16,paid_search,25367,19808,117896,0.00434,311.0
2022-09-17,organic_search,26163,20085,88784,0.00435,232.0
2022-09-18,organic_search,24338,17411,108739,0.00513,148.6
2022-09-19,paid_search,27785,21122,124074,0.00514,187.8
2022-09-20,organic_search,28085,20197,102914,0.0057,316.2
2022-09-21,referral,27876,21987,136252,0.00557,293.5
2022-09-22,organic_search,28453,22978,94157,0.00354,289.3
2022-09-23,email_campaign,28503,23121,91219,0.00362,125.7
2022-09-24,social_media,25583,19006,86745,0.00439,274.9
2022-09-25,paid_search,26953,19520,113157,0.00541,245.6
2022-09-26,organic_search,29151,21331,106783,0.00344,269.1
2022-09-27,paid_search,30503,21593,118000,0.0046,277.8
2022-09-28,referral,26172,18792,128060,0.00437,179.9
2022-09-29,paid_search,26129,20686,125303,0.00409,254.8
2022-09-30,email_campaign,26964,19431,145584,0.00339,305.0
2022-10-01,organic_search,21915,16618,104680,0.00553,222.3
2022-10-02,social_media,23650,19243,102949,0.00556,220.7
2022-10-03,referral,23086,16613,97440,0.00402,286.8
2022-10-04,paid_search,19419,13982,97948,0.00359,118.5
2022-10-05,organic_search,24340,19102,77914,0.00357,238.3
2022-10-06,social_media,25978,20520,131568,0.00505,254.7
2022-10-07,direct,20341,15198,108359,0.00542,277.7
2022-10-08,organic_search,24311,19360,90149,0.00395,153.3
2022-10-09,organic_search,22950,16938,91335,0.00486,167.2
2022-10-10,referral,20656,16553,70928,0.00349,285.1
2022-10-11,organic_search,18965,15480,94939,0.00416,163.7
2022-10-12,email_campaign,15278,12043,64352,0.0052,220.3
2022-10-13,paid_search,21504,15909,88710,0.00322,162.6
2022-10-14,paid_search,18534,14990,78741,0.00447,210.2
2022-10-15,social_media,19596,14437,88641,0.00383,230.7
2022-10-16,email_campaign,21272,15771,87737,0.00506,173.9
2022-10-17,social_media,23281,18812,75013,0.00497,202.4
2022-10-18,organic_search,20030,14036,71188,0.00395,162.3
2022-10-19,organic_search,19931,14569,85875,0.00336,218.8
2022-10-20,social_media,25130,18775,97221,0.00579,195.9
2022-10-21,email_campaign,19560,14642,92451,0.00386,183.8
2022-10-22,paid_search,22443,16339,94221,0.00398,114.1
2022-10-23,social_media,19004,15022,85593,0.00393,108.7
2022-10-24,email_campaign,19897,14648,98981,0.00411,230.2
2022-10-25,organic_search,18586,13399,94207,0.00329,192.6
2022-10-26,organic_search,20955,16059,84932,0.00471,244.5
2022-10-27,social_media,21533,16570,81302,0.00348,207.3
2022-10-28,social_media,21235,16676,80918,0.00523,241.9
2022-10-29,email_campaign,20080,14795,89735,0.00457,258.0
2022-10-30,organic_search,22842,16570,93151,0.00429,250.0
2022-10-31,organic_search,21079,14809,78371,0.00549,262.3
2022-11-01,paid_search,18752,13778,88117,0.00356,309.0
2022-11-02,organic_search,19089,14911,81187,0.00527,142.7
2022-11-03,paid_search,17164,13896,75376,0.00524,303.7
2022-11-04,social_media,16168,11784,54349,0.00347,319.3
2022-11-05,paid_search,18481,13228,68053,0.00403,288.8
2022-11-06,email_campaign,19560,15002,65417,0.00387,158.7
2022-11-07,email_campaign,17218,12471,68229,0.00468,105.4
2022-11-08,email_campaign,17282,12705,94751,0.004,280.0
2022-11-09,email_campaign,14299,11080,78119,0.00423,314.2
2022-11-10,organic_search,17937,13772,92814,0.00496,277.7
2022-11-11,organic_search,18150,12791,78320,0.00516,205.0
2022-11-12,paid_search,19558,13749,79761,0.00558,219.3
2022-11-13,organic_search,15839,12192,63694,0.0044,200.2
2022-11-14,direct,16503,12338,77142,0.00529,155.3
2022-11-15,organic_search,15437,11589,71074,0.00403,269.5
2022-11-16,paid_search,18093,13188,73967,0.00489,155.7
2022-11-17,paid_search,17628,12749,72696,0.00463,224.8
2022-11-18,organic_search,17800,12834,85184,0.00359,222.9
2022-11-19,email_campaign,16660,12315,74131,0.00477,238.9
2022-11-20,email_campaign,17503,13242,91960,0.00349,224.4
2022-11-21,social_media,16579,13584,84017,0.00353,312.1
2022-11-22,organic_search,19652,15391,73281,0.00411,120.5
2022-11-23,direct,20790,14720,108751,0.00368,312.0
2022-11-24,email_campaign,22800,17553,111590,0.00515,186.0
2022-11-25,paid_search,16538,11598,86095,0.00518,269.1
2022-11-26,organic_search,17711,13728,57061,0.00571,289.0
2022-11-27,email_campaign,17259,13973,64284,0.00526,187.4
2022-11-28,direct,17198,12171,84397,0.0037,245.7
2022-11-29,direct,18099,12899,87262,0.00426,181.8
2022-11-30,social_media,20889,16323,107604,0.0051,242.5
2022-12-01,organic_search,18489,14922,94041,0.00578,291.5
2022-12-02,social_media,22309,18062,85041,0.00446,205.7
2022-12-03,email_campaign,21813,17728,70937,0.00389,124.3
2022-12-04,social_media,19992,14714,100587,0.00505,167.7
2022-12-05,social_media,24621,19070,91083,0.00439,120.2
2022-12-06,direct,21837,16466,92381,0.00354,186.9
2022-12-07,organic_search,21436,17340,76687,0.00334,210.3
2022-12-08,organic_search,22392,16875,111333,0.00476,210.5
2022-12-09,organic_search,18315,14698,88470,0.00323,101.4
2022-12-10,paid_search,21589,15750,85171,0.0032,236.8
2022-12-11,organic_search,20104,15975,89226,0.00547,134.0
2022-12-12,paid_search,20895,17111,98147,0.00423,147.2
2022-12-13,paid_search,18678,14451,81348,0.00427,110.3
2022-12-14,paid_search,19332,13535,89346,0.00333,260.6
2022-12-15,organic_search,20742,14911,103929,0.00346,154.9
2022-12-16,social_media,21729,17169,114060,0.00466,235.3
2022-12-17,email_campaign,21209,17110,116457,0.00403,292.3
2022-12-18,email_campaign,22512,17217,76624,0.00521,233.8
2022-12-19,social_media,20265,14862,107960,0.00569,233.7
2022-12-20,email_campaign,23389,18774,102140,0.00342,233.1
2022-12-21,direct,19702,15507,100991,0.0047,230.8
2022-12-22,organic_search,20194,16347,67520,0.00328,137.2
2022-12-23,social_media,18193,12836,88669,0.00354,265.7
2022-12-24,organic_search,19257,14348,98123,0.00396,125.3
2022-12-25,direct,19815,14725,108175,0.00452,266.9
2022-12-26,paid_search,21676,17160,79557,0.00471,174.5
2022-12-27,organic_search,17416,13150,62527,0.00506,252.4
2022-12-28,organic_search,21071,15979,67456,0.0056,177.3
2022-12-29,direct,20884,14640,82155,0.00522,165.6
2022-12-30,email_campaign,17679,13713,79308,0.0035,183.8
2022-12-31,organic_search,21743,15512,94844,0.00394,151.7
