product_id,product_name,category,segment,size,color,price,cogs
1,DragonWear MA-01,Casual,All-weather,M,black,4945.5,2732.8833
2,DragonWear MA-02,Casual,All-weather,L,orange,39.0628771195402,22.6602326990573
3,DragonWear MA-03,Casual,All-weather,XL,blue,10831.3771884655,10289.8083290422
4,DragonWear MA-04,Casual,All-weather,S,white,9610.75652173913,5604.03212782608
5,DragonWear MA-05,Casual,All-weather,M,purple,8946.0,8498.69999999999
6,DragonWear MA-06,Casual,All-weather,L,green,26.4302762018734,16.4083703011656
7,DragonWear MA-07,Casual,All-weather,XL,silver,5306.9975,3533.92963525
8,DragonWear MA-08,Casual,All-weather,S,pink,5353.44836795252,3709.4043741543
9,DragonWear MA-09,Casual,All-weather,M,yellow,7077.19595070422,5879.02667625
10,DragonWear MA-10,Casual,All-weather,L,red,8183.69999999999,7774.51499999999
11,DragonWear MA-11,Casual,All-weather,XL,black,9135.0,6147.855
12,DragonWear MA-12,Casual,All-weather,S,orange,5345.96086956521,3828.7771747826
13,DragonWear MA-13,Casual,All-weather,M,blue,5260.29999999999,4066.73793
14,DragonWear MA-14,Casual,All-weather,L,white,4896.82666666666,4396.860664
15,DragonWear MA-15,Casual,All-weather,XL,purple,5669.37,3360.802536
16,DragonWear MA-16,Casual,All-weather,S,green,8536.5,7834.7997
17,DragonWear MA-17,Casual,All-weather,M,silver,4848.11470588235,4140.28995882353
18,DragonWear MA-18,Casual,All-weather,L,pink,4712.70333333333,3098.13117133333
19,DragonWear MA-19,Casual,All-weather,XL,yellow,4445.5175409836,4171.67366045901
20,DragonWear MA-20,Casual,All-weather,S,red,6111.0,5284.1817
21,DragonWear MA-21,Casual,All-weather,M,black,5165.07157894736,4456.42375831578
22,DragonWear MA-22,Casual,All-weather,L,orange,6615.0,3489.4125
23,DragonWear MA-23,Casual,All-weather,XL,blue,9103.5,5896.33695
24,DragonWear MA-24,Casual,All-weather,S,white,23.8339692328239,13.269206294375
25,DragonWear MA-25,Casual,All-weather,M,purple,36.5059362589796,22.2035327135444
26,DragonWear MA-26,Casual,All-weather,L,green,9437.14322849807,8226.35775228177
27,DragonWear MA-27,Casual,All-weather,XL,silver,5077.2825,4735.0736595
28,DragonWear MA-28,Casual,All-weather,S,pink,5181.75,2631.29265
29,DragonWear MA-29,Casual,All-weather,M,yellow,6293.7,5979.01499999999
30,DragonWear MA-30,Casual,All-weather,L,red,10256.4,7812.29988
31,DragonWear MA-31,Casual,All-weather,XL,black,8993.31702127659,7894.33368127659
32,DragonWear MA-32,Casual,All-weather,S,orange,36.5246227281641,21.3518673168173
33,DragonWear MA-33,Casual,All-weather,M,blue,27.0374442642079,16.5493912157563
34,DragonWear MA-34,Casual,All-weather,L,white,27.4285564739753,15.2111698564525
35,DragonWear MA-35,Casual,All-weather,XL,purple,5669.37,3727.043838
36,DragonWear MA-36,Casual,All-weather,S,green,5604.93620689655,3526.06536775862
37,DragonWear MA-37,Casual,All-weather,M,silver,5449.5,5177.025
38,DragonWear MA-38,Casual,All-weather,L,pink,5355.0,4705.974
39,DragonWear MA-39,Casual,All-weather,XL,yellow,36.3363993195676,23.1518705667675
40,DragonWear MA-40,Casual,All-weather,S,red,12593.7,11964.015
41,DragonWear MA-41,Casual,All-weather,M,black,10143.0,8305.0884
42,DragonWear MA-42,Casual,All-weather,L,orange,12927.6,9403.53624
43,DragonWear MA-43,Casual,All-weather,XL,blue,4898.85136363636,4653.90879545454
44,DragonWear MA-44,Casual,All-weather,S,white,5039.37,4577.763708
45,DragonWear MA-45,Casual,All-weather,M,purple,5669.37,3456.047952
46,DragonWear RP-01,Outdoor,Activewear,L,green,34.2825306861865,19.4280538107519
47,DragonWear RP-02,Outdoor,Activewear,XL,silver,31.116216241351,17.6354865107664
48,DragonWear RP-03,Outdoor,Activewear,S,pink,786.87,404.293806
49,DragonWear RP-04,Outdoor,Activewear,M,yellow,786.87,401.854509
50,DragonWear RP-05,Outdoor,Activewear,L,red,52.8317758304008,29.2512183674338
51,DragonWear RP-06,Outdoor,Activewear,XL,black,36.663009722901,22.8645267714271
52,DragonWear RP-07,Outdoor,Activewear,S,orange,4094.37,3531.803562
53,DragonWear RP-08,Outdoor,Activewear,M,blue,4094.37,3586.66812
54,DragonWear RP-09,Outdoor,Activewear,L,white,4890.186,3904.3245024
55,DragonWear RP-10,Outdoor,Activewear,XL,purple,4890.186,4645.67669999999
56,DragonWear RP-11,Outdoor,Activewear,S,green,3676.27909090909,3492.46513636363
57,DragonWear RP-12,Outdoor,Activewear,M,silver,3676.27909090909,3492.46513636363
58,DragonWear RP-13,Outdoor,Activewear,L,pink,4325.34375,3115.11256875
59,DragonWear RP-14,Outdoor,Activewear,XL,yellow,4325.34375,3585.70996875
60,DragonWear RP-15,Outdoor,Activewear,S,red,4703.16,4129.844796
61,DragonWear RP-16,Outdoor,Activewear,M,black,4703.16,3495.388512
62,DragonWear RP-17,Outdoor,Activewear,L,orange,4800.53368421052,2974.41067073684
63,DragonWear RP-18,Outdoor,Activewear,XL,blue,4800.53368421052,4293.11727378947
64,DragonWear RP-19,Outdoor,Activewear,S,white,3779.37,3590.4015
65,DragonWear RP-20,Outdoor,Activewear,M,purple,3779.37,3427.132716
66,DragonWear RP-21,Outdoor,Activewear,L,green,5043.402,4791.2319
67,DragonWear RP-22,Outdoor,Activewear,XL,silver,5043.402,4436.1763992
68,DragonWear RS-01,Outdoor,Premium,S,pink,4398.87,4178.9265
69,DragonWear RS-02,Outdoor,Premium,M,yellow,3910.21615384615,3087.50667507692
70,DragonWear RS-03,Outdoor,Premium,L,red,5039.37,3891.401514
71,DragonWear RS-04,Outdoor,Premium,XL,black,4787.37,4096.552509
72,DragonWear RS-05,Outdoor,Premium,S,orange,24.4430747716768,15.0365652183106
73,DragonWear RS-06,Outdoor,Premium,M,blue,3882.4609090909,3688.33786363636
74,DragonWear UM-01,Streetwear,Balanced,L,white,13273.3770491803,8752.4648262295
75,DragonWear UM-02,Streetwear,Balanced,XL,purple,19.5273755372664,11.0072274241414
76,DragonWear UM-03,Streetwear,Balanced,S,green,10388.7,9422.5509
77,DragonWear UM-04,Streetwear,Balanced,M,silver,40.8038576116908,26.3194566546913
78,DragonWear UM-05,Streetwear,Balanced,L,pink,37.2925609825107,22.1741782890395
79,DragonWear UM-06,Streetwear,Balanced,XL,yellow,36.6054501359075,20.8106849942608
80,DragonWear UM-07,Streetwear,Balanced,S,red,38.0377574605695,22.9820362837163
81,DragonWear UM-08,Streetwear,Balanced,M,black,25.2288987021322,16.0782404927501
82,DragonWear UM-09,Streetwear,Balanced,L,orange,36.3393609992924,22.6475069976011
83,DragonWear UM-10,Streetwear,Balanced,XL,blue,37.2342482387798,23.4820063312517
84,DragonWear UM-11,Streetwear,Balanced,S,white,24.8848561770339,15.3260438306104
85,DragonWear UM-12,Streetwear,Balanced,M,purple,69.8471864116998,43.2513095514678
86,DragonWear UM-13,Streetwear,Balanced,L,green,14175.0,13466.25
87,DragonWear UM-14,Streetwear,Balanced,XL,silver,40.0261571187402,25.4133902727176
88,DragonWear UM-15,Streetwear,Balanced,S,pink,10710.0,5994.387
89,DragonWear UM-16,Streetwear,Balanced,M,yellow,10073.7,6682.89258
90,DragonWear UM-17,Streetwear,Balanced,L,red,20.5626968373928,11.8228680181827
91,DragonWear UM-18,Streetwear,Balanced,XL,black,43.0611605479747,25.7911589949485
92,DragonWear UM-19,Streetwear,Balanced,S,orange,11626.6010362694,9137.34575440414
93,DragonWear UM-20,Streetwear,Balanced,M,blue,12532.0318181818,7611.95612636363
94,DragonWear UM-21,Streetwear,Balanced,L,white,10703.7,9943.7373
95,DragonWear UM-22,Streetwear,Balanced,XL,purple,22.4238994969018,12.8291825524088
96,DragonWear UM-23,Streetwear,Balanced,S,green,45.3692172753955,29.4340419465432
97,DragonWear UM-24,Streetwear,Balanced,M,silver,7609.36019417475,3939.36577252427
98,DragonWear UM-25,Streetwear,Balanced,L,pink,52.6379968011183,33.920237490864
99,DragonWear UM-26,Streetwear,Balanced,XL,yellow,9443.7,8971.515
100,DragonWear UM-27,Streetwear,Balanced,S,red,12474.0,7666.52039999999
101,DragonWear UM-28,Streetwear,Balanced,M,black,23.8486371384409,13.2107779979278
102,DragonWear UM-29,Streetwear,Balanced,L,orange,48.6840008609969,30.2112227041734
103,DragonWear UM-30,Streetwear,Balanced,XL,blue,10425.1770911722,7115.18336472503
104,DragonWear UM-31,Streetwear,Balanced,S,white,39.0605251779667,25.0973573677103
105,DragonWear UM-32,Streetwear,Balanced,M,purple,46.0084034728976,26.1354202436812
106,DragonWear UM-33,Streetwear,Balanced,L,green,11626.2903191489,11044.9758031914
107,DragonWear UM-34,Streetwear,Balanced,XL,silver,6788.18593220339,4684.52711181356
108,DragonWear UM-35,Streetwear,Balanced,S,pink,11844.0,9063.0288
109,DragonWear UM-36,Streetwear,Balanced,M,yellow,14767.0770065075,14028.723156182201
110,DragonWear UM-37,Streetwear,Balanced,L,red,70.7192061535161,42.9120269687696
111,DragonWear UM-38,Streetwear,Balanced,XL,black,9513.0,9037.35
112,DragonWear UM-39,Streetwear,Balanced,S,orange,30.019427445814,19.2589285478913
113,DragonWear UM-40,Streetwear,Balanced,M,blue,24.4958945533166,13.5558957155188
114,DragonWear UM-41,Streetwear,Balanced,L,white,10640.7,5747.04207
115,DragonWear UM-42,Streetwear,Balanced,XL,purple,10818.7452080237,9215.40716819465
116,DragonWear UM-43,Streetwear,Balanced,S,green,23.2009732482921,14.3786181828817
117,DragonWear UM-44,Streetwear,Balanced,M,silver,23.8951589974695,13.8528576294989
118,DragonWear UM-45,Streetwear,Balanced,L,pink,18868.5,10428.61995
119,DragonWear UM-46,Streetwear,Balanced,XL,yellow,32.1097369602259,20.6285671961816
120,DragonWear UM-47,Streetwear,Balanced,S,red,37.9572600012729,24.5623640295122
121,DragonWear UM-48,Streetwear,Balanced,M,black,36.991062141953,23.83802621581
122,DragonWear UM-49,Streetwear,Balanced,L,orange,46.1027822010558,27.542789685301
123,DragonWear UM-50,Streetwear,Balanced,XL,blue,33.288125997666,21.1780477368657
124,DragonWear UM-51,Streetwear,Balanced,S,white,59.2291388360615,37.5782197178084
125,DragonWear UM-52,Streetwear,Balanced,M,purple,6671.7,6338.115
126,DragonWear UM-53,Streetwear,Balanced,L,green,29.7889424731643,17.3344849243006
127,DragonWear UM-54,Streetwear,Balanced,XL,silver,98.3042898547548,62.2159541237151
128,DragonWear UM-55,Streetwear,Balanced,S,pink,42.5324340547644,23.5502412084263
129,DragonWear UM-56,Streetwear,Balanced,M,yellow,23.5032092917787,14.328190685313
130,DragonWear UR-01,Streetwear,Standard,L,red,19.0855642872841,12.401673920112
131,DragonWear UR-02,Streetwear,Standard,XL,black,22.7569361361389,13.3144275135188
132,DragonWear UR-03,Streetwear,Standard,S,orange,9387.0,7485.1938
133,DragonWear UR-04,Streetwear,Standard,M,blue,8820.98571428571,7253.49655285714
134,DragonWear UR-05,Streetwear,Standard,L,white,40.6912917192574,25.501998692441
135,DragonWear UR-06,Streetwear,Standard,XL,purple,40.6709622817126,24.0037209576675
136,DragonWear UR-07,Streetwear,Standard,S,green,5005.35,4469.77755
137,DragonWear UR-08,Streetwear,Standard,M,silver,40.6914938594054,24.3330072083604
138,DragonWear UR-09,Streetwear,Standard,L,pink,154.638880621042,94.7550585831409
139,DragonWear UR-10,Streetwear,Standard,XL,yellow,41.6106525032774,26.5212863566499
140,DragonWear UR-11,Streetwear,Standard,S,red,52.1553234634082,33.8179470699827
141,DragonWear UR-12,Streetwear,Standard,M,black,8183.7,7774.51499999999
142,DragonWear UR-13,Streetwear,Standard,L,orange,48.5017900445441,30.4022481061055
143,DragonWear UR-14,Streetwear,Standard,XL,blue,5549.75217391304,3170.01844173913
144,DragonWear UR-15,Streetwear,Standard,S,white,5789.7,5500.21499999999
145,DragonWear UR-16,Streetwear,Standard,M,purple,42.9723334518966,25.4300247453852
146,DragonWear UR-17,Streetwear,Standard,L,green,29.1919300271434,17.2855839276208
147,DragonWear UR-18,Streetwear,Standard,XL,silver,44.8618464354598,27.9829459342423
148,DragonWear UR-19,Streetwear,Standard,S,pink,8284.5,7108.101
149,DragonWear UR-20,Streetwear,Standard,M,yellow,24.3095654834655,13.9507178820069
150,DragonWear UR-21,Streetwear,Standard,L,red,6524.25319148936,4447.58340063829
151,DragonWear UR-22,Streetwear,Standard,XL,black,30.1225047138312,16.9001532919628
152,DragonWear UR-23,Streetwear,Standard,S,orange,27.2718376238887,15.96663048324
153,DragonWear UR-24,Streetwear,Standard,M,blue,34.2179258959394,19.802731495851
154,DragonWear UR-25,Streetwear,Standard,L,white,83.584945545628,48.4484098613995
155,DragonWear UR-26,Streetwear,Standard,XL,purple,6032.25,5730.6375
156,DragonWear UR-27,Streetwear,Standard,S,green,15.6911039278997,8.99666351035354
157,DragonWear UR-28,Streetwear,Standard,M,silver,43.5758926318502,24.1501657787302
158,DragonWear UR-29,Streetwear,Standard,L,pink,17.3729370162549,9.58616763317587
159,DragonWear UR-30,Streetwear,Standard,XL,yellow,27.4187545995461,17.7885268114153
160,DragonWear UR-31,Streetwear,Standard,S,red,8757.0,8319.15
161,DragonWear UR-32,Streetwear,Standard,M,black,51.1918448347126,30.3453642477584
162,DragonWear UR-33,Streetwear,Standard,L,orange,33.977957570966,19.9937401150896
163,DragonWear UR-34,Streetwear,Standard,XL,blue,6636.2625,4713.73725375
164,DragonWear UR-35,Streetwear,Standard,S,white,6815.39361702127,3720.52337553191
165,DragonWear UR-36,Streetwear,Standard,M,purple,8309.28461538461,7893.82038461538
166,DragonWear UR-37,Streetwear,Standard,L,green,21.5182645580461,13.29752851044
167,DragonWear UR-38,Streetwear,Standard,XL,silver,24.8753789300136,14.2243732278667
168,DragonWear UR-39,Streetwear,Standard,S,pink,43.4599185015196,28.0314787392441
169,DragonWear UR-40,Streetwear,Standard,M,yellow,24.7259511842088,15.5435859953533
170,DragonWear UR-41,Streetwear,Standard,L,red,8793.62462686567,5372.02528455223
171,DragonWear UR-42,Streetwear,Standard,XL,black,36.1104911189627,20.1836376359229
172,DragonWear UR-43,Streetwear,Standard,S,orange,33.7246402866067,19.9568283030286
173,DragonWear UE-01,Streetwear,Performance,M,blue,12869.2006578947,10770.2340305921
174,DragonWear UE-02,Streetwear,Performance,L,white,8386.0304347826,7570.06967347826
175,DragonWear UE-03,Streetwear,Performance,XL,purple,7553.7,7176.01499999999
176,DragonWear UE-04,Streetwear,Performance,S,green,9216.9,7344.94760999999
177,DragonWear UE-05,Streetwear,Performance,M,silver,9443.35,8471.62928499999
178,DragonWear UE-06,Streetwear,Performance,L,pink,6268.5,3509.73315
179,DragonWear UE-07,Streetwear,Performance,XL,yellow,37.8074197316877,21.7748939160254
180,DragonWear UE-08,Streetwear,Performance,S,red,9746.46964285714,9106.12658732142
181,DragonWear UE-09,Streetwear,Performance,M,black,8498.7,8073.765
182,DragonWear UE-10,Streetwear,Performance,L,orange,16000.5681818181,12051.6279545454
183,DragonWear UE-11,Streetwear,Performance,XL,blue,9191.44603381014,8731.87373211963
184,DragonWear UE-12,Streetwear,Performance,S,white,48.9215527469082,28.764368228175
185,DragonWear UE-13,Streetwear,Performance,M,purple,9741.69330708661,5492.36668653543
186,DragonWear UE-14,Streetwear,Performance,L,green,27.3394388130562,16.6505245934349
187,DragonWear UE-15,Streetwear,Performance,XL,silver,8798.35212765957,7129.30472904255
188,DragonWear UE-16,Streetwear,Performance,S,pink,9261.0,6645.6936
189,DragonWear UC-01,Streetwear,Everyday,M,yellow,9513.0,6181.5474
190,DragonWear UC-02,Streetwear,Everyday,L,red,9443.7,7547.40504
191,DragonWear UC-03,Streetwear,Everyday,XL,black,9513.0,9029.7396
192,DragonWear UC-04,Streetwear,Everyday,S,orange,37.5509595960512,21.3361853655894
193,DragonWear UC-05,Streetwear,Everyday,M,blue,9191.7,7248.57462
194,DragonWear UC-06,Streetwear,Everyday,L,white,23.029830867355,14.6510846866312
195,DragonWear UC-07,Streetwear,Everyday,XL,purple,9191.7,5645.54214
196,DragonWear UC-08,Streetwear,Everyday,S,green,10073.7,7970.31144
197,DragonWear YY-01,GenZ,Trendy,M,silver,6041.7,5739.615
198,DragonWear YY-02,GenZ,Trendy,L,pink,6293.7,3768.03819
199,IndigoViet UM-01,Streetwear,Balanced,XL,yellow,15105.674347826,11904.7819535217
200,IndigoViet UM-02,Streetwear,Balanced,S,red,14491.7082352941,8826.89948611764
201,IndigoViet UM-03,Streetwear,Balanced,M,black,18386.834516129,15661.9056408387
202,IndigoViet UM-04,Streetwear,Balanced,L,orange,16231.7150847457,15420.1293305084
203,IndigoViet UM-05,Streetwear,Balanced,XL,blue,12468.7033333333,11003.6306916666
204,IndigoViet UM-06,Streetwear,Balanced,S,white,10730.2850735294,6927.47204347058
205,IndigoViet UM-07,Streetwear,Balanced,M,purple,12837.0518181818,7742.02595154545
206,IndigoViet UM-08,Streetwear,Balanced,L,green,10546.53264,5820.631364016
207,IndigoViet UM-09,Streetwear,Balanced,XL,silver,11575.1615492957,8926.7645868169
208,IndigoViet UM-10,Streetwear,Balanced,S,pink,17521.5366666666,9855.864375
209,IndigoViet UM-11,Streetwear,Balanced,M,yellow,19214.37,13083.064533
210,IndigoViet UM-12,Streetwear,Balanced,L,red,15511.5708196721,10377.2408783606
211,LotusWear MA-01,Casual,All-weather,XL,black,18.555500414474,12.0118827250664
212,LotusWear MA-02,Casual,All-weather,S,orange,18.8594570858255,12.1999524305207
213,LotusWear RP-01,Outdoor,Activewear,M,blue,37.9034093622488,23.3629206239332
214,LotusWear RP-02,Outdoor,Activewear,L,white,28.085381609401,16.7799788120743
215,LotusWear RP-03,Outdoor,Activewear,XL,purple,27.2473838329747,17.2862047324879
216,LotusWear RP-04,Outdoor,Activewear,S,green,27.8540039619881,17.563816142326
217,LotusWear RP-05,Outdoor,Activewear,M,silver,38.7751996098987,23.5960830176452
218,LotusWear RP-06,Outdoor,Activewear,L,pink,27.9832525404304,17.8204943488572
219,LotusWear RP-07,Outdoor,Activewear,XL,yellow,37.1851669090883,21.2172657751971
220,LotusWear RP-08,Outdoor,Activewear,S,red,75.9564628920863,42.6261564324154
221,LotusWear RP-09,Outdoor,Activewear,M,black,46.9202748388058,27.071823752347
222,LotusWear RP-10,Outdoor,Activewear,L,orange,29.0666243713849,16.1525756245108
223,LotusWear UM-01,Streetwear,Balanced,XL,blue,10136.85,5587.43172
224,LotusWear UM-02,Streetwear,Balanced,S,white,7682.09096385542,5061.72973608433
225,LotusWear UM-03,Streetwear,Balanced,M,purple,9131.85,5558.557095
226,LotusWear UM-04,Streetwear,Balanced,L,green,8879.85,8435.8575
227,LotusWear UM-05,Streetwear,Balanced,XL,silver,9546.09657534246,5405.95449061643
228,LotusWear UM-06,Streetwear,Balanced,S,pink,7714.35,4099.40559
229,LotusWear UR-01,Streetwear,Standard,M,yellow,6513.15,4765.02054
230,LotusWear UR-02,Streetwear,Standard,L,red,8186.85,7777.5075
231,LotusWear UR-03,Streetwear,Standard,XL,black,8690.85,8180.697105
232,LotusWear UR-04,Streetwear,Standard,S,orange,25.5173818456276,16.2778397692497
233,LotusWear UR-05,Streetwear,Standard,M,blue,4721.85,4485.7575
234,LotusWear UR-06,Streetwear,Standard,L,white,5204.85,3942.15339
235,LotusWear UR-07,Streetwear,Standard,XL,purple,6296.85,3378.260025
236,LotusWear UR-08,Streetwear,Standard,S,green,6434.2574074074,5945.25384444444
237,LotusWear UR-09,Streetwear,Standard,M,silver,6401.85,3225.892215
238,LotusWear UR-10,Streetwear,Standard,L,pink,4412.91666666666,2846.33125
239,LotusWear UR-11,Streetwear,Standard,XL,yellow,4799.28016759776,4433.57501882681
240,LotusWear UR-12,Streetwear,Standard,S,red,5537.754,5115.2233698
241,LotusWear UR-13,Streetwear,Standard,M,black,5036.85,3089.60379
242,LotusWear UR-14,Streetwear,Standard,L,orange,5564.33520710059,3416.50181715976
243,LotusWear UR-15,Streetwear,Standard,XL,blue,7241.85,6524.90685
244,LotusWear UR-16,Streetwear,Standard,S,white,7556.85,7036.183035
245,LotusWear UR-17,Streetwear,Standard,M,purple,78.0677965520261,50.3126028348573
246,LotusWear UR-18,Streetwear,Standard,L,green,8877.42692307692,4855.95252692307
247,LotusWear UR-19,Streetwear,Standard,XL,silver,4921.96764705882,4675.86926470588
248,LotusWear UR-20,Streetwear,Standard,S,pink,6826.62272727272,5780.78412545454
249,LotusWear UR-21,Streetwear,Standard,M,yellow,5036.85,3544.431345
250,LotusWear UR-22,Streetwear,Standard,L,red,7556.85,6491.33415
251,LotusWear UR-23,Streetwear,Standard,XL,black,6941.38846153846,5643.34881923077
252,LotusWear UR-24,Streetwear,Standard,S,orange,7556.85,4964.094765
253,LotusWear UR-25,Streetwear,Standard,M,blue,8816.85,5025.6045
254,LotusWear UR-26,Streetwear,Standard,L,white,10076.85,8442.38493
255,LotusWear UR-27,Streetwear,Standard,XL,purple,42.6730515145119,25.4647232097342
256,LotusWear UR-28,Streetwear,Standard,S,green,5414.85,5144.1075
257,LotusWear UR-29,Streetwear,Standard,M,silver,7052.85,5494.17015
258,LotusWear UR-30,Streetwear,Standard,L,pink,8186.85,7777.5075
259,LotusWear UR-31,Streetwear,Standard,XL,yellow,7345.98223140496,5610.12663012396
260,LotusWear UR-32,Streetwear,Standard,S,red,7624.9581081081,4062.57768
261,LotusWear UR-33,Streetwear,Standard,M,black,9446.85,5966.63046
262,LotusWear UR-34,Streetwear,Standard,L,orange,4721.85,4485.7575
263,LotusWear UR-35,Streetwear,Standard,XL,blue,6926.85,5641.919325
264,LotusWear UR-36,Streetwear,Standard,S,white,8501.85,4445.617365
265,LotusWear UR-37,Streetwear,Standard,M,purple,7871.85,5976.30852
266,LotusWear UR-38,Streetwear,Standard,L,green,8501.85,4850.305425
267,LotusWear UR-39,Streetwear,Standard,XL,silver,4178.04402985074,3405.10588432835
268,LotusWear UR-40,Streetwear,Standard,S,pink,6170.85,3552.558345
269,LotusWear UR-41,Streetwear,Standard,M,yellow,5414.85,3976.66584
270,LotusWear UR-42,Streetwear,Standard,L,red,5477.85,4012.525125
271,LotusWear UR-43,Streetwear,Standard,XL,black,6296.85,5982.0075
272,LotusWear UR-44,Streetwear,Standard,S,orange,7556.85,5834.643885
273,LotusWear UR-45,Streetwear,Standard,M,blue,5173.35,3073.487235
274,LotusWear UR-46,Streetwear,Standard,L,white,7241.85,5346.657855
275,LotusWear UR-47,Streetwear,Standard,XL,purple,9446.85,7969.36266
276,LotusWear UR-48,Streetwear,Standard,S,green,5749.06076233183,3331.5807117713
277,LotusWear UR-49,Streetwear,Standard,M,silver,8678.25,6332.519025
278,LotusWear UR-50,Streetwear,Standard,L,pink,4721.85,3265.159275
279,LotusWear UR-51,Streetwear,Standard,XL,yellow,8186.85,6045.988725
280,LotusWear UE-01,Streetwear,Performance,S,red,12596.85,11967.0075
281,LotusWear UE-02,Streetwear,Performance,M,black,15746.85,8750.524545
282,LotusWear UE-03,Streetwear,Performance,L,orange,14486.85,12008.149965
283,LotusWear UE-04,Streetwear,Performance,XL,blue,24.0248591527691,15.4105343548687
284,LotusWear UE-05,Streetwear,Performance,S,white,31.0464886594829,18.3757041979143
285,LotusWear UE-06,Streetwear,Performance,M,purple,38.9243626085676,22.8997417350018
286,LotusWear UE-07,Streetwear,Performance,L,green,70.4197920329565,42.3850933069497
287,LotusWear UE-08,Streetwear,Performance,XL,silver,35.5105957980896,19.6976066351908
288,LotusWear UE-09,Streetwear,Performance,S,pink,36.7089339123074,20.8003221712073
289,LotusWear UE-10,Streetwear,Performance,M,yellow,10606.05,10075.7475
290,LotusWear UE-11,Streetwear,Performance,L,red,32.14386581904,20.051451554107
291,LotusWear UE-12,Streetwear,Performance,XL,black,9887.85,9393.4575
292,LotusWear UE-13,Streetwear,Performance,S,orange,8269.86869158878,7282.44636981308
293,LotusWear UE-14,Streetwear,Performance,M,blue,8405.19246575342,6159.3250389041
294,LotusWear UE-15,Streetwear,Performance,L,white,9446.85,8663.706135
295,LotusWear UE-16,Streetwear,Performance,XL,purple,12596.85,8588.53233
296,LotusWear UE-17,Streetwear,Performance,S,green,27716.85,14598.464895
297,LotusWear UE-18,Streetwear,Performance,M,silver,8483.475,6521.2472325
298,LotusWear UE-19,Streetwear,Performance,L,pink,15.3711367508246,8.58139617769989
299,LotusWear UE-20,Streetwear,Performance,XL,yellow,8584.02391304347,4506.61255434782
300,LotusWear UE-21,Streetwear,Performance,S,red,9320.85,6524.595
301,LotusWear UE-22,Streetwear,Performance,M,black,32.7661001796503,19.9976493430419
302,LotusWear UE-23,Streetwear,Performance,L,orange,33.9229604311289,19.4899250510741
303,LotusWear UE-24,Streetwear,Performance,XL,blue,88.7032780292606,52.239982624887
304,LotusWear UE-25,Streetwear,Performance,S,white,11204.1478723404,7121.35638765957
305,LotusWear UE-26,Streetwear,Performance,M,purple,18589.7833333333,11094.3826933333
306,LotusWear UE-27,Streetwear,Performance,L,green,14648.6067567567,7768.1561631081
307,LotusWear UE-28,Streetwear,Performance,XL,silver,13856.85,8174.155815
308,LotusWear UE-29,Streetwear,Performance,S,pink,15162.9475609756,10231.9570141463
309,LotusWear UE-30,Streetwear,Performance,M,yellow,40950.0,30319.38
310,LotusWear UE-31,Streetwear,Performance,L,red,11336.85,10173.68919
311,LotusWear UE-32,Streetwear,Performance,XL,black,7633.67926829268,6058.08786731707
312,LotusWear UE-33,Streetwear,Performance,S,orange,9320.85,8854.8075
313,LotusWear UE-34,Streetwear,Performance,M,blue,9131.85,5436.190305
314,LotusWear UE-35,Streetwear,Performance,L,white,30.6629662116157,17.7498520459991
315,LotusWear UE-36,Streetwear,Performance,XL,purple,37.3606845749518,21.8771941333998
316,LotusWear UE-37,Streetwear,Performance,S,green,32.6588309423621,20.3106768840201
317,LotusWear UE-38,Streetwear,Performance,M,silver,20.7496376723796,12.0288175141864
318,LotusWear UE-39,Streetwear,Performance,L,pink,10553.85,5995.642185
319,LotusWear UE-40,Streetwear,Performance,XL,yellow,13226.85,10914.79662
320,LotusWear UE-41,Streetwear,Performance,S,red,52.3069435335306,31.7315084971558
321,LotusWear UE-42,Streetwear,Performance,M,black,11235.502173913,10673.7270652173
322,LotusWear UE-43,Streetwear,Performance,L,orange,8816.85,7946.626905
323,LotusWear UE-44,Streetwear,Performance,XL,blue,9450.0,6288.975
324,LotusWear UE-45,Streetwear,Performance,S,white,13905.6528169014,7827.4919706338
325,LotusWear UE-46,Streetwear,Performance,M,purple,6645.975,4429.5423375
326,LotusWear UE-47,Streetwear,Performance,L,green,8344.35,5868.581355
327,LotusWear UE-48,Streetwear,Performance,XL,silver,14014.35,13313.6325
328,LotusWear UE-49,Streetwear,Performance,S,pink,44.7357613995413,26.7343164904412
329,LotusWear UE-50,Streetwear,Performance,M,yellow,45.4409090092245,28.0082820588024
330,LotusWear UE-51,Streetwear,Performance,L,red,6926.85,6520.93659
331,LotusWear UE-52,Streetwear,Performance,XL,black,11147.85,10590.4575
332,LotusWear UE-53,Streetwear,Performance,S,orange,11613.773076923,9075.00228230769
333,LotusWear UE-54,Streetwear,Performance,M,blue,9807.47068965517,8751.20609637931
334,LotusWear UE-55,Streetwear,Performance,L,white,25196.85,23937.0075
335,LotusWear UE-56,Streetwear,Performance,XL,purple,10391.85,9872.2575
336,LotusWear UE-57,Streetwear,Performance,S,green,11336.85,10770.0075
337,LotusWear UE-58,Streetwear,Performance,M,silver,18896.85,11857.773375
338,LotusWear UE-59,Streetwear,Performance,L,pink,17636.85,11541.55464
339,LotusWear UE-60,Streetwear,Performance,XL,yellow,9215.85,6827.10168
340,LotusWear UE-61,Streetwear,Performance,S,red,23.0172749337351,14.815827981168
341,LotusWear UE-62,Streetwear,Performance,M,black,5011.65,4215.79998
342,LotusWear UE-63,Streetwear,Performance,L,orange,8412.97852664576,7352.10193443573
343,LotusWear UE-64,Streetwear,Performance,XL,blue,58.0391466069186,36.1733165688175
344,LotusWear UE-65,Streetwear,Performance,S,white,18.9018457283694,10.8022921382951
345,LotusWear UE-66,Streetwear,Performance,M,purple,41.8772549195332,23.1630766153584
346,LotusWear UE-67,Streetwear,Performance,L,green,12596.85,11967.0075
347,LotusWear UE-68,Streetwear,Performance,XL,silver,40950.0,38902.5
348,LotusWear UE-69,Streetwear,Performance,S,pink,7556.85,5611.71681
349,LotusWear UE-70,Streetwear,Performance,M,yellow,6296.85,5735.17098
350,LotusWear UE-71,Streetwear,Performance,L,red,6949.75909090909,6602.27113636363
351,LotusWear UE-72,Streetwear,Performance,XL,black,14045.85,8674.71696
352,LotusWear UE-73,Streetwear,Performance,S,orange,12596.85,11250.246735
353,LotusWear UE-74,Streetwear,Performance,M,blue,20786.85,15267.941325
354,LotusWear UE-75,Streetwear,Performance,L,white,13924.6047169811,13228.374481132
355,LotusWear UE-76,Streetwear,Performance,XL,purple,5576.85,2954.61513
356,LotusWear UE-77,Streetwear,Performance,S,green,5234.41310679611,4911.44981810679
357,LotusWear UE-78,Streetwear,Performance,M,silver,79.5338128673553,45.8294830191632
358,LotusWear UE-79,Streetwear,Performance,L,pink,22.2821402057058,13.5811381016566
359,LotusWear UE-80,Streetwear,Performance,XL,yellow,13730.85,13044.3075
360,LotusWear UE-81,Streetwear,Performance,S,red,9338.85,6702.492645
361,LotusWear UE-82,Streetwear,Performance,M,black,5023.15434782608,3094.26307826086
362,LotusWear UE-83,Streetwear,Performance,L,orange,8816.85,4773.44259
363,LotusWear UE-84,Streetwear,Performance,XL,blue,26.4030862877617,14.6574774773532
364,LotusWear UE-85,Streetwear,Performance,S,white,14297.85,8923.288185
365,LotusWear UE-86,Streetwear,Performance,M,purple,7556.85,4276.421415
366,LotusWear UE-87,Streetwear,Performance,L,green,9131.85,6334.764345
367,LotusWear UE-88,Streetwear,Performance,XL,silver,9257.85,8448.71391
368,LotusWear UE-89,Streetwear,Performance,S,pink,9257.85,7730.30474999999
369,LotusWear UE-90,Streetwear,Performance,M,yellow,10489.2136363636,9695.1801640909
370,LotusWear UE-91,Streetwear,Performance,L,red,6485.85,3774.7647
371,LotusWear UE-92,Streetwear,Performance,XL,black,9446.85,8974.5075
372,LotusWear UE-93,Streetwear,Performance,S,orange,11966.85,6104.290185
373,LotusWear UE-94,Streetwear,Performance,M,blue,4532.85,3197.47239
374,LotusWear UE-95,Streetwear,Performance,L,white,34.4621129774473,20.6647451065201
375,LotusWear UE-96,Streetwear,Performance,XL,purple,9362.19375,7022.581531875
376,LotusWear UE-97,Streetwear,Performance,S,green,27.0749714485196,16.5071846060535
377,LotusWear UE-98,Streetwear,Performance,M,silver,17.8095463899205,10.3905237223615
378,LotusWear UE-99,Streetwear,Performance,L,pink,9446.85,5805.089325
379,LotusWear UE-00,Streetwear,Performance,XL,yellow,6296.85,5142.00771
380,LotusWear UE-01,Streetwear,Performance,S,red,34.0362178969605,21.3438134179401
381,LotusWear UE-02,Streetwear,Performance,M,black,21.6515818081047,12.1391720742902
382,LotusWear UE-03,Streetwear,Performance,L,orange,11147.85,10315.105605
383,LotusWear UE-04,Streetwear,Performance,XL,blue,7286.85,6664.55301
384,LotusWear UE-05,Streetwear,Performance,S,white,12596.85,10771.566435
385,LotusWear UE-06,Streetwear,Performance,M,purple,8816.85,7770.289905
386,LotusWear UE-07,Streetwear,Performance,L,green,5761.35,3392.28288
387,LotusWear UC-01,Streetwear,Everyday,XL,silver,11966.85,11368.5075
388,LotusWear UC-02,Streetwear,Everyday,S,pink,12720.3443181818,12084.3271022727
389,LotusWear UC-03,Streetwear,Everyday,M,yellow,11063.0575471698,10102.7841520754
390,LotusWear UC-04,Streetwear,Everyday,L,red,16691.85,12462.13521
391,LotusWear UC-05,Streetwear,Everyday,XL,black,12281.85,7574.216895
392,SaigonFlex RP-01,Outdoor,Activewear,S,orange,6126.75,5820.41249999999
393,SaigonFlex RP-02,Outdoor,Activewear,M,blue,6126.75,5586.983325
394,SaigonFlex RS-01,Outdoor,Premium,L,white,19686.87,17464.222377
395,SaigonFlex RS-02,Outdoor,Premium,XL,purple,4595.85,3068.649045
396,SaigonFlex UM-01,Streetwear,Balanced,S,green,11028.4286947034,10091.0122556536
397,SaigonFlex UM-02,Streetwear,Balanced,M,silver,17955.9160122699,17058.1202116564
398,SaigonFlex UM-03,Streetwear,Balanced,L,pink,18902.0796774193,15269.0999634193
399,SaigonFlex UM-04,Streetwear,Balanced,XL,yellow,40.0223069432904,22.3129875551765
400,SaigonFlex UM-05,Streetwear,Balanced,S,red,9886.80287986834,7227.25290518376
401,SaigonFlex UM-06,Streetwear,Balanced,M,black,11384.1,10814.895
402,SaigonFlex UM-07,Streetwear,Balanced,L,orange,12352.398169014,11202.3898994788
403,SaigonFlex UM-08,Streetwear,Balanced,XL,blue,13752.81,7730.45450099999
404,SaigonFlex UM-09,Streetwear,Balanced,S,white,22378.4482122905,17936.3262421508
405,SaigonFlex UM-10,Streetwear,Balanced,M,purple,22994.37,14155.334172
406,SaigonFlex UM-11,Streetwear,Balanced,L,green,23003.5336363636,15607.8975722727
407,SaigonFlex UM-12,Streetwear,Balanced,XL,silver,19779.2298132271,18790.2683225658
408,SaigonFlex UM-13,Streetwear,Balanced,S,pink,16386.0676744186,15566.7642906976
409,SaigonFlex UM-14,Streetwear,Balanced,M,yellow,11606.2819004524,10763.6658344796
410,SaigonFlex UM-15,Streetwear,Balanced,L,red,17643.0467213114,16760.8943852459
411,SaigonFlex UM-16,Streetwear,Balanced,XL,black,22.9250524562185,14.2781553943198
412,SaigonFlex UM-17,Streetwear,Balanced,S,orange,19533.022173913,17015.2156156956
413,SaigonFlex UM-18,Streetwear,Balanced,M,blue,14675.85,10280.432925
414,SaigonFlex UM-19,Streetwear,Balanced,L,white,6484.52556818181,4763.53248238636
415,SaigonFlex UM-20,Streetwear,Balanced,XL,purple,9929.02555555555,9299.52533533333
416,SaigonFlex UM-21,Streetwear,Balanced,S,green,10765.5975,9498.48667425
417,SaigonFlex UM-22,Streetwear,Balanced,M,silver,11199.1078723404,8260.46196663829
418,SaigonFlex UM-23,Streetwear,Balanced,L,pink,10896.0920526315,9394.61056777894
419,SaigonFlex UM-24,Streetwear,Balanced,XL,yellow,18774.58539823,12475.7119971238
420,SaigonFlex UM-25,Streetwear,Balanced,S,red,14672.774556213,13939.1358284023
421,SaigonFlex UM-26,Streetwear,Balanced,M,black,21110.5163414634,17857.3857732439
422,SaigonFlex UM-27,Streetwear,Balanced,L,orange,10127.6323553054,5669.4485925
423,SaigonFlex UM-28,Streetwear,Balanced,XL,blue,12518.4756880733,11892.5519036697
424,SaigonFlex UM-29,Streetwear,Balanced,S,white,20475.4515450643,12027.2802375708
425,SaigonFlex UM-30,Streetwear,Balanced,M,purple,12149.6817490494,11542.1976615969
426,SaigonFlex UM-31,Streetwear,Balanced,L,green,11422.2805116279,9893.97937917209
427,SaigonFlex UM-32,Streetwear,Balanced,XL,silver,12186.9830097087,8692.97498082524
428,SaigonFlex UM-33,Streetwear,Balanced,S,pink,14291.702003988,13021.1696958335
429,SaigonFlex UM-34,Streetwear,Balanced,M,yellow,22679.37,16660.265202
430,SaigonFlex UM-35,Streetwear,Balanced,L,red,11001.0495,10450.997025
431,SaigonFlex UM-36,Streetwear,Balanced,XL,black,12437.6483505154,9655.34641450515
432,SaigonFlex UM-37,Streetwear,Balanced,S,orange,11109.2031799729,10553.7430209742
433,SaigonFlex UM-38,Streetwear,Balanced,M,blue,11459.313318584,6543.2679049115
434,SaigonFlex UM-39,Streetwear,Balanced,L,white,61.5576270946513,36.9068218692241
435,SaigonFlex UM-40,Streetwear,Balanced,XL,purple,20162.5580536912,19154.4301510067
436,SaigonFlex UM-41,Streetwear,Balanced,S,green,22367.9195121951,16637.2585331707
437,SaigonFlex UM-42,Streetwear,Balanced,M,silver,9651.796875,9169.20703125
438,SaigonFlex UM-43,Streetwear,Balanced,L,pink,11718.5311913634,6680.73463219629
439,SaigonFlex UM-44,Streetwear,Balanced,XL,yellow,12969.81,12321.3195
440,SaigonFlex UM-45,Streetwear,Balanced,S,red,19538.7237117903,12420.7666635851
441,SaigonFlex UM-46,Streetwear,Balanced,M,black,24.2083758567979,14.9811171165831
442,SaigonFlex UM-47,Streetwear,Balanced,L,orange,9240.09545454545,8778.09068181818
443,SaigonFlex UM-48,Streetwear,Balanced,XL,blue,10801.314772663,6176.19178700875
444,SaigonFlex UM-49,Streetwear,Balanced,S,white,13238.5575,12576.629625
445,SaigonFlex UM-50,Streetwear,Balanced,M,purple,10819.7897972972,7440.76944360135
446,SaigonFlex UM-51,Streetwear,Balanced,L,green,29.1127258645965,17.2779001362484
447,SaigonFlex UM-52,Streetwear,Balanced,XL,silver,18516.8158671586,14254.2448545387
448,SaigonFlex UM-53,Streetwear,Balanced,S,pink,45.8514529290715,26.3480882338584
449,SaigonFlex UM-54,Streetwear,Balanced,M,yellow,12600.8716310391,11279.0401969431
450,SaigonFlex UM-55,Streetwear,Balanced,L,red,20605.7840625,17102.8007718749
451,SaigonFlex UM-56,Streetwear,Balanced,XL,black,11090.6663397465,8601.92081310746
452,SaigonFlex UM-57,Streetwear,Balanced,S,orange,13107.434516129,7168.45593687096
453,SaigonFlex UM-58,Streetwear,Balanced,M,blue,20.2398670035417,12.7897790491498
454,SaigonFlex UM-59,Streetwear,Balanced,L,white,36.2697468561173,22.847821927161
455,SaigonFlex UM-60,Streetwear,Balanced,XL,purple,11674.4706521739,8494.34484652174
456,SaigonFlex UM-61,Streetwear,Balanced,S,green,14175.2847005444,10311.102091176
457,SaigonFlex UM-62,Streetwear,Balanced,M,silver,11969.9202183406,6455.37797375109
458,SaigonFlex UM-63,Streetwear,Balanced,L,pink,21423.2469230769,16733.6981716153
459,SaigonFlex UM-64,Streetwear,Balanced,XL,yellow,12111.7911764705,8626.01767588235
460,SaigonFlex UM-65,Streetwear,Balanced,S,red,10932.5513585746,9115.56132277951
461,SaigonFlex UM-66,Streetwear,Balanced,M,black,13863.6504878048,13170.4679634146
462,SaigonFlex UM-67,Streetwear,Balanced,L,orange,24321.9797560975,20085.0908825853
463,SaigonFlex UM-68,Streetwear,Balanced,XL,blue,55.8604771132428,34.6038700433649
464,SaigonFlex UM-69,Streetwear,Balanced,S,white,7809.46020942408,4229.60364942408
465,SaigonFlex UM-70,Streetwear,Balanced,M,purple,14179.4441839762,13470.4719747774
466,SaigonFlex UM-71,Streetwear,Balanced,L,green,11204.6213207547,8977.14260218868
467,SaigonFlex UM-72,Streetwear,Balanced,XL,silver,11081.1676287051,6350.61716801092
468,SaigonFlex UM-73,Streetwear,Balanced,S,pink,17.4093376038054,10.04892233922
469,SaigonFlex UM-74,Streetwear,Balanced,M,yellow,35.6537219313758,21.7139390694487
470,SaigonFlex UM-75,Streetwear,Balanced,L,red,12524.8736931818,7330.80857261931
471,SaigonFlex UM-76,Streetwear,Balanced,XL,black,11232.9764073226,10671.3275869565
472,SaigonFlex UM-77,Streetwear,Balanced,S,orange,11541.5797427652,10964.500755627
473,SaigonFlex UM-78,Streetwear,Balanced,M,blue,18458.3,13679.4461299999
474,SaigonFlex UM-79,Streetwear,Balanced,L,white,36.7431979120689,21.5350923852737
475,SaigonFlex UM-80,Streetwear,Balanced,XL,purple,12606.2285203605,10040.8610164672
476,SaigonFlex UM-81,Streetwear,Balanced,S,green,23472.7304651162,14022.6091798604
477,SaigonFlex UM-82,Streetwear,Balanced,M,silver,16438.6281818181,10491.1325056363
478,SaigonFlex UM-83,Streetwear,Balanced,L,pink,17103.87,10599.2682389999
479,SaigonFlex UM-84,Streetwear,Balanced,XL,yellow,11566.7491935483,8072.43426217741
480,SaigonFlex UM-85,Streetwear,Balanced,S,red,45.2738294273566,25.3152333016855
481,SaigonFlex UM-86,Streetwear,Balanced,M,black,9576.34363636363,9097.52645454545
482,SaigonFlex UM-87,Streetwear,Balanced,L,orange,7907.13,6264.028386
483,SaigonFlex UM-88,Streetwear,Balanced,XL,blue,19535.0117910447,18558.2612014925
484,SaigonFlex UM-89,Streetwear,Balanced,S,white,15627.15,11739.11508
485,SaigonFlex UM-90,Streetwear,Balanced,M,purple,10231.4423076923,9719.87019230769
486,SaigonFlex UM-91,Streetwear,Balanced,L,green,11767.7178343949,6218.06210369426
487,SaigonFlex UM-92,Streetwear,Balanced,XL,silver,13019.7991218954,11027.7698562454
488,SaigonFlex UM-93,Streetwear,Balanced,S,pink,12855.2948454882,8786.59402689122
489,SaigonFlex UM-94,Streetwear,Balanced,M,yellow,10349.2904307692,7115.13717115384
490,SaigonFlex UM-95,Streetwear,Balanced,L,red,9468.39121140142,5174.47579703087
491,SaigonFlex UM-96,Streetwear,Balanced,XL,black,11060.0805446808,10507.0765174468
492,SaigonFlex UM-97,Streetwear,Balanced,S,orange,11054.6936283185,9357.79815637168
493,SaigonFlex UM-98,Streetwear,Balanced,M,blue,11636.1,11054.295
494,SaigonFlex UM-99,Streetwear,Balanced,L,white,19351.3863934426,13062.1858155737
495,SaigonFlex UM-00,Streetwear,Balanced,XL,purple,8656.96655737704,6242.53858452459
496,SaigonFlex UM-01,Streetwear,Balanced,S,green,11338.4339806347,10771.512281603
497,SaigonFlex UM-02,Streetwear,Balanced,M,silver,17957.931081081,17060.034527027
498,SaigonFlex UM-03,Streetwear,Balanced,L,pink,17636.85,15859.0555199999
499,SaigonFlex UM-04,Streetwear,Balanced,XL,yellow,11293.2135989011,6445.03700089285
500,SaigonFlex UM-05,Streetwear,Balanced,S,red,10989.3069536423,8723.31185980132
501,SaigonFlex UM-06,Streetwear,Balanced,M,black,13211.5702816901,7279.57522521126
502,SaigonFlex UM-07,Streetwear,Balanced,L,orange,13275.297368421,10121.0867136842
503,SaigonFlex UM-08,Streetwear,Balanced,XL,blue,21108.8045454545,18867.0495027272
504,SaigonFlex UM-09,Streetwear,Balanced,S,white,22059.3115384615,14451.0549888461
505,SaigonFlex UM-10,Streetwear,Balanced,M,purple,23693.5768965517,17609.0663495172
506,SaigonFlex UM-11,Streetwear,Balanced,L,green,15456.9097526501,14463.0304555547
507,SaigonFlex UM-12,Streetwear,Balanced,XL,silver,24574.291875,23345.57728125
508,SaigonFlex UM-13,Streetwear,Balanced,S,pink,11576.4545454545,7095.20899090909
509,SaigonFlex UM-14,Streetwear,Balanced,M,yellow,20.1906518108332,12.9569743963091
510,SaigonFlex UM-15,Streetwear,Balanced,L,red,11057.5890470656,10398.5567398605
511,SaigonFlex UM-16,Streetwear,Balanced,XL,black,20805.12,13741.7817599999
512,SaigonFlex UR-01,Streetwear,Standard,S,orange,2895.32945897204,2518.93662930568
513,SaigonFlex UE-01,Streetwear,Performance,M,blue,5635.854,4186.3123512
514,SaigonFlex UE-02,Streetwear,Performance,L,white,5606.58,4206.056316
515,SaigonFlex UE-03,Streetwear,Performance,XL,purple,6514.16012658227,3614.7074542405
516,SaigonFlex UE-04,Streetwear,Performance,S,green,6653.52061643835,3389.96875407534
517,SaigonFlex UE-05,Streetwear,Performance,M,silver,8186.85,6897.421125
518,SaigonFlex UE-06,Streetwear,Performance,L,pink,6281.42142857142,3173.37410571428
519,SaigonFlex UE-07,Streetwear,Performance,XL,yellow,19526.85,9948.930075
520,SaigonFlex UE-08,Streetwear,Performance,S,red,7367.85,6999.4575
521,SaigonFlex UE-09,Streetwear,Performance,M,black,6740.37,5806.828755
522,SaigonFlex UE-10,Streetwear,Performance,L,orange,30.7452776264218,17.7340718003968
523,SaigonFlex UE-11,Streetwear,Performance,XL,blue,6819.42225433526,6351.60988768786
524,SaigonFlex UE-12,Streetwear,Performance,S,white,7556.85,7179.0075
525,SaigonFlex UE-13,Streetwear,Performance,M,purple,6289.682,3754.3111858
526,SaigonFlex UE-14,Streetwear,Performance,L,green,21.2735817693571,13.0282582558848
527,SaigonFlex UE-15,Streetwear,Performance,XL,silver,6485.85,5394.281445
528,SaigonFlex UE-16,Streetwear,Performance,S,pink,7241.85,4674.614175
529,SaigonFlex UE-17,Streetwear,Performance,M,yellow,5574.45347107438,2865.26908413223
530,SaigonFlex UE-18,Streetwear,Performance,L,red,7519.365,5786.1513675
531,SaigonFlex UE-19,Streetwear,Performance,XL,black,7557.78388235294,7179.89468823529
532,SaigonFlex UE-20,Streetwear,Performance,S,orange,6825.52862068965,5999.6396575862
533,SaigonFlex UE-21,Streetwear,Performance,M,blue,6086.91402439024,3334.41150256097
534,SaigonFlex UE-22,Streetwear,Performance,L,white,6526.87325581395,5059.63214790697
535,SaigonFlex UE-23,Streetwear,Performance,XL,purple,6485.85,5704.305075
536,SaigonFlex UC-01,Streetwear,Everyday,S,green,11059.65,9704.842875
537,SaigonFlex UC-02,Streetwear,Everyday,M,silver,9523.07601265822,5393.87025356962
538,SaigonFlex UC-03,Streetwear,Everyday,L,pink,15951.6331578947,11371.9192782631
539,SaigonFlex UC-04,Streetwear,Everyday,XL,yellow,15753.7172985782,8573.17295388625
540,SaigonFlex UC-05,Streetwear,Everyday,S,red,15766.3345360824,14063.5704061855
541,SaigonFlex UC-06,Streetwear,Everyday,M,black,16095.8538461538,15291.0611538461
542,SaigonFlex UC-07,Streetwear,Everyday,L,orange,9213.81774193548,6152.06610629032
543,SaigonFlex UC-08,Streetwear,Everyday,XL,blue,40.3941778195578,22.4877477162705
544,SaigonFlex UC-09,Streetwear,Everyday,S,white,11334.1064516129,8528.91510483871
545,SaigonFlex UC-10,Streetwear,Everyday,M,purple,10045.6784112149,9091.33896214953
546,SaigonFlex UC-11,Streetwear,Everyday,L,green,16066.115625,13338.089191875
547,SaigonFlex UC-12,Streetwear,Everyday,XL,silver,6544.42147058823,4298.37602188235
548,SaigonFlex UC-13,Streetwear,Everyday,S,pink,6163.40955348837,4883.88573018418
549,SaigonFlex UC-14,Streetwear,Everyday,M,yellow,6655.75305761551,5205.46446636109
550,SaigonFlex UC-15,Streetwear,Everyday,L,red,5184.62422178988,3404.74272644941
551,SaigonFlex UC-16,Streetwear,Everyday,XL,black,11245.4066205533,10683.1362895256
552,SaigonFlex UC-17,Streetwear,Everyday,S,orange,11588.85,11009.4075
553,SaigonFlex UC-18,Streetwear,Everyday,M,blue,11516.6172413793,9748.81649482758
554,SaigonFlex UC-19,Streetwear,Everyday,L,white,10501.447090909,6426.88561963636
555,SaigonFlex UC-20,Streetwear,Everyday,XL,purple,10520.4789965397,9994.4550467128
556,SaigonFlex UC-21,Streetwear,Everyday,S,green,10268.6439130434,9686.41180317391
557,SaigonFlex UC-22,Streetwear,Everyday,M,silver,10090.4426045016,7554.71437799035
558,SaigonFlex UC-23,Streetwear,Everyday,L,pink,18269.37,14094.818955
559,SaigonFlex UC-24,Streetwear,Everyday,XL,yellow,7658.98822370735,6569.11419947379
560,SaigonFlex UC-25,Streetwear,Everyday,S,red,8428.27449438202,7354.51232379775
561,SaigonFlex UC-26,Streetwear,Everyday,M,black,8951.67,7753.936554
562,SaigonFlex UC-27,Streetwear,Everyday,L,orange,11109.7508379888,10554.2632960893
563,SaigonFlex UC-28,Streetwear,Everyday,XL,blue,9445.09475570032,8972.84001791531
564,SaigonFlex UC-29,Streetwear,Everyday,S,white,11503.8,7876.65185999999
565,SaigonFlex UC-30,Streetwear,Everyday,M,purple,10752.7914269275,9051.69982318757
566,SaigonFlex UC-31,Streetwear,Everyday,L,green,11783.9428433268,9612.16217730174
567,SaigonFlex UC-32,Streetwear,Everyday,XL,silver,10134.7768879668,8711.85421289626
568,SaigonFlex UC-33,Streetwear,Everyday,S,pink,10532.6982824427,7628.83336597328
569,SaigonFlex UC-34,Streetwear,Everyday,M,yellow,12601.6227272727,11971.541590909
570,SaigonFlex UC-35,Streetwear,Everyday,L,red,6934.76162790697,6364.03074593023
571,SaigonFlex UC-36,Streetwear,Everyday,XL,black,6325.19999999999,6008.93999999999
572,SaigonFlex UC-37,Streetwear,Everyday,S,orange,5428.17537313432,5156.76660447761
573,SaigonFlex UC-38,Streetwear,Everyday,M,blue,3743.69032258064,2813.75764645161
574,SaigonFlex UC-39,Streetwear,Everyday,L,white,10912.6593786407,10134.5867649436
575,SaigonFlex UC-40,Streetwear,Everyday,XL,purple,11157.9570552147,10600.0592024539
576,SaigonFlex UC-41,Streetwear,Everyday,S,green,18775.8405882352,12572.3028578823
577,SaigonFlex UC-42,Streetwear,Everyday,M,silver,12288.258347826,9234.6261483913
578,SaigonFlex UC-43,Streetwear,Everyday,L,pink,9414.21395604395,6648.31789575824
579,SaigonFlex UC-44,Streetwear,Everyday,XL,yellow,15941.1091304347,14039.3348111739
580,SaigonFlex UC-45,Streetwear,Everyday,S,red,9901.54853932584,9406.47111235955
581,SaigonFlex UC-46,Streetwear,Everyday,M,black,16696.35,14125.1120999999
582,SaigonFlex UC-47,Streetwear,Everyday,L,orange,4283.70157894736,3193.49952710526
583,SaigonFlex UC-48,Streetwear,Everyday,XL,blue,6610.57173913043,4418.50615043478
584,SaigonFlex UC-49,Streetwear,Everyday,S,white,7436.31392523364,4666.28698808411
585,SaigonFlex UC-50,Streetwear,Everyday,M,purple,5044.25266953713,4792.04003606027
586,SaigonFlex UC-51,Streetwear,Everyday,L,green,4552.6862720403,4325.05195843828
587,SaigonFlex UC-52,Streetwear,Everyday,XL,silver,31.3337026279713,19.5834402816063
588,SaigonFlex UC-53,Streetwear,Everyday,S,pink,7437.16518072289,6317.87182102409
589,SaigonFlex UC-54,Streetwear,Everyday,M,yellow,10207.2936641221,7250.24068962595
590,SaigonFlex UC-55,Streetwear,Everyday,L,red,10658.332964467,10125.4163162436
591,SaigonFlex UC-56,Streetwear,Everyday,XL,black,11048.6218052738,10496.1907150101
592,SaigonFlex UC-57,Streetwear,Everyday,S,orange,11573.637804878,7346.94527853658
593,SaigonFlex UC-58,Streetwear,Everyday,M,blue,10942.1906334841,8946.33506193665
594,SaigonFlex UC-59,Streetwear,Everyday,L,white,42.9087348703734,24.5004825229
595,SaigonFlex UC-60,Streetwear,Everyday,XL,purple,8975.72747524752,5284.90833742574
596,SaigonFlex UC-61,Streetwear,Everyday,S,green,9577.14698969072,5842.05966371134
597,SaigonFlex UC-62,Streetwear,Everyday,M,silver,60.898706975631,38.9633233386829
598,SaigonFlex UC-63,Streetwear,Everyday,L,pink,11489.4525688073,7924.27543670642
599,SaigonFlex UC-64,Streetwear,Everyday,XL,yellow,10648.8562854144,10116.4134711437
600,SaigonFlex UC-65,Streetwear,Everyday,S,red,9148.34875712066,4647.36116861729
601,SaigonFlex UC-66,Streetwear,Everyday,M,black,15754.4956310679,14966.7708495145
602,SaigonFlex UC-67,Streetwear,Everyday,L,orange,15756.2705607476,11752.6022112616
603,SaigonFlex UC-68,Streetwear,Everyday,XL,blue,11026.3363636363,8163.89944363636
604,SaigonFlex UC-69,Streetwear,Everyday,S,white,6135.29883063029,4141.94024055851
605,SaigonFlex UC-70,Streetwear,Everyday,M,purple,4940.96274193548,3748.21433603225
606,SaigonFlex UC-71,Streetwear,Everyday,L,green,4042.8549822064,3552.45667286476
607,SaigonFlex UC-72,Streetwear,Everyday,XL,silver,11408.04,7676.470116
608,SaigonFlex UC-73,Streetwear,Everyday,S,pink,11699.1,11114.145
609,SaigonFlex UC-74,Streetwear,Everyday,M,yellow,10426.571033557,8987.70423092617
610,SaigonFlex UC-75,Streetwear,Everyday,L,red,11122.506,9587.600172
611,SaigonFlex UC-76,Streetwear,Everyday,XL,black,17959.956617647,12395.9620574999
612,SaigonFlex UC-77,Streetwear,Everyday,S,orange,11727.45,7625.18798999999
613,SaigonFlex UC-78,Streetwear,Everyday,M,blue,30.1546352234349,17.2036404757493
614,SaigonFlex UC-79,Streetwear,Everyday,L,white,8263.48764705882,6609.13742011764
615,SaigonFlex UC-80,Streetwear,Everyday,XL,purple,8328.96637057599,4873.27822342401
616,SaigonFlex UC-81,Streetwear,Everyday,S,green,8545.56230769231,7898.663241
617,SaigonFlex UC-82,Streetwear,Everyday,M,silver,10151.2630434782,6680.54620891304
618,SaigonFlex UC-83,Streetwear,Everyday,L,pink,14262.4125,13549.291875
619,SaigonFlex UC-84,Streetwear,Everyday,XL,yellow,11336.85,6509.61927
620,SaigonFlex UC-85,Streetwear,Everyday,S,red,30.1548332528815,17.1601739310833
621,SaigonFlex UC-86,Streetwear,Everyday,M,black,62.2827889133325,34.4831754270764
622,SaigonFlex UC-87,Streetwear,Everyday,L,orange,9946.84289008455,7374.58931870868
623,SaigonFlex UC-88,Streetwear,Everyday,XL,blue,17011.9581081081,9844.82015716216
624,SaigonFlex UC-89,Streetwear,Everyday,S,white,45.014015267165,26.8826712643713
625,SaigonFlex UC-90,Streetwear,Everyday,M,purple,16075.5,8733.81915
626,SaigonFlex UC-91,Streetwear,Everyday,L,green,17013.8969461077,16163.2020988023
627,SaigonFlex UC-92,Streetwear,Everyday,XL,silver,11006.55,7708.98762
628,SaigonFlex UC-93,Streetwear,Everyday,S,pink,11516.4,9278.76348
629,SaigonFlex UC-94,Streetwear,Everyday,M,yellow,9968.7,9470.265
630,SaigonFlex UC-95,Streetwear,Everyday,L,red,6176.85,3866.090415
631,SaigonFlex UC-96,Streetwear,Everyday,XL,black,4677.01978417266,4443.16879496402
632,SaigonFlex UC-97,Streetwear,Everyday,S,orange,4844.7,2618.07588
633,SaigonFlex UC-98,Streetwear,Everyday,M,blue,6803.80150684931,3769.30603479452
634,SaigonFlex UC-99,Streetwear,Everyday,L,white,10788.2739549839,6005.83211073954
635,SaigonFlex UC-00,Streetwear,Everyday,XL,purple,10745.2205882352,9205.43047794117
636,SaigonFlex UC-01,Streetwear,Everyday,S,green,10891.9973472721,9183.04296348513
637,SaigonFlex UC-02,Streetwear,Everyday,M,silver,10938.3583038869,8362.37492332155
638,SaigonFlex UC-03,Streetwear,Everyday,L,pink,12105.45,11500.1775
639,SaigonFlex UC-04,Streetwear,Everyday,XL,yellow,10586.428125,10057.10671875
640,SaigonFlex UC-05,Streetwear,Everyday,S,red,9757.34307692307,9269.47592307692
641,SaigonFlex UC-06,Streetwear,Everyday,M,black,9957.7789187643,8252.01138997997
642,SaigonFlex UC-07,Streetwear,Everyday,L,orange,10862.1209497206,7602.39845270949
643,SaigonFlex UC-08,Streetwear,Everyday,XL,blue,13917.75,9639.43365
644,SaigonFlex UC-09,Streetwear,Everyday,S,white,10607.7522560335,8623.04180892969
645,SaigonFlex UC-10,Streetwear,Everyday,M,purple,8950.095,8502.59025
646,SaigonFlex UC-11,Streetwear,Everyday,L,green,11258.1,8881.51509
647,SaigonFlex UC-12,Streetwear,Everyday,XL,silver,11033.91292765,6038.86054530286
648,SaigonFlex UC-13,Streetwear,Everyday,S,pink,10560.816,10032.7752
649,SaigonFlex UC-14,Streetwear,Everyday,M,yellow,10084.3436842105,9580.1265
650,SaigonFlex UC-15,Streetwear,Everyday,L,red,6110.10626655275,5804.60095322511
651,SaigonFlex UC-16,Streetwear,Everyday,XL,black,9885.46580838323,5627.79568471257
652,SaigonFlex UC-17,Streetwear,Everyday,S,orange,9960.63157894736,9462.6
653,SaigonFlex UC-18,Streetwear,Everyday,M,blue,10584.5323616236,10055.3057435424
654,SaigonFlex UC-19,Streetwear,Everyday,L,white,12297.9392307692,11683.0422692307
655,SaigonFlex UC-20,Streetwear,Everyday,XL,purple,11836.9389261744,7837.23726302013
656,SaigonFlex UC-21,Streetwear,Everyday,S,green,10963.7520078226,8877.35000073403
657,SaigonFlex UC-22,Streetwear,Everyday,M,silver,11020.2144726083,10469.2037489779
658,SaigonFlex UC-23,Streetwear,Everyday,L,pink,11169.7904347826,8112.6187927826
659,SaigonFlex UC-24,Streetwear,Everyday,XL,yellow,18102.5051351351,10184.469389027
660,SaigonFlex UC-25,Streetwear,Everyday,S,red,8500.35145631067,5856.74215339805
661,SaigonFlex UC-26,Streetwear,Everyday,M,black,27.4457202657164,16.6453933199536
662,SaigonFlex UC-27,Streetwear,Everyday,L,orange,10139.1447761194,5848.25870686567
663,SaigonFlex UC-28,Streetwear,Everyday,XL,blue,8397.9,7978.00499999999
664,SaigonFlex UC-29,Streetwear,Everyday,S,white,41.1417745385124,22.8983129990411
665,SaigonFlex UC-30,Streetwear,Everyday,M,purple,27.5122929973459,17.2654154503449
666,SaigonFlex UC-31,Streetwear,Everyday,L,green,9766.92405405405,7154.27186959459
667,SaigonFlex UC-32,Streetwear,Everyday,XL,silver,9799.40414634146,9309.43393902439
668,SaigonFlex UC-33,Streetwear,Everyday,S,pink,16826.67,12741.154524
669,SaigonFlex UC-34,Streetwear,Everyday,M,yellow,16376.85,13867.91658
670,SaigonFlex UC-35,Streetwear,Everyday,L,red,10899.8891489361,10354.8946914893
671,SaigonFlex UC-36,Streetwear,Everyday,XL,black,11194.6263157894,7866.46391210526
672,SaigonFlex UC-37,Streetwear,Everyday,S,orange,11024.4272727272,10473.2059090909
673,SaigonFlex UC-38,Streetwear,Everyday,M,blue,27.4868607221533,16.3637221039469
674,SaigonFlex UC-39,Streetwear,Everyday,L,white,8419.57720886246,6274.26893604431
675,SaigonFlex UC-40,Streetwear,Everyday,XL,purple,7873.64957786116,5241.48852398217
676,SaigonFlex UC-41,Streetwear,Everyday,S,green,9891.03665226063,9195.69677560671
677,SaigonFlex UC-42,Streetwear,Everyday,M,silver,36.4807567278204,21.9774315848788
678,SaigonFlex UC-43,Streetwear,Everyday,L,pink,15.4049348383473,9.15170630066645
679,SaigonFlex UC-44,Streetwear,Everyday,XL,yellow,16.6104641458536,9.80144132558472
680,SaigonFlex UC-45,Streetwear,Everyday,S,red,26.4454729409409,16.0250054413446
681,SaigonFlex UC-46,Streetwear,Everyday,M,black,8907.55483870967,8272.44617870967
682,SaigonFlex UC-47,Streetwear,Everyday,L,orange,11641.8272727272,11059.7359090909
683,SaigonFlex UC-48,Streetwear,Everyday,XL,blue,10477.8849557522,6262.63183805309
684,SaigonFlex UC-49,Streetwear,Everyday,S,white,10989.1364321608,10439.6796105527
685,SaigonFlex UC-50,Streetwear,Everyday,M,purple,10129.7289576547,8328.66314898371
686,SaigonFlex UC-51,Streetwear,Everyday,L,green,9634.39615384615,5513.76491884615
687,SaigonFlex UC-52,Streetwear,Everyday,XL,silver,5610.653125,4180.4976434375
688,SaigonFlex UC-53,Streetwear,Everyday,S,pink,6694.905,5116.24640099999
689,SaigonFlex UC-54,Streetwear,Everyday,M,yellow,4162.62771497779,3842.9379064675
690,SaigonFlex UC-55,Streetwear,Everyday,L,red,4598.81723112128,3100.06269549885
691,SaigonFlex UC-56,Streetwear,Everyday,XL,black,4663.54505703422,4430.36780418251
692,SaigonFlex UC-57,Streetwear,Everyday,S,orange,3023.37,1991.191482
693,SaigonFlex UC-58,Streetwear,Everyday,M,blue,22.0843133177454,12.4892097478257
694,HanoiStreet MA-01,Casual,All-weather,L,white,24.8441499787608,15.5267287422858
695,HanoiStreet MA-02,Casual,All-weather,XL,purple,30.4054278239565,17.1185180816942
696,HanoiStreet MA-03,Casual,All-weather,S,green,37.5008285065085,23.4690054859128
697,HanoiStreet MA-04,Casual,All-weather,M,silver,59.7484044554038,33.0085253533612
698,HanoiStreet MA-05,Casual,All-weather,L,pink,46.6682400757058,25.7707787630464
699,HanoiStreet MA-06,Casual,All-weather,XL,yellow,2843.99362204724,1924.53048403937
700,HanoiStreet MA-07,Casual,All-weather,S,red,31.0632232725714,18.0900104489871
701,HanoiStreet MA-08,Casual,All-weather,M,black,32.8645154132026,19.6813856435225
702,HanoiStreet MA-09,Casual,All-weather,L,orange,3720.71189189189,3306.59665832432
703,HanoiStreet MA-10,Casual,All-weather,XL,blue,22.1755039536506,13.9049444484597
704,HanoiStreet MA-11,Casual,All-weather,S,white,32.8711293644589,20.3251902223093
705,HanoiStreet MA-12,Casual,All-weather,M,purple,29.5043156076802,17.5429790021499
706,HanoiStreet MA-13,Casual,All-weather,L,green,3401.36999999999,3231.30149999999
707,HanoiStreet MA-14,Casual,All-weather,XL,silver,37.6784165096859,21.754111030359
708,HanoiStreet MA-15,Casual,All-weather,S,pink,23.7862485715165,15.4542218360841
709,HanoiStreet MA-16,Casual,All-weather,M,yellow,40.7615243441607,24.1560183419001
710,HanoiStreet MA-17,Casual,All-weather,L,red,61.1356744208841,36.3842059472093
711,HanoiStreet MA-18,Casual,All-weather,XL,black,2900.21516129032,2181.54184432258
712,HanoiStreet MA-19,Casual,All-weather,S,orange,31.7056830429236,17.9569061749055
713,HanoiStreet RP-01,Outdoor,Activewear,M,blue,1952.01204545454,1681.85357836363
714,HanoiStreet RP-02,Outdoor,Activewear,L,white,1952.01204545454,1350.79233545454
715,HanoiStreet RP-03,Outdoor,Activewear,XL,purple,1855.63032110091,1707.73658450917
716,HanoiStreet RP-04,Outdoor,Activewear,S,green,1855.63032110091,1762.84880504587
717,HanoiStreet RP-05,Outdoor,Activewear,M,silver,2046.87,1742.909805
718,HanoiStreet RP-06,Outdoor,Activewear,L,pink,2046.87,1613.752308
719,HanoiStreet RP-07,Outdoor,Activewear,XL,yellow,1259.37,981.552978
720,HanoiStreet RP-08,Outdoor,Activewear,S,red,1259.37,742.776425999999
721,HanoiStreet RP-09,Outdoor,Activewear,M,black,2015.37,1709.23529699999
722,HanoiStreet RP-10,Outdoor,Activewear,L,orange,2015.37,1819.87911
723,HanoiStreet RP-11,Outdoor,Activewear,XL,blue,18.9266876392348,11.2398319048545
724,HanoiStreet RP-12,Outdoor,Activewear,S,white,41.4790174049803,25.8217570846846
725,HanoiStreet RP-13,Outdoor,Activewear,M,purple,1341.3127118644,1274.24707627118
726,HanoiStreet RP-14,Outdoor,Activewear,L,green,1341.3127118644,1274.24707627118
727,HanoiStreet RP-15,Outdoor,Activewear,XL,silver,818.37,681.129351
728,HanoiStreet RP-16,Outdoor,Activewear,S,pink,818.37,554.363838
729,HanoiStreet RP-17,Outdoor,Activewear,M,yellow,3782.67708661417,3301.89882890551
730,HanoiStreet RP-18,Outdoor,Activewear,L,red,3782.67708661417,2712.93600651968
731,HanoiStreet RP-19,Outdoor,Activewear,XL,black,1763.37,1675.2015
732,HanoiStreet RP-20,Outdoor,Activewear,S,orange,1763.37,940.228884
733,HanoiStreet RP-21,Outdoor,Activewear,M,blue,4376.45179245283,2285.38312601886
734,HanoiStreet RP-22,Outdoor,Activewear,L,white,4376.45179245283,3725.67341091509
735,HanoiStreet RP-23,Outdoor,Activewear,XL,purple,4615.65540848389,2314.75118735467
736,HanoiStreet RP-24,Outdoor,Activewear,S,green,4615.65540848389,2839.08964175844
737,HanoiStreet RP-25,Outdoor,Activewear,M,silver,5669.37,5385.9015
738,HanoiStreet RP-26,Outdoor,Activewear,L,pink,5669.37,4405.10049
739,HanoiStreet RP-27,Outdoor,Activewear,XL,yellow,2078.14659574468,1837.08159063829
740,HanoiStreet RP-28,Outdoor,Activewear,S,red,2078.14659574468,1680.80496663829
741,HanoiStreet RP-29,Outdoor,Activewear,M,black,25.527159718235,15.2822654247945
742,HanoiStreet RP-30,Outdoor,Activewear,L,orange,27.2526249931623,17.3692513430146
743,HanoiStreet RP-31,Outdoor,Activewear,XL,blue,3275.37,2977.638867
744,HanoiStreet RP-32,Outdoor,Activewear,S,white,3275.37,2282.277816
745,HanoiStreet RP-33,Outdoor,Activewear,M,purple,2645.37,2513.1015
746,HanoiStreet RP-34,Outdoor,Activewear,L,green,2645.37,2343.79782
747,HanoiStreet RP-35,Outdoor,Activewear,XL,silver,26.1289117283335,16.724337400413
748,HanoiStreet RP-36,Outdoor,Activewear,S,pink,23.4390560297156,13.8799548597326
749,HanoiStreet RP-37,Outdoor,Activewear,M,yellow,33.7644559878052,19.5051447908873
750,HanoiStreet RP-38,Outdoor,Activewear,L,red,23.7508888118105,14.4698735257018
751,HanoiStreet RP-39,Outdoor,Activewear,XL,black,36.8989365302203,23.6609388098621
752,HanoiStreet RP-40,Outdoor,Activewear,S,orange,32.4566306364692,18.5348853358208
753,HanoiStreet RP-41,Outdoor,Activewear,M,blue,2960.3147368421,1663.99291357894
754,HanoiStreet RP-42,Outdoor,Activewear,L,white,2960.3147368421,2498.80166936842
755,HanoiStreet RP-43,Outdoor,Activewear,XL,purple,30.0968580099078,18.428205586492
756,HanoiStreet RP-44,Outdoor,Activewear,S,green,23.0340725557549,14.1234802989591
757,HanoiStreet RP-45,Outdoor,Activewear,M,silver,890.454937712344,566.952658841449
758,HanoiStreet RP-46,Outdoor,Activewear,L,pink,890.454937712344,845.932190826726
759,HanoiStreet RP-47,Outdoor,Activewear,XL,yellow,1901.46566118317,1048.65831214251
760,HanoiStreet RP-48,Outdoor,Activewear,S,red,1901.46566118317,1262.57319902562
761,HanoiStreet RP-49,Outdoor,Activewear,M,black,2220.59714609879,2109.56728879385
762,HanoiStreet RP-50,Outdoor,Activewear,L,orange,2220.59714609879,2109.56728879385
763,HanoiStreet RP-51,Outdoor,Activewear,XL,blue,3884.38313485113,2371.8043421401
764,HanoiStreet RP-52,Outdoor,Activewear,S,white,3884.38313485113,3601.60004263397
765,HanoiStreet RP-53,Outdoor,Activewear,M,purple,26.2927035142192,16.3885392668984
766,HanoiStreet RP-54,Outdoor,Activewear,L,green,44.7976861804933,25.2281201862538
767,HanoiStreet RP-55,Outdoor,Activewear,XL,silver,1148.81976816074,585.898081761978
768,HanoiStreet RP-56,Outdoor,Activewear,S,pink,1148.81976816074,728.92614289799
769,HanoiStreet RP-57,Outdoor,Activewear,M,yellow,3297.59523744911,1690.34731871641
770,HanoiStreet RP-58,Outdoor,Activewear,L,red,3297.59523744911,3096.44192796472
771,HanoiStreet RP-59,Outdoor,Activewear,XL,black,2015.37,1914.6015
772,HanoiStreet RP-60,Outdoor,Activewear,S,orange,2015.37,1835.397459
773,HanoiStreet RP-61,Outdoor,Activewear,M,blue,40.4621461892487,25.1505618407748
774,HanoiStreet RP-62,Outdoor,Activewear,L,white,22.3981396053789,14.3550405133282
775,HanoiStreet RP-63,Outdoor,Activewear,XL,purple,34.4577150700943,19.5708902253878
776,HanoiStreet RP-64,Outdoor,Activewear,S,green,44.7259937984806,25.6617327169059
777,HanoiStreet RP-65,Outdoor,Activewear,M,silver,1477.48894952251,1403.61450204638
778,HanoiStreet RP-66,Outdoor,Activewear,L,pink,1477.48894952251,1174.30821708049
779,HanoiStreet RP-67,Outdoor,Activewear,XL,yellow,3997.02441272135,3519.37999540115
780,HanoiStreet RP-68,Outdoor,Activewear,S,red,3997.02441272135,2058.4675725515
781,HanoiStreet RP-69,Outdoor,Activewear,M,black,1274.58186880604,845.302695392166
782,HanoiStreet RP-70,Outdoor,Activewear,L,orange,1274.58186880604,1065.80535869561
783,HanoiStreet RP-71,Outdoor,Activewear,XL,blue,16.9834253246706,10.9906455326096
784,HanoiStreet RP-72,Outdoor,Activewear,S,white,41.1549444624912,23.3800290981451
785,HanoiStreet RP-73,Outdoor,Activewear,M,purple,699.720957155879,441.244035582497
786,HanoiStreet RP-74,Outdoor,Activewear,L,green,699.720957155879,645.842443454877
787,HanoiStreet RP-75,Outdoor,Activewear,XL,silver,3820.7975979557,3601.86589559284
788,HanoiStreet RP-76,Outdoor,Activewear,S,pink,3820.7975979557,2436.14054845655
789,HanoiStreet RP-77,Outdoor,Activewear,M,yellow,2708.37,2535.305157
790,HanoiStreet RP-78,Outdoor,Activewear,L,red,2708.37,1879.337943
791,HanoiStreet RP-79,Outdoor,Activewear,XL,black,811.886513695165,584.964233117366
792,HanoiStreet RP-80,Outdoor,Activewear,S,orange,811.886513695165,649.265645002023
793,HanoiStreet RP-81,Outdoor,Activewear,M,blue,1012.75636408894,643.505393742117
794,HanoiStreet RP-82,Outdoor,Activewear,L,white,1012.75636408894,962.1185458845
795,HanoiStreet RP-83,Outdoor,Activewear,XL,purple,3338.27,1832.042576
796,HanoiStreet RP-84,Outdoor,Activewear,S,green,3338.27,3052.847915
797,HanoiStreet RS-01,Outdoor,Premium,M,silver,3792.83917808219,3178.39923123287
798,HanoiStreet RS-02,Outdoor,Premium,L,pink,35.1687362979422,20.6388655439948
799,HanoiStreet RS-03,Outdoor,Premium,XL,yellow,37.9664315977586,24.1631972156167
800,HanoiStreet RS-04,Outdoor,Premium,S,red,3149.37,2034.178083
801,HanoiStreet RS-05,Outdoor,Premium,M,black,3716.37,2604.43209599999
802,HanoiStreet RS-06,Outdoor,Premium,L,orange,2015.37,1867.038768
803,HanoiStreet RS-07,Outdoor,Premium,XL,blue,1920.93984478935,1129.12844076718
804,HanoiStreet RS-08,Outdoor,Premium,S,white,1932.16809976247,1751.3171656247
805,HanoiStreet RS-09,Outdoor,Premium,M,purple,2267.37,1983.268539
806,HanoiStreet RS-10,Outdoor,Premium,L,green,13293.0,11389.4424
807,HanoiStreet RS-11,Outdoor,Premium,XL,silver,2738.718,2004.1938324
808,HanoiStreet RS-12,Outdoor,Premium,S,pink,4185.66924273858,2473.31195553423
809,HanoiStreet RS-13,Outdoor,Premium,M,yellow,2845.61631465517,1471.18363467672
810,HanoiStreet RS-14,Outdoor,Premium,L,red,70.1382529026983,41.8950507076435
811,HanoiStreet RS-15,Outdoor,Premium,XL,black,3149.37,2991.9015
812,HanoiStreet RS-16,Outdoor,Premium,S,orange,6867.0,3823.5456
813,HanoiStreet RS-17,Outdoor,Premium,M,blue,3464.37,3291.1515
814,HanoiStreet RS-18,Outdoor,Premium,L,white,48.4324253798846,31.327029554014
815,HanoiStreet RS-19,Outdoor,Premium,XL,purple,26.2913118772629,14.9479924519486
816,HanoiStreet RS-20,Outdoor,Premium,S,green,4614.0770524767,3811.689053051
817,HanoiStreet UM-01,Streetwear,Balanced,M,silver,4913.37,3947.892795
818,HanoiStreet UM-02,Streetwear,Balanced,L,pink,21.5773251293959,12.3638263676468
819,HanoiStreet UM-03,Streetwear,Balanced,XL,yellow,14579.5015384615,12477.1374166153
820,HanoiStreet UM-04,Streetwear,Balanced,S,red,12599.37,11653.157313
821,HanoiStreet UM-05,Streetwear,Balanced,M,black,40.1647187042627,22.5748487925738
822,HanoiStreet UM-06,Streetwear,Balanced,L,orange,4674.72903614457,4440.99258433734
823,HanoiStreet UM-07,Streetwear,Balanced,XL,blue,7496.36999999999,7121.55149999999
824,HanoiStreet UM-08,Streetwear,Balanced,S,white,5543.37,4445.228403
825,HanoiStreet UM-09,Streetwear,Balanced,M,purple,30.2838596530217,16.8891668049609
826,HanoiStreet UM-10,Streetwear,Balanced,L,green,12730.4054284727,12093.885157049
827,HanoiStreet UM-11,Streetwear,Balanced,XL,silver,7496.37,6075.807885
828,HanoiStreet UM-12,Streetwear,Balanced,S,pink,10146.7368947368,8943.33389902105
829,HanoiStreet UM-13,Streetwear,Balanced,M,yellow,3815.5614893617,2691.1155184468
830,HanoiStreet UM-14,Streetwear,Balanced,L,red,44.0621085973863,27.3021548943508
831,HanoiStreet UM-15,Streetwear,Balanced,XL,black,40.0166272834938,23.3692099807313
832,HanoiStreet UM-16,Streetwear,Balanced,S,orange,32.1646632366023,20.0217526932615
833,HanoiStreet UM-17,Streetwear,Balanced,M,blue,23.6008449126134,13.1347111882626
834,HanoiStreet UM-18,Streetwear,Balanced,L,white,13229.37,10026.539523
835,HanoiStreet UM-19,Streetwear,Balanced,XL,purple,6299.37,5984.4015
836,HanoiStreet UM-20,Streetwear,Balanced,S,green,10079.37,9571.369752
837,HanoiStreet UM-21,Streetwear,Balanced,M,silver,10059.6825,9556.698375
838,HanoiStreet UM-22,Streetwear,Balanced,L,pink,10919.37,10373.4015
839,HanoiStreet UM-23,Streetwear,Balanced,XL,yellow,9597.8685,7830.90090915
840,HanoiStreet UM-24,Streetwear,Balanced,S,red,11024.37,9145.817352
841,HanoiStreet UM-25,Streetwear,Balanced,M,black,18.0665309927995,10.5062123120544
842,HanoiStreet UM-26,Streetwear,Balanced,L,orange,9071.37,6994.933407
843,HanoiStreet UM-27,Streetwear,Balanced,XL,blue,6299.37,5984.4015
844,HanoiStreet UM-28,Streetwear,Balanced,S,white,27.6989365060592,16.7287485836402
845,HanoiStreet UM-29,Streetwear,Balanced,M,purple,46.6447097438295,29.3428956102698
846,HanoiStreet UM-30,Streetwear,Balanced,L,green,6985.37,6636.1015
847,HanoiStreet UM-31,Streetwear,Balanced,XL,silver,6929.37,5692.477455
848,HanoiStreet UM-32,Streetwear,Balanced,S,pink,36.0763489774126,20.991934590897
849,HanoiStreet UM-33,Streetwear,Balanced,M,yellow,4137.98538461538,3139.07571276923
850,HanoiStreet UM-34,Streetwear,Balanced,L,red,20.1198016838447,12.3251719630687
851,HanoiStreet UM-35,Streetwear,Balanced,XL,black,35.4907596248059,22.6643201232009
852,HanoiStreet UM-36,Streetwear,Balanced,S,orange,9109.17,8653.7115
853,HanoiStreet UM-37,Streetwear,Balanced,M,blue,5165.37,4329.61313399999
854,HanoiStreet UM-38,Streetwear,Balanced,L,white,8770.98961722488,8332.44013636363
855,HanoiStreet UR-01,Streetwear,Standard,XL,purple,14.7308357282306,9.00556589135573
856,HanoiStreet UR-02,Streetwear,Standard,S,green,35.6796938025458,20.2198035965198
857,HanoiStreet UR-03,Streetwear,Standard,M,silver,25.4136241503122,16.4964119760944
858,HanoiStreet UR-04,Streetwear,Standard,L,pink,46.5707813079141,26.6928429333888
859,HanoiStreet UR-05,Streetwear,Standard,XL,yellow,24.1188020561121,15.5390972360989
860,HanoiStreet UR-06,Streetwear,Standard,S,red,7496.37,4533.054939
861,HanoiStreet UR-07,Streetwear,Standard,M,black,31.6299805822124,19.4513204095096
862,HanoiStreet UR-08,Streetwear,Standard,L,orange,2246.328984375,1699.79714247656
863,HanoiStreet UR-09,Streetwear,Standard,XL,blue,3653.37,3470.7015
864,HanoiStreet UR-10,Streetwear,Standard,S,white,40.5280736934613,24.7534806923115
865,HanoiStreet UR-11,Streetwear,Standard,M,purple,46.819607444285,28.1511715770555
866,HanoiStreet UR-12,Streetwear,Standard,L,green,20.4888623228368,11.7414904789922
867,HanoiStreet UR-13,Streetwear,Standard,XL,silver,28.9682240162119,16.4438935665442
868,HanoiStreet UR-14,Streetwear,Standard,S,pink,27.3857245427433,15.6659659572157
869,HanoiStreet UR-15,Streetwear,Standard,M,yellow,25.4997412988687,14.5002704596667
870,HanoiStreet UR-16,Streetwear,Standard,L,red,67.0998424584302,42.1359128880733
871,HanoiStreet UR-17,Streetwear,Standard,XL,black,38.9388584688387,22.7797199491672
872,HanoiStreet UR-18,Streetwear,Standard,S,orange,19.998282967949,11.1147310537257
873,HanoiStreet UR-19,Streetwear,Standard,M,blue,47.8056951989654,30.9259948547337
874,HanoiStreet UR-20,Streetwear,Standard,L,white,77.3903796393317,49.4043613173527
875,HanoiStreet UR-21,Streetwear,Standard,XL,purple,6314.4147761194,4917.66622764179
876,HanoiStreet UR-22,Streetwear,Standard,S,green,6929.36999999999,6582.90149999999
877,HanoiStreet UR-23,Streetwear,Standard,M,silver,50.0481781360439,32.1697291283717
878,HanoiStreet UR-24,Streetwear,Standard,L,pink,18.0338764412058,11.7128365170627
879,HanoiStreet UR-25,Streetwear,Standard,XL,yellow,27.2841615507073,15.4807474601495
880,HanoiStreet UR-26,Streetwear,Standard,S,red,54.9687289874747,32.410892958162
881,HanoiStreet UR-27,Streetwear,Standard,M,black,567.63,338.137191
882,HanoiStreet UR-28,Streetwear,Standard,L,orange,9197.37,8737.5015
883,HanoiStreet UR-29,Streetwear,Standard,XL,blue,24.9514569118315,15.6152167670496
884,HanoiStreet UR-30,Streetwear,Standard,S,white,39.548500175562,24.5043322500886
885,HanoiStreet UR-31,Streetwear,Standard,M,purple,45.1438302907008,25.5238517277094
886,HanoiStreet UR-32,Streetwear,Standard,L,green,22.8563233333263,14.4356724024118
887,HanoiStreet UR-33,Streetwear,Standard,XL,silver,32.3362812246344,18.5107120184617
888,HanoiStreet UR-34,Streetwear,Standard,S,pink,9.05659357243644,5.1838289820201
889,HanoiStreet UR-35,Streetwear,Standard,M,yellow,21.9824617767581,13.270755949852
890,HanoiStreet UR-36,Streetwear,Standard,L,red,29.9333349138939,18.2382011679855
891,HanoiStreet UR-37,Streetwear,Standard,XL,black,20.1033552142007,12.2230132769126
892,HanoiStreet UE-01,Streetwear,Performance,S,orange,20.5224077541853,12.1275355513602
893,HanoiStreet UE-02,Streetwear,Performance,M,blue,10520.37,8970.719499
894,HanoiStreet UE-03,Streetwear,Performance,L,white,45.8332737738336,27.7385135332147
895,HanoiStreet UE-04,Streetwear,Performance,XL,purple,7118.87602409638,4305.49621937349
896,HanoiStreet UE-05,Streetwear,Performance,S,green,11024.37,7005.987135
897,HanoiStreet UE-06,Streetwear,Performance,M,silver,8438.654,4981.3374562
898,HanoiStreet UE-07,Streetwear,Performance,L,pink,56.9683591700451,33.8171388190614
899,HanoiStreet UE-08,Streetwear,Performance,XL,yellow,7171.24459459459,6812.68236486486
900,HanoiStreet UE-09,Streetwear,Performance,S,red,3541.482,2763.7725528
901,HanoiStreet UE-10,Streetwear,Performance,M,black,4913.37,3388.259952
902,HanoiStreet UE-11,Streetwear,Performance,L,orange,1889.37,1062.959562
903,HanoiStreet UE-12,Streetwear,Performance,XL,blue,32.1751994175896,18.6438091331656
904,HanoiStreet UE-13,Streetwear,Performance,S,white,49.472311980907,31.9019893796343
905,HanoiStreet UE-14,Streetwear,Performance,M,purple,7216.90846153846,5134.83037038461
906,HanoiStreet UE-15,Streetwear,Performance,L,green,5178.67099857346,4255.83182662767
907,HanoiStreet UE-16,Streetwear,Performance,XL,silver,7343.25255526658,6976.08992750325
908,HanoiStreet UE-17,Streetwear,Performance,S,pink,2601.2820458891,2461.33307182026
909,HanoiStreet UE-18,Streetwear,Performance,M,yellow,2910.23808510638,1759.82097006383
910,HanoiStreet UE-19,Streetwear,Performance,L,red,5226.11756229685,4846.17881551787
911,HanoiStreet UE-20,Streetwear,Performance,XL,black,38.2695449946566,23.9705343768389
912,HanoiStreet UE-21,Streetwear,Performance,S,orange,25.583614760726,14.4294482695703
913,HanoiStreet UE-22,Streetwear,Performance,M,blue,4566.49350597609,2456.77350621514
914,HanoiStreet UE-23,Streetwear,Performance,L,white,6929.37,3953.205585
915,HanoiStreet UE-24,Streetwear,Performance,XL,purple,6677.37,6343.50149999999
916,HanoiStreet UE-25,Streetwear,Performance,S,green,10079.37,9575.4015
917,HanoiStreet UE-26,Streetwear,Performance,M,silver,38.2658648730646,24.3694935014149
918,HanoiStreet UE-27,Streetwear,Performance,L,pink,61.2653620272873,36.6822139974231
919,HanoiStreet UE-28,Streetwear,Performance,XL,yellow,32.6442778913619,20.8745539885557
920,HanoiStreet UE-29,Streetwear,Performance,S,red,61.9208813163644,39.0092589613788
921,HanoiStreet UE-30,Streetwear,Performance,M,black,6299.37,5324.227524
922,HanoiStreet UE-31,Streetwear,Performance,L,orange,5687.85,2991.240315
923,HanoiStreet UE-32,Streetwear,Performance,XL,blue,11.6127305594666,6.88079079347144
924,HanoiStreet UE-33,Streetwear,Performance,S,white,3853.82454545454,3304.65454772727
925,HanoiStreet UE-34,Streetwear,Performance,M,purple,3806.7319302949,3616.39533378016
926,HanoiStreet UE-35,Streetwear,Performance,L,green,6977.84532110091,4222.99198833027
927,HanoiStreet UE-36,Streetwear,Performance,XL,silver,5860.36417215682,5567.34596354897
928,HanoiStreet UE-37,Streetwear,Performance,S,pink,46.0055021710434,25.4063973753442
929,HanoiStreet UE-38,Streetwear,Performance,M,yellow,34.2888019564623,19.7801035526678
930,HanoiStreet UE-39,Streetwear,Performance,L,red,6577.81329896907,6180.51337571134
931,HanoiStreet UE-40,Streetwear,Performance,XL,black,4142.89702702702,3834.66548821621
932,HanoiStreet UE-41,Streetwear,Performance,S,orange,29.3824353817474,17.7517926912427
933,HanoiStreet UE-42,Streetwear,Performance,M,blue,6929.37,3488.244858
934,HanoiStreet UE-43,Streetwear,Performance,L,white,34.3535139080588,21.0706529329573
935,HanoiStreet UE-44,Streetwear,Performance,XL,purple,9448.74,7307.655516
936,HanoiStreet UE-45,Streetwear,Performance,S,green,6240.3075,5928.292125
937,HanoiStreet UE-46,Streetwear,Performance,M,silver,6299.37,5984.4015
938,HanoiStreet UC-01,Streetwear,Everyday,L,pink,18.8229810475796,12.1335109174251
939,HanoiStreet UC-02,Streetwear,Everyday,XL,yellow,4494.10648701809,4269.40116266719
940,HanoiStreet UC-03,Streetwear,Everyday,S,red,8270.4379245283,7856.91602830188
941,HanoiStreet UC-04,Streetwear,Everyday,M,black,11339.37,9661.14324
942,HanoiStreet UC-05,Streetwear,Everyday,L,orange,7413.81174887892,6891.87940175784
943,HanoiStreet UC-06,Streetwear,Everyday,XL,blue,8063.37,7660.20149999999
944,HanoiStreet UC-07,Streetwear,Everyday,S,white,8971.2,4491.87984
945,HanoiStreet UC-08,Streetwear,Everyday,M,purple,8241.38643338954,7829.31711172006
946,HanoiStreet UC-09,Streetwear,Everyday,L,green,8360.99068965517,4980.64215382758
947,HanoiStreet UC-10,Streetwear,Everyday,XL,silver,8472.12,7214.857392
948,HanoiStreet UC-11,Streetwear,Everyday,S,pink,9063.34826086956,5344.65646943478
949,HanoiStreet UC-12,Streetwear,Everyday,M,yellow,15434.37,14662.6515
950,HanoiStreet UC-13,Streetwear,Everyday,L,red,17009.37,10601.940321
951,HanoiStreet UC-14,Streetwear,Everyday,XL,black,59.5168524896716,34.9560884203236
952,HanoiStreet UC-15,Streetwear,Everyday,S,orange,3321.44625649913,3155.37394367417
953,HanoiStreet UC-16,Streetwear,Everyday,M,blue,30.2558477488412,17.4598772228068
954,HanoiStreet UC-17,Streetwear,Everyday,L,white,8325.9412900097,7430.90260133365
955,HanoiStreet UC-18,Streetwear,Everyday,XL,purple,9605.66361702127,6085.18790138297
956,HanoiStreet UC-19,Streetwear,Everyday,S,green,9913.23,9417.5685
957,HanoiStreet UC-20,Streetwear,Everyday,M,silver,9761.416875,6531.3640310625
958,HanoiStreet UC-21,Streetwear,Everyday,L,pink,8992.78237113402,5238.29573118556
959,HanoiStreet UC-22,Streetwear,Everyday,XL,yellow,10276.1159016393,6593.1559624918
960,HanoiStreet UC-23,Streetwear,Everyday,S,red,34.0221329476133,20.9031969290153
961,HanoiStreet UC-24,Streetwear,Everyday,M,black,18.7295169418972,11.0667736762748
962,HanoiStreet UC-25,Streetwear,Everyday,L,orange,5887.00636363636,5592.65604545454
963,HanoiStreet UC-26,Streetwear,Everyday,XL,blue,5122.75535904255,2717.10944243617
964,HanoiStreet UC-27,Streetwear,Everyday,S,white,3906.51013921113,2223.9762222529
965,HanoiStreet UC-28,Streetwear,Everyday,M,purple,6039.65992146596,3816.46110437434
966,HanoiStreet UC-29,Streetwear,Everyday,L,green,5858.2366465074,3333.33665186271
967,HanoiStreet UC-30,Streetwear,Everyday,XL,silver,8161.48146496815,6491.64235723566
968,HanoiStreet UC-31,Streetwear,Everyday,S,pink,8354.87847457627,7937.13455084745
969,HanoiStreet UC-32,Streetwear,Everyday,M,yellow,5039.37,3478.677111
970,HanoiStreet UC-33,Streetwear,Everyday,L,red,26.6355532099264,14.7171722281592
971,HanoiStreet UC-34,Streetwear,Everyday,XL,black,15434.37,14662.6515
972,HanoiStreet UC-35,Streetwear,Everyday,S,orange,8000.37,5880.27195
973,HanoiStreet UC-36,Streetwear,Everyday,M,blue,7486.73167259786,4697.92412455516
974,HanoiStreet UC-37,Streetwear,Everyday,L,white,8151.26916955017,6372.66223675432
975,HanoiStreet UC-38,Streetwear,Everyday,XL,purple,8846.74,8404.403
976,HanoiStreet UC-39,Streetwear,Everyday,S,green,3962.15834355828,3764.05042638036
977,HanoiStreet UC-40,Streetwear,Everyday,M,silver,5978.19682826622,4912.88215346918
978,HanoiStreet UC-41,Streetwear,Everyday,L,pink,9462.73363636363,7198.30147718181
979,HanoiStreet UC-42,Streetwear,Everyday,XL,yellow,4727.33470588235,4490.96797058823
980,HanoiStreet UC-43,Streetwear,Everyday,S,red,4989.86857894736,4740.37515
981,HanoiStreet UC-44,Streetwear,Everyday,M,black,2032.9299312533,1931.28343469064
982,HanoiStreet UC-45,Streetwear,Everyday,L,orange,17194.1465363128,15180.7119769106
983,HanoiStreet UC-46,Streetwear,Everyday,XL,blue,5354.37,5086.6515
984,HanoiStreet UC-47,Streetwear,Everyday,S,white,34.61783583767,19.5803762088433
985,HanoiStreet UC-48,Streetwear,Everyday,M,purple,9262.49837837838,5465.80029308108
986,HanoiStreet UC-49,Streetwear,Everyday,L,green,4409.37,2725.431597
987,HanoiStreet UC-50,Streetwear,Everyday,XL,silver,20.8969364948055,12.9894776919699
988,HanoiStreet UC-51,Streetwear,Everyday,S,pink,38.4854099579497,23.7028712804244
989,HanoiStreet UC-52,Streetwear,Everyday,M,yellow,5262.47126582278,2638.60309268354
990,HanoiStreet UC-53,Streetwear,Everyday,L,red,5403.0940034662,3895.09046709878
991,HanoiStreet UC-54,Streetwear,Everyday,XL,black,26.0428829618411,14.3941514051629
992,HanoiStreet UC-55,Streetwear,Everyday,S,orange,3453.45609958506,2504.79170902904
993,HanoiStreet UC-56,Streetwear,Everyday,M,blue,4262.35383419689,3732.11701722279
994,HanoiStreet UC-57,Streetwear,Everyday,L,white,5821.2,3037.50216
995,HanoiStreet UC-58,Streetwear,Everyday,XL,purple,7071.58782178217,6718.00843069306
996,HanoiStreet UC-59,Streetwear,Everyday,S,green,8557.10595505618,6923.55442823595
997,HanoiStreet UC-60,Streetwear,Everyday,M,silver,9456.745,7530.4060435
998,HanoiStreet UC-61,Streetwear,Everyday,L,pink,8613.57,5197.428138
999,HanoiStreet UC-62,Streetwear,Everyday,XL,yellow,9245.03086956521,5388.92849386956
1000,HanoiStreet YY-01,GenZ,Trendy,S,red,1188.34812051649,915.384557233859
1001,HanoiStreet YY-02,GenZ,Trendy,M,black,4904.03110581506,3874.67497670448
1002,HanoiStreet YY-03,GenZ,Trendy,L,orange,3419.9325,2547.50771925
1003,HanoiStreet YY-04,GenZ,Trendy,XL,blue,1038.87,986.926499999999
1004,HanoiStreet YY-05,GenZ,Trendy,S,white,21.605584614646,12.3163169330605
1005,HanoiStreet YY-06,GenZ,Trendy,M,purple,1402.41291044776,811.01538611194
1006,HanoiStreet YY-07,GenZ,Trendy,L,green,1119.50999999999,619.760736
1007,HanoiStreet YY-08,GenZ,Trendy,XL,silver,5436.61213483146,5164.78152808988
1008,HanoiStreet YY-09,GenZ,Trendy,S,pink,3261.76588688946,2694.21862257069
1009,HanoiStreet YY-10,GenZ,Trendy,M,yellow,1383.87549225663,862.569594323562
1010,HanoiStreet YY-11,GenZ,Trendy,L,red,31.2821674761252,18.7430064060204
1011,HanoiStreet YY-12,GenZ,Trendy,XL,black,3527.37,2848.351275
1012,HanoiStreet YY-13,GenZ,Trendy,S,orange,2141.37,1752.28307099999
1013,HanoiStreet YY-14,GenZ,Trendy,M,blue,1259.37,1196.4015
1014,HanoiStreet YY-15,GenZ,Trendy,L,white,1038.87,951.397146
1015,HanoiStreet YY-16,GenZ,Trendy,XL,purple,34.7478692187497,19.3344404451285
1016,HanoiStreet YY-17,GenZ,Trendy,S,green,40.6815850230649,24.742423669483
1017,HanoiStreet YY-18,GenZ,Trendy,M,silver,3407.94149853085,1959.90715580509
1018,HanoiStreet YY-19,GenZ,Trendy,L,pink,44.0200825436187,25.3951565856824
1019,HanoiStreet YY-20,GenZ,Trendy,XL,yellow,2834.37,2542.996764
1020,HanoiStreet YY-21,GenZ,Trendy,S,red,21.118367580584,13.2994167947708
1021,HanoiStreet YY-22,GenZ,Trendy,M,black,17.9278313916662,10.4167189524133
1022,HanoiStreet YY-23,GenZ,Trendy,L,orange,1889.37,1779.78653999999
1023,HanoiStreet YY-24,GenZ,Trendy,XL,blue,3842.37,2315.412162
1024,HanoiStreet YY-25,GenZ,Trendy,S,white,55.2059495268955,32.8763582971761
1025,HanoiStreet YY-26,GenZ,Trendy,M,purple,37.8233109667783,20.8467737611827
1026,HanoiStreet YY-27,GenZ,Trendy,L,green,2172.87,1809.566136
1027,MekongStyle UM-01,Streetwear,Balanced,XL,silver,14736.2840625,13999.469859375
1028,MekongStyle UM-02,Streetwear,Balanced,S,pink,13423.9773298429,12210.4497792251
1029,MekongStyle UC-01,Streetwear,Everyday,M,yellow,14486.85,13762.5075
1030,MekongStyle UC-02,Streetwear,Everyday,L,red,29.4685177945013,16.8618038473562
1031,MekongStyle UC-03,Streetwear,Everyday,XL,black,12596.85,11885.127975
1032,MekongStyle UC-04,Streetwear,Everyday,S,orange,26.0317606272693,14.9189967241756
1033,MekongStyle UC-05,Streetwear,Everyday,M,blue,12136.3932558139,8029.43777804651
1034,MekongStyle UC-06,Streetwear,Everyday,L,white,10885.35,10341.0825
1035,MekongStyle UC-07,Streetwear,Everyday,XL,purple,14486.85,12723.800355
1036,MekongStyle UC-08,Streetwear,Everyday,S,green,69.4711302234864,42.8768364515938
1037,MekongStyle UC-09,Streetwear,Everyday,M,silver,17006.85,13571.4662999999
1038,MekongStyle UC-10,Streetwear,Everyday,L,pink,32.9371470371606,18.180351758458
1039,MekongStyle UC-11,Streetwear,Everyday,XL,yellow,21.6913947894699,12.1560931694883
1040,MekongStyle UC-12,Streetwear,Everyday,S,red,13324.9781538461,9943.0986984
1041,MekongStyle UC-13,Streetwear,Everyday,M,black,11954.9632075471,6095.8357395283
1042,MekongStyle UC-14,Streetwear,Everyday,L,orange,14486.85,11301.191685
1043,MekongFit MA-01,Casual,All-weather,XL,blue,4535.03710700132,2953.21616407926
1044,MekongFit MA-02,Casual,All-weather,S,white,3432.87,3261.2265
1045,MekongFit MA-03,Casual,All-weather,M,purple,2541.87,1871.578881
1046,MekongFit MA-04,Casual,All-weather,L,green,1243.62,1007.580924
1047,MekongFit MA-05,Casual,All-weather,XL,silver,2653.82121951219,1379.98703414634
1048,MekongFit MA-06,Casual,All-weather,S,pink,1700.37,1294.321644
1049,MekongFit MA-07,Casual,All-weather,M,yellow,3141.30033707865,2842.56267502247
1050,MekongFit MA-08,Casual,All-weather,L,red,3375.73046511627,2155.40390197674
1051,MekongFit MA-09,Casual,All-weather,XL,black,38.8879599102423,24.4792301374397
1052,MekongFit MA-10,Casual,All-weather,S,orange,2991.8146397188,2762.64163831634
1053,MekongFit MA-11,Casual,All-weather,M,blue,3460.89190003815,3287.84730503624
1054,MekongFit MA-12,Casual,All-weather,L,white,2960.37,2812.3515
1055,MekongFit RP-01,Outdoor,Activewear,XL,purple,755.37,717.6015
1056,MekongFit RP-02,Outdoor,Activewear,S,green,755.37,662.686101
1057,MekongFit RP-03,Outdoor,Activewear,M,silver,1607.82263157894,1036.88481510526
1058,MekongFit RP-04,Outdoor,Activewear,L,pink,1607.82263157894,1527.4315
1059,MekongFit RP-05,Outdoor,Activewear,XL,yellow,1979.36066390041,1058.36414698755
1060,MekongFit RP-06,Outdoor,Activewear,S,red,1979.36066390041,1361.80013676348
1061,MekongFit RP-07,Outdoor,Activewear,M,black,1800.49566528681,1624.22713965523
1062,MekongFit RP-08,Outdoor,Activewear,L,orange,1800.49566528681,1710.47088202247
1063,MekongFit RP-09,Outdoor,Activewear,XL,blue,1960.245,1862.23275
1064,MekongFit RP-10,Outdoor,Activewear,S,white,1960.245,1605.832704
1065,MekongFit RP-11,Outdoor,Activewear,M,purple,3731.97491299897,2473.17977484442
1066,MekongFit RP-12,Outdoor,Activewear,L,green,3731.97491299897,3311.00814281269
1067,MekongFit RP-13,Outdoor,Activewear,XL,silver,4881.87,4623.619077
1068,MekongFit RP-14,Outdoor,Activewear,S,pink,4881.87,4637.7765
1069,MekongFit RP-15,Outdoor,Activewear,M,yellow,1889.37,1137.589677
1070,MekongFit RP-16,Outdoor,Activewear,L,red,1889.37,1530.767574
1071,MekongFit RP-17,Outdoor,Activewear,XL,black,53.5430267431575,32.2927071330276
1072,MekongFit RP-18,Outdoor,Activewear,S,orange,28.1281217744937,18.1049628727272
1073,MekongFit RP-19,Outdoor,Activewear,M,blue,2834.37,2692.6515
1074,MekongFit RP-20,Outdoor,Activewear,L,white,2834.37,2536.477713
1075,MekongFit RP-21,Outdoor,Activewear,XL,purple,3114.10880597014,1652.03472156716
1076,MekongFit RP-22,Outdoor,Activewear,S,green,3114.10880597014,2258.66311697014
1077,MekongFit RP-23,Outdoor,Activewear,M,silver,4317.59935779816,4101.71938990825
1078,MekongFit RP-24,Outdoor,Activewear,L,pink,4317.59935779816,3338.36782344954
1079,MekongFit RP-25,Outdoor,Activewear,XL,yellow,3149.37,2125.82475
1080,MekongFit RP-26,Outdoor,Activewear,S,red,3149.37,2653.974099
1081,MekongFit RP-27,Outdoor,Activewear,M,black,2782.7306557377,2487.20466009836
1082,MekongFit RP-28,Outdoor,Activewear,L,orange,2782.7306557377,2043.91566663934
1083,MekongFit RP-29,Outdoor,Activewear,XL,blue,14.6545400126499,8.11765315605404
1084,MekongFit RP-30,Outdoor,Activewear,S,white,22.1262674611541,12.4396307653392
1085,MekongFit RP-31,Outdoor,Activewear,M,purple,1139.50059606567,895.87536862683
1086,MekongFit RP-32,Outdoor,Activewear,L,green,1139.50059606567,846.307092697973
1087,MekongFit RP-33,Outdoor,Activewear,XL,silver,3432.87,2542.726809
1088,MekongFit RP-34,Outdoor,Activewear,S,pink,3432.87,2650.17564
1089,MekongFit RP-35,Outdoor,Activewear,M,yellow,4610.96999999999,2548.022022
1090,MekongFit RP-36,Outdoor,Activewear,L,red,4610.96999999999,4380.4215
1091,MekongFit RP-37,Outdoor,Activewear,XL,black,2116.288125,1165.228241625
1092,MekongFit RP-38,Outdoor,Activewear,S,orange,2116.288125,1846.673017875
1093,MekongFit RP-39,Outdoor,Activewear,M,blue,711.027992565055,525.023069710037
1094,MekongFit RP-40,Outdoor,Activewear,L,white,711.027992565055,608.213344840148
1095,MekongFit RP-41,Outdoor,Activewear,XL,purple,1480.69352941176,1383.11582582352
1096,MekongFit RP-42,Outdoor,Activewear,S,green,1480.69352941176,873.757251705882
1097,MekongFit RP-43,Outdoor,Activewear,M,silver,3724.0142159383,3064.11889687403
1098,MekongFit RP-44,Outdoor,Activewear,L,pink,3724.0142159383,3151.63323094858
1099,MekongFit RP-45,Outdoor,Activewear,XL,yellow,497.07,249.280605
1100,MekongFit RP-46,Outdoor,Activewear,S,red,497.07,346.308669
1101,MekongFit RP-47,Outdoor,Activewear,M,black,2676.87,1384.744851
1102,MekongFit RP-48,Outdoor,Activewear,L,orange,2676.87,2543.0265
1103,MekongFit RP-49,Outdoor,Activewear,XL,blue,1792.70235724743,1145.89534675256
1104,MekongFit RP-50,Outdoor,Activewear,S,white,1792.70235724743,1703.06723938506
1105,MekongFit RP-51,Outdoor,Activewear,M,purple,3028.62,2877.189
1106,MekongFit RP-52,Outdoor,Activewear,L,green,3028.62,2278.430826
1107,MekongFit RP-53,Outdoor,Activewear,XL,silver,1920.87,1824.8265
1108,MekongFit RP-54,Outdoor,Activewear,S,pink,1920.87,1074.15050399999
1109,MekongFit RP-55,Outdoor,Activewear,M,yellow,2555.28666666666,2320.71135066666
1110,MekongFit RP-56,Outdoor,Activewear,L,red,2555.28666666666,2427.52233333333
1111,MekongFit RP-57,Outdoor,Activewear,XL,black,1422.87402684563,1286.27812026845
1112,MekongFit RP-58,Outdoor,Activewear,S,orange,1422.87402684563,1014.22460633557
1113,MekongFit RS-01,Outdoor,Premium,M,blue,1870.89471910112,1564.62925358426
1114,MekongFit RS-02,Outdoor,Premium,L,white,2070.64397260274,1556.50307420547
1115,MekongFit RS-03,Outdoor,Premium,XL,purple,4828.92511669658,4587.47886086175
1116,MekongFit RS-04,Outdoor,Premium,S,green,3151.46430122116,1908.21163438941
1117,MekongFit RS-05,Outdoor,Premium,M,silver,3681.73843902439,2838.9885103317
1118,MekongFit RS-06,Outdoor,Premium,L,pink,4700.35203592814,4323.85383785029
1119,MekongFit RS-07,Outdoor,Premium,XL,yellow,3527.37,3177.454896
1120,MekongFit RS-08,Outdoor,Premium,S,red,2225.38025390625,2045.79206741601
1121,MekongFit RS-09,Outdoor,Premium,M,black,1007.37,957.0015
1122,MekongFit RS-10,Outdoor,Premium,L,orange,1500.45,1425.4275
1123,MekongFit RS-11,Outdoor,Premium,XL,blue,3137.21645669291,1940.36837846456
1124,MekongFit UM-01,Streetwear,Balanced,S,white,8199.46365325077,7789.49047058823
1125,MekongFit UM-02,Streetwear,Balanced,M,purple,11760.3675,9002.56132125
1126,MekongFit UM-03,Streetwear,Balanced,L,green,8742.78176470588,6289.55720152941
1127,MekongFit UM-04,Streetwear,Balanced,XL,silver,9359.50953488372,8891.53405813953
1128,MekongFit UM-05,Streetwear,Balanced,S,pink,11024.37,6125.139972
1129,MekongFit UM-06,Streetwear,Balanced,M,yellow,5529.82460277427,3583.32634259772
1130,MekongFit UM-07,Streetwear,Balanced,L,red,11780.37,10067.504202
1131,MekongFit UM-08,Streetwear,Balanced,XL,black,5230.89963671128,3135.92433220841
1132,MekongFit UM-09,Streetwear,Balanced,S,orange,7701.12,4741.579584
1133,MekongFit UM-10,Streetwear,Balanced,M,blue,7748.37,4407.272856
1134,MekongFit UM-11,Streetwear,Balanced,L,white,11011.5702881844,8816.96432974928
1135,MekongFit UM-12,Streetwear,Balanced,XL,purple,11528.37,10951.9515
1136,MekongFit UM-13,Streetwear,Balanced,S,green,9134.37,8677.6515
1137,MekongFit UM-14,Streetwear,Balanced,M,silver,9511.97335781742,5349.53381643651
1138,MekongFit UM-15,Streetwear,Balanced,L,pink,2691.99,1457.981784
1139,MekongFit UM-16,Streetwear,Balanced,XL,yellow,8189.17615384615,6091.92814084615
1140,MekongFit UM-17,Streetwear,Balanced,S,red,9570.26189189189,5120.09011216216
1141,MekongFit UM-18,Streetwear,Balanced,M,black,10507.8482608695,9982.45584782608
1142,MekongFit UM-19,Streetwear,Balanced,L,orange,8326.33408839779,7398.78047095027
1143,MekongFit UM-20,Streetwear,Balanced,XL,blue,6625.84422680412,6294.55201546391
1144,MekongFit UR-01,Streetwear,Standard,S,white,4987.52172413793,4154.10684403448
1145,MekongFit UR-02,Streetwear,Standard,M,purple,4040.82,3302.966268
1146,MekongFit UR-03,Streetwear,Standard,L,green,63.6223307774044,35.5743425106422
1147,MekongFit UR-04,Streetwear,Standard,XL,silver,18.689155742208,11.9189359301535
1148,MekongFit UR-05,Streetwear,Standard,S,pink,3768.46615384615,2211.7127856923
1149,MekongFit UR-06,Streetwear,Standard,M,yellow,440.37,418.3515
1150,MekongFit UR-07,Streetwear,Standard,L,red,5337.0,4708.8351
1151,MekongFit UR-08,Streetwear,Standard,XL,black,27.7707193634665,16.0114860744721
1152,MekongFit UR-09,Streetwear,Standard,S,orange,34.8933487534195,19.64326274609
1153,MekongFit UR-10,Streetwear,Standard,M,blue,4436.40862660944,3930.2144023133
1154,MekongFit UR-11,Streetwear,Standard,L,white,58.9393716037478,37.6548797162128
1155,MekongFit UR-12,Streetwear,Standard,XL,purple,5890.3127027027,5044.46379859459
1156,MekongFit UR-13,Streetwear,Standard,S,green,4125.13744186046,2224.27410865116
1157,MekongFit UR-14,Streetwear,Standard,M,silver,4556.37,2443.125594
1158,MekongFit UR-15,Streetwear,Standard,L,pink,18.6464380678132,12.0374905849126
1159,MekongFit UR-16,Streetwear,Standard,XL,yellow,52.7342685249232,33.5502146158706
1160,MekongFit UR-17,Streetwear,Standard,S,red,33.2512787300116,20.9799477652165
1161,MekongFit UR-18,Streetwear,Standard,M,black,22.3627480181823,13.7648125403968
1162,MekongFit UR-19,Streetwear,Standard,L,orange,39.8388031044174,24.105891540061
1163,MekongFit UR-20,Streetwear,Standard,XL,blue,35.8600505645147,20.0349627713697
1164,MekongFit UR-21,Streetwear,Standard,S,white,26.0472774206948,15.3899119968048
1165,MekongFit UE-01,Streetwear,Performance,M,purple,6929.37,6582.9015
1166,MekongFit UE-02,Streetwear,Performance,L,green,6410.83153846153,4801.07173915384
1167,MekongFit UE-03,Streetwear,Performance,XL,silver,3123.12,1696.166472
1168,MekongFit UE-04,Streetwear,Performance,S,pink,4290.57664206642,4000.10460339852
1169,MekongFit UE-05,Streetwear,Performance,M,yellow,5039.37,4378.708593
1170,MekongFit UE-06,Streetwear,Performance,L,red,5606.37,3703.568022
1171,MekongFit UE-07,Streetwear,Performance,XL,black,4297.00636363636,3953.67555518181
1172,MekongFit UE-08,Streetwear,Performance,S,orange,5704.61125132555,3429.04182317179
1173,MekongFit UE-09,Streetwear,Performance,M,blue,6051.28420118343,5634.35071972189
1174,MekongFit UE-10,Streetwear,Performance,L,white,6929.37,6582.9015
1175,MekongFit UE-11,Streetwear,Performance,XL,purple,7960.85254101809,7562.80991396718
1176,MekongFit UE-12,Streetwear,Performance,S,green,7474.80850267379,7035.28976271657
1177,MekongFit UE-13,Streetwear,Performance,M,silver,3193.26240080699,3033.59928076664
1178,MekongFit UE-14,Streetwear,Performance,L,pink,7106.04180277349,3850.76405292295
1179,MekongFit UE-15,Streetwear,Performance,XL,yellow,7152.32853658536,6404.19497165853
1180,MekongFit UE-16,Streetwear,Performance,S,red,6400.83170678337,3691.35964530196
1181,MekongFit UE-17,Streetwear,Performance,M,black,5039.37,2798.362161
1182,MekongFit UE-18,Streetwear,Performance,L,orange,2220.56762282091,2109.53924167987
1183,MekongFit UE-19,Streetwear,Performance,XL,blue,7901.32826306914,4835.61289699831
1184,MekongFit UE-20,Streetwear,Performance,S,white,7559.37,5095.771317
1185,MekongFit UE-21,Streetwear,Performance,M,purple,14.9539044679011,8.61029023848727
1186,MekongFit UE-22,Streetwear,Performance,L,green,4625.50017751479,2901.11371133727
1187,MekongFit UE-23,Streetwear,Performance,XL,silver,5444.79986425339,5172.55987104072
1188,MekongFit UE-24,Streetwear,Performance,S,pink,5589.40846153846,5309.93803846153
1189,MekongFit UE-25,Streetwear,Performance,M,yellow,2618.91,2284.475193
1190,MekongFit UE-26,Streetwear,Performance,L,red,2330.37,1277.974908
1191,MekongFit UE-27,Streetwear,Performance,XL,black,3202.14835051546,2351.65774861855
1192,MekongFit UE-28,Streetwear,Performance,S,orange,4031.37,3140.43723
1193,MekongFit UE-29,Streetwear,Performance,M,blue,30.3298156901394,17.1040630337697
1194,MekongFit UE-30,Streetwear,Performance,L,white,9476.44438016528,7068.47986316529
1195,MekongFit UE-31,Streetwear,Performance,XL,purple,3527.37,2364.748848
1196,MekongFit UE-32,Streetwear,Performance,S,green,5291.37,2884.325787
1197,MekongFit UE-33,Streetwear,Performance,M,silver,5291.37,3505.003488
1198,MekongFit UE-34,Streetwear,Performance,L,pink,5574.10170731707,5295.39662195122
1199,MekongFit UC-01,Streetwear,Everyday,XL,yellow,1637.37,1262.248533
1200,MekongFit UC-02,Streetwear,Everyday,S,red,1243.935,895.2600195
1201,MekongFit UC-03,Streetwear,Everyday,M,black,6929.37,6443.621163
1202,MekongFit UC-04,Streetwear,Everyday,L,orange,7253.09891566265,6218.08170039759
1203,MekongFit UC-05,Streetwear,Everyday,XL,blue,3885.70444816053,3634.68794080936
1204,MekongFit UC-06,Streetwear,Everyday,S,white,4808.37,4567.9515
1205,MekongFit UC-07,Streetwear,Everyday,M,purple,4409.37,3289.39002
1206,MekongFit UC-08,Streetwear,Everyday,L,green,6110.37,5286.081087
1207,MekongFit UC-09,Streetwear,Everyday,XL,silver,8323.85076923077,7907.65823076923
1208,MekongFit UC-10,Streetwear,Everyday,S,pink,46.0173254060953,28.9905288531712
1209,MekongFit UC-11,Streetwear,Everyday,M,yellow,20.3211565924773,11.5394595294982
1210,MekongFit UC-12,Streetwear,Everyday,L,red,7044.87,6692.62649999999
1211,MekongFit UC-13,Streetwear,Everyday,XL,black,8670.87,8237.3265
1212,MekongFit UC-14,Streetwear,Everyday,S,orange,4947.39185658153,3803.06012015422
1213,MekongFit UC-15,Streetwear,Everyday,M,blue,6198.43451612903,4649.44573054838
1214,MekongFit UC-16,Streetwear,Everyday,L,white,8189.37,4614.709995
1215,MekongFit UC-17,Streetwear,Everyday,XL,purple,4138.55297271872,2641.63836248635
1216,MekongFit UC-18,Streetwear,Everyday,S,green,36.0009539962887,22.1504729579619
1217,MekongFit UC-19,Streetwear,Everyday,M,silver,7001.42666316894,5863.69483040398
1218,MekongFit UC-20,Streetwear,Everyday,L,pink,15.1217174225444,8.67711785338989
1219,MekongFit UC-21,Streetwear,Everyday,XL,yellow,19.4670945345801,10.9004854933687
1220,MekongFit UC-22,Streetwear,Everyday,S,red,7693.69075471698,5870.28604584905
1221,MekongFit UC-23,Streetwear,Everyday,M,black,9335.13,8663.00064
1222,MekongFit UC-24,Streetwear,Everyday,L,orange,35.8285296755621,20.5769415277087
1223,MekongFit UC-25,Streetwear,Everyday,XL,blue,4751.00470820535,4513.45447279508
1224,MekongFit UC-26,Streetwear,Everyday,S,white,44.4954364397725,27.6862482777682
1225,MekongFit UC-27,Streetwear,Everyday,M,purple,2511.495,2353.773114
1226,MekongFit UC-28,Streetwear,Everyday,L,green,6689.09627737226,5573.35501830656
1227,MekongFit UC-29,Streetwear,Everyday,XL,silver,3803.99618595825,3196.49799506072
1228,MekongFit UC-30,Streetwear,Everyday,S,pink,1644.43171284634,1030.23646809823
1229,MekongFit UC-31,Streetwear,Everyday,M,yellow,3180.58328883495,2331.04949238713
1230,MekongFit UC-32,Streetwear,Everyday,L,red,5786.59535211267,3670.43743184507
1231,MekongFit UC-33,Streetwear,Everyday,XL,black,9063.75461538461,7768.54408084615
1232,MekongFit UC-34,Streetwear,Everyday,S,orange,4566.72616438356,4338.38985616438
1233,VietMode MP-01,Casual,Activewear,M,blue,30.1934854615152,17.7531226470665
1234,VietMode MP-02,Casual,Activewear,L,white,43.7496033258746,27.8393322998957
1235,VietMode MP-03,Casual,Activewear,XL,purple,5794.74,5505.003
1236,VietMode MP-04,Casual,Activewear,S,green,5794.74,4156.567002
1237,VietMode MP-05,Casual,Activewear,M,silver,69.3788758058747,41.7597127636368
1238,VietMode MP-06,Casual,Activewear,L,pink,51.9678891669195,31.0725461125515
1239,VietMode MP-07,Casual,Activewear,XL,yellow,5669.37,3362.503347
1240,VietMode MP-08,Casual,Activewear,S,red,5669.37,5385.9015
1241,VietMode MP-09,Casual,Activewear,M,black,4786.74,4467.943116
1242,VietMode MP-10,Casual,Activewear,L,orange,4786.74,3972.515526
1243,VietMode MP-11,Casual,Activewear,XL,blue,5794.74,3022.536384
1244,VietMode MP-12,Casual,Activewear,S,white,5794.74,4177.428066
1245,VietMode MP-13,Casual,Activewear,M,purple,6110.37,3479.855715
1246,VietMode MP-14,Casual,Activewear,L,green,6110.37,4080.505086
1247,VietMode MP-15,Casual,Activewear,XL,silver,5983.74,5684.553
1248,VietMode MP-16,Casual,Activewear,S,pink,5983.74,4605.684678
1249,VietMode MP-17,Casual,Activewear,M,yellow,4976.37,3661.613046
1250,VietMode MP-18,Casual,Activewear,L,red,4976.37,3635.735922
1251,VietMode MP-19,Casual,Activewear,XL,black,5164.74,3167.018568
1252,VietMode MP-20,Casual,Activewear,S,orange,5164.74,2973.857292
1253,VietMode MP-21,Casual,Activewear,M,blue,5353.74,4589.225928
1254,VietMode MP-22,Casual,Activewear,L,white,5353.74,5086.053
1255,VietMode MP-23,Casual,Activewear,XL,purple,29.7385601057259,16.4324638696712
1256,VietMode MP-24,Casual,Activewear,S,green,21.2719570851152,12.4254773112785
1257,VietMode MP-25,Casual,Activewear,M,silver,92.6977241250359,54.5080751271456
1258,VietMode MP-26,Casual,Activewear,L,pink,33.9092342349947,20.0024563388156
1259,VietMode MP-27,Casual,Activewear,XL,yellow,4603.34,2585.235744
1260,VietMode MP-28,Casual,Activewear,S,red,4603.34,2553.933032
1261,VietMode MP-29,Casual,Activewear,M,black,5983.87643312101,4653.66070203821
1262,VietMode MP-30,Casual,Activewear,L,orange,5983.87643312101,5684.68261146496
1263,VietMode MP-31,Casual,Activewear,XL,blue,5984.37,5685.1515
1264,VietMode MP-32,Casual,Activewear,S,white,5984.37,3719.884392
1265,VietMode MA-01,Casual,All-weather,M,purple,10394.37,7885.169082
1266,VietMode MA-02,Casual,All-weather,L,green,18.7482144052376,11.5307624629672
1267,VietMode MA-03,Casual,All-weather,XL,silver,25.5687485581122,14.5730167824093
1268,VietMode MA-04,Casual,All-weather,S,pink,21.485553918957,13.2785627134218
1269,VietMode MA-05,Casual,All-weather,M,yellow,65.0305171302383,36.2362944088207
1270,VietMode MA-06,Casual,All-weather,L,red,47.1180381259686,26.0593495460416
1271,VietMode MA-07,Casual,All-weather,XL,black,5605.74,5325.453
1272,VietMode MA-08,Casual,All-weather,S,orange,6296.41026845637,5981.58975503355
1273,VietMode MA-09,Casual,All-weather,M,blue,5983.74,3856.52043
1274,VietMode MA-10,Casual,All-weather,L,white,33.010013125051,19.0061187719636
1275,VietMode MA-11,Casual,All-weather,XL,purple,9196.74,8009.440866
1276,VietMode MA-12,Casual,All-weather,S,green,59.858153534928,35.6911600415388
1277,VietMode MA-13,Casual,All-weather,M,silver,5525.71297297297,2933.04844605405
1278,VietMode MA-14,Casual,All-weather,L,pink,9764.37,6568.491699
1279,VietMode MA-15,Casual,All-weather,XL,yellow,6613.74,4749.988068
1280,VietMode MA-16,Casual,All-weather,S,red,5373.01285714285,5104.36221428571
1281,VietMode MA-17,Casual,All-weather,M,black,4724.37,4488.1515
1282,VietMode MA-18,Casual,All-weather,L,orange,34.1563093527604,21.7516685737407
1283,VietMode MA-19,Casual,All-weather,XL,blue,23.4644455338175,14.6117069467404
1284,VietMode MA-20,Casual,All-weather,S,white,60.9010021903396,38.0187083521247
1285,VietMode MA-21,Casual,All-weather,M,purple,4647.47684210526,3315.9747268421
1286,VietMode MA-22,Casual,All-weather,L,green,8311.69161290322,6208.83363483871
1287,VietMode MA-23,Casual,All-weather,XL,silver,8188.74,4307.27723999999
1288,VietMode MA-24,Casual,All-weather,S,pink,8377.74,7154.58995999999
1289,VietMode MA-25,Casual,All-weather,M,yellow,5669.37,5385.9015
1290,VietMode MA-26,Casual,All-weather,L,red,41.0817513768792,24.3429643951151
1291,VietMode MA-27,Casual,All-weather,XL,black,21.8696873395457,12.7848770494311
1292,VietMode MA-28,Casual,All-weather,S,orange,30.6877799698397,18.0169145752871
1293,VietMode MA-29,Casual,All-weather,M,blue,23.3302942541113,15.1358773339519
1294,VietMode MA-30,Casual,All-weather,L,white,8944.74,8497.50299999999
1295,VietMode MA-31,Casual,All-weather,XL,purple,5669.37,5385.9015
1296,VietMode MA-32,Casual,All-weather,S,green,19.046438098129,10.5519346771113
1297,VietMode MA-33,Casual,All-weather,M,silver,5858.37,2990.697885
1298,VietMode MA-34,Casual,All-weather,L,pink,4444.02,3357.45711
1299,VietMode MA-35,Casual,All-weather,XL,yellow,6504.1598275862,6178.95183620689
1300,VietMode MA-36,Casual,All-weather,S,red,5420.10913043478,3545.29338221739
1301,VietMode MA-37,Casual,All-weather,M,black,6171.25590604026,4382.20881887919
1302,VietMode MA-38,Casual,All-weather,L,orange,47.9649731752333,30.5394494917378
1303,VietMode MA-39,Casual,All-weather,XL,blue,9449.23378378378,6596.51010445946
1304,VietMode MA-40,Casual,All-weather,S,white,4895.00854838709,4420.68222004838
1305,VietMode MA-41,Casual,All-weather,M,purple,5114.97,3436.748343
1306,VietMode MA-42,Casual,All-weather,L,green,10583.37,8359.803963
1307,VietMode MA-43,Casual,All-weather,XL,silver,71.0772032632679,43.2055247586528
1308,VietMode MA-44,Casual,All-weather,S,pink,9126.56204819277,6083.7662613253
1309,VietMode RP-01,Outdoor,Activewear,M,yellow,3195.99,3036.1905
1310,VietMode RP-02,Outdoor,Activewear,L,red,3195.99,1813.724325
1311,VietMode RP-03,Outdoor,Activewear,XL,black,40.1086463310635,24.7574715302265
1312,VietMode RP-04,Outdoor,Activewear,S,orange,37.8437122077898,22.493357273435
1313,VietMode RP-05,Outdoor,Activewear,M,blue,3630.6347368421,2266.96832968421
1314,VietMode RP-06,Outdoor,Activewear,L,white,3630.6347368421,3449.103
1315,VietMode RP-07,Outdoor,Activewear,XL,purple,4409.278125,2546.799045
1316,VietMode RP-08,Outdoor,Activewear,S,green,4409.278125,4104.15607874999
1317,VietMode RP-09,Outdoor,Activewear,M,silver,3944.03545454545,3586.70584236363
1318,VietMode RP-10,Outdoor,Activewear,L,pink,3944.03545454545,2028.02303072727
1319,VietMode RP-11,Outdoor,Activewear,XL,yellow,4481.56302631578,2574.20980231578
1320,VietMode RP-12,Outdoor,Activewear,S,red,4481.56302631578,4257.48487499999
1321,VietMode RP-13,Outdoor,Activewear,M,black,50.1498727844164,31.9361523930098
1322,VietMode RP-14,Outdoor,Activewear,L,orange,27.0042278412291,15.3307046403023
1323,VietMode RP-15,Outdoor,Activewear,XL,blue,29.7268306201323,18.4087142775662
1324,VietMode RP-16,Outdoor,Activewear,S,white,22.3873152210593,14.1893384896768
1325,VietMode RP-17,Outdoor,Activewear,M,purple,4781.39094339622,2627.85246249056
1326,VietMode RP-18,Outdoor,Activewear,L,green,4781.39094339622,4542.32139622641
1327,VietMode RP-19,Outdoor,Activewear,XL,silver,27.7235628490251,17.8667667351309
1328,VietMode RP-20,Outdoor,Activewear,S,pink,38.5100866241495,23.8117417188036
1329,VietMode RP-21,Outdoor,Activewear,M,yellow,1652.25951219512,1569.64653658536
1330,VietMode RP-22,Outdoor,Activewear,L,red,1652.25951219512,846.61777404878
1331,VietMode RP-23,Outdoor,Activewear,XL,black,5140.90216216216,4883.85705405405
1332,VietMode RP-24,Outdoor,Activewear,S,orange,5140.90216216216,2764.77718281081
1333,VietMode RP-25,Outdoor,Activewear,M,blue,44.8263190921667,26.8831269622931
1334,VietMode RP-26,Outdoor,Activewear,L,white,22.8999303788103,14.0098275868804
1335,VietMode RP-27,Outdoor,Activewear,XL,purple,4912.74,3845.692872
1336,VietMode RP-28,Outdoor,Activewear,S,green,4912.74,4197.93633
1337,VietMode RP-29,Outdoor,Activewear,M,silver,46.8917788031118,29.8649283750212
1338,VietMode RP-30,Outdoor,Activewear,L,pink,56.9546389730875,34.5749386466321
1339,VietMode RP-31,Outdoor,Activewear,XL,yellow,2933.6415340909,1483.54252378977
1340,VietMode RP-32,Outdoor,Activewear,S,red,2933.6415340909,2571.33680463068
1341,VietMode RP-33,Outdoor,Activewear,M,black,3970.80782608695,3772.2674347826
1342,VietMode RP-34,Outdoor,Activewear,L,orange,3970.80782608695,3772.2674347826
1343,VietMode RP-35,Outdoor,Activewear,XL,blue,3883.17243243243,3069.25949059459
1344,VietMode RP-36,Outdoor,Activewear,S,white,3883.17243243243,2469.30934978378
1345,VietMode RP-37,Outdoor,Activewear,M,purple,3778.74,2908.874052
1346,VietMode RP-38,Outdoor,Activewear,L,green,3778.74,3499.868988
1347,VietMode RP-39,Outdoor,Activewear,XL,silver,3892.45086614173,3697.82832283464
1348,VietMode RP-40,Outdoor,Activewear,S,pink,3892.45086614173,3079.70712529133
1349,VietMode RP-41,Outdoor,Activewear,M,yellow,4740.94665745856,4172.50715322928
1350,VietMode RP-42,Outdoor,Activewear,L,red,4740.94665745856,4503.89932458563
1351,VietMode RP-43,Outdoor,Activewear,XL,black,3944.34,3610.254402
1352,VietMode RP-44,Outdoor,Activewear,S,orange,3944.34,3006.770382
1353,VietMode RP-45,Outdoor,Activewear,M,blue,4440.24,3652.0974
1354,VietMode RP-46,Outdoor,Activewear,L,white,4440.24,2478.54196799999
1355,VietMode RP-47,Outdoor,Activewear,XL,purple,39.0707443774241,21.6076339117629
1356,VietMode RP-48,Outdoor,Activewear,S,green,70.1557889098468,45.1168279172042
1357,VietMode RP-49,Outdoor,Activewear,M,silver,6070.51772727272,3428.62841236363
1358,VietMode RP-50,Outdoor,Activewear,L,pink,6070.51772727272,5023.35341931818
1359,VietMode RP-51,Outdoor,Activewear,XL,yellow,4629.24,2730.788676
1360,VietMode RP-52,Outdoor,Activewear,S,red,4629.24,4397.77799999999
1361,VietMode RP-53,Outdoor,Activewear,M,black,4524.5025,2532.36404925
1362,VietMode RP-54,Outdoor,Activewear,L,orange,4524.5025,4298.277375
1363,VietMode RP-55,Outdoor,Activewear,XL,blue,2455.74,2220.971256
1364,VietMode RP-56,Outdoor,Activewear,S,white,2455.74,1855.31157
1365,VietMode RP-57,Outdoor,Activewear,M,purple,24.300193672065,15.0406698788494
1366,VietMode RP-58,Outdoor,Activewear,L,green,20.1285281285607,12.4324123422049
1367,VietMode RP-59,Outdoor,Activewear,XL,silver,16.2568100410919,9.29186452091186
1368,VietMode RP-60,Outdoor,Activewear,S,pink,60.2448881384188,37.1041366211499
1369,VietMode RP-61,Outdoor,Activewear,M,yellow,5983.85307692307,5684.66042307692
1370,VietMode RP-62,Outdoor,Activewear,L,red,5983.85307692307,3805.73055692307
1371,VietMode RP-63,Outdoor,Activewear,XL,black,43.0234907285764,25.3574620612148
1372,VietMode RP-64,Outdoor,Activewear,S,orange,32.3872922590663,19.9221780181049
1373,VietMode RP-65,Outdoor,Activewear,M,blue,3841.74,3307.73814
1374,VietMode RP-66,Outdoor,Activewear,L,white,3841.74,3561.677154
1375,VietMode RP-67,Outdoor,Activewear,XL,purple,5807.16775280898,5516.80936516853
1376,VietMode RP-68,Outdoor,Activewear,S,green,5807.16775280898,3354.22009402247
1377,VietMode RP-69,Outdoor,Activewear,M,silver,37.0395940716024,20.7665929967283
1378,VietMode RP-70,Outdoor,Activewear,L,pink,21.1112142656645,12.9999591640291
1379,VietMode RP-71,Outdoor,Activewear,XL,yellow,3967.74,3426.540264
1380,VietMode RP-72,Outdoor,Activewear,S,red,3967.74,3769.353
1381,VietMode RP-73,Outdoor,Activewear,M,black,4473.83999999999,4250.14799999999
1382,VietMode RP-74,Outdoor,Activewear,L,orange,4473.83999999999,2538.9042
1383,VietMode RP-75,Outdoor,Activewear,XL,blue,4080.615,2290.041138
1384,VietMode RP-76,Outdoor,Activewear,S,white,4080.615,3104.1238305
1385,VietMode RP-77,Outdoor,Activewear,M,purple,4156.74,2845.28853
1386,VietMode RP-78,Outdoor,Activewear,L,green,4156.74,3322.482282
1387,VietMode RP-79,Outdoor,Activewear,XL,silver,4471.74,4248.15299999999
1388,VietMode RP-80,Outdoor,Activewear,S,pink,4471.74,4248.15299999999
1389,VietMode RP-81,Outdoor,Activewear,M,yellow,4912.74,3875.169312
1390,VietMode RP-82,Outdoor,Activewear,L,red,4912.74,3997.005264
1391,VietMode RP-83,Outdoor,Activewear,XL,black,2068.32027607361,1416.79938911042
1392,VietMode RP-84,Outdoor,Activewear,S,orange,2068.32027607361,1296.42314904294
1393,VietMode RP-85,Outdoor,Activewear,M,blue,4564.06758620689,2666.32828386206
1394,VietMode RP-86,Outdoor,Activewear,L,white,4564.06758620689,3732.95087875862
1395,VietMode RP-87,Outdoor,Activewear,XL,purple,4629.24,3204.359928
1396,VietMode RP-88,Outdoor,Activewear,S,green,4629.24,2849.29722
1397,VietMode RP-89,Outdoor,Activewear,M,silver,4178.16,3969.252
1398,VietMode RP-90,Outdoor,Activewear,L,pink,4178.16,3876.496848
1399,VietMode RP-91,Outdoor,Activewear,XL,yellow,88.0848709086755,57.2500019016582
1400,VietMode RP-92,Outdoor,Activewear,S,red,34.8721484802007,19.3478074018782
1401,VietMode RP-93,Outdoor,Activewear,M,black,4771.62,3444.155316
1402,VietMode RP-94,Outdoor,Activewear,L,orange,4771.62,4533.039
1403,VietMode RP-95,Outdoor,Activewear,XL,blue,34.5966867165779,22.4088766060211
1404,VietMode RP-96,Outdoor,Activewear,S,white,44.2699735626468,26.1498659258189
1405,VietMode RP-97,Outdoor,Activewear,M,purple,4692.24,4457.628
1406,VietMode RP-98,Outdoor,Activewear,L,green,4692.24,2373.804216
1407,VietMode RP-99,Outdoor,Activewear,XL,silver,5076.21058823529,4041.17124929411
1408,VietMode RP-00,Outdoor,Activewear,S,pink,5076.21058823529,4212.23954611764
1409,VietMode RP-01,Outdoor,Activewear,M,yellow,1233.54,878.033772
1410,VietMode RP-02,Outdoor,Activewear,L,red,1233.54,706.941774
1411,VietMode RP-03,Outdoor,Activewear,XL,black,3054.87,2843.778483
1412,VietMode RP-04,Outdoor,Activewear,S,orange,3054.87,1714.08755699999
1413,VietMode RP-05,Outdoor,Activewear,M,blue,4678.33459459459,4099.62460524324
1414,VietMode RP-06,Outdoor,Activewear,L,white,4678.33459459459,4444.41786486486
1415,VietMode RP-07,Outdoor,Activewear,XL,purple,5668.74,3382.537158
1416,VietMode RP-08,Outdoor,Activewear,S,green,5668.74,4769.677836
1417,VietMode RP-09,Outdoor,Activewear,M,silver,3778.74,1940.760864
1418,VietMode RP-10,Outdoor,Activewear,L,pink,3778.74,2748.277602
1419,VietMode RP-11,Outdoor,Activewear,XL,yellow,5669.15023255814,4481.46325883721
1420,VietMode RP-12,Outdoor,Activewear,S,red,5669.15023255814,5128.31330037209
1421,VietMode RP-13,Outdoor,Activewear,M,black,5164.74,3993.893442
1422,VietMode RP-14,Outdoor,Activewear,L,orange,5164.74,3624.098058
1423,VietMode RP-15,Outdoor,Activewear,XL,blue,4409.37,3329.515287
1424,VietMode RP-16,Outdoor,Activewear,S,white,4409.37,4188.9015
1425,VietMode RP-17,Outdoor,Activewear,M,purple,3680.23665551839,2233.53562623411
1426,VietMode RP-18,Outdoor,Activewear,L,green,3680.23665551839,1877.28871797993
1427,VietMode RP-19,Outdoor,Activewear,XL,silver,40.1412182404517,25.5729804606098
1428,VietMode RP-20,Outdoor,Activewear,S,pink,36.2179049964172,22.7534840612493
1429,VietMode RP-21,Outdoor,Activewear,M,yellow,3603.83210526315,2048.41816863157
1430,VietMode RP-22,Outdoor,Activewear,L,red,3603.83210526315,2923.06822057894
1431,VietMode RP-23,Outdoor,Activewear,XL,black,4093.74,2673.21222
1432,VietMode RP-24,Outdoor,Activewear,S,orange,4093.74,3889.053
1433,VietMode RP-25,Outdoor,Activewear,M,blue,4346.32946853146,4129.01299510489
1434,VietMode RP-26,Outdoor,Activewear,L,white,4346.32946853146,2982.88591425314
1435,VietMode RP-27,Outdoor,Activewear,XL,purple,4004.84336538461,3125.37976234615
1436,VietMode RP-28,Outdoor,Activewear,S,green,4004.84336538461,2924.73710974038
1437,VietMode RP-29,Outdoor,Activewear,M,silver,24.1385516954091,14.6448985652714
1438,VietMode RP-30,Outdoor,Activewear,L,pink,39.988317256032,24.9465086165184
1439,VietMode RP-31,Outdoor,Activewear,XL,yellow,4425.07333333333,2278.91276666666
1440,VietMode RP-32,Outdoor,Activewear,S,red,4425.07333333333,4203.81966666666
1441,VietMode RP-33,Outdoor,Activewear,M,black,5598.43156996587,3174.87054332764
1442,VietMode RP-34,Outdoor,Activewear,L,orange,5598.43156996587,3566.20091006825
1443,VietMode RP-35,Outdoor,Activewear,XL,blue,1348.77982300884,1048.81119037168
1444,VietMode RP-36,Outdoor,Activewear,S,white,1348.77982300884,1281.3408318584
1445,VietMode RP-37,Outdoor,Activewear,M,purple,70.3026714348262,44.8426683748095
1446,VietMode RP-38,Outdoor,Activewear,L,green,56.7223332954172,33.4896615147602
1447,VietMode RP-39,Outdoor,Activewear,XL,silver,1699.74,1614.753
1448,VietMode RP-40,Outdoor,Activewear,S,pink,1699.74,1242.50994
1449,VietMode RP-41,Outdoor,Activewear,M,yellow,1802.115,1575.769356
1450,VietMode RP-42,Outdoor,Activewear,L,red,1802.115,1309.056336
1451,VietMode RP-43,Outdoor,Activewear,XL,black,4603.79769230769,4373.6078076923
1452,VietMode RP-44,Outdoor,Activewear,S,orange,4603.79769230769,4373.6078076923
1453,VietMode RP-45,Outdoor,Activewear,M,blue,4981.02220858895,3912.59294484662
1454,VietMode RP-46,Outdoor,Activewear,L,white,4981.02220858895,4693.11912493251
1455,VietMode RP-47,Outdoor,Activewear,XL,purple,62.631894844101,36.4958128228118
1456,VietMode RP-48,Outdoor,Activewear,S,green,26.9912767219073,16.6471219777952
1457,VietMode RP-49,Outdoor,Activewear,M,silver,4912.74,4167.968616
1458,VietMode RP-50,Outdoor,Activewear,L,pink,4912.74,4573.269666
1459,VietMode RP-51,Outdoor,Activewear,XL,yellow,5669.05499999999,4710.984705
1460,VietMode RP-52,Outdoor,Activewear,S,red,5669.05499999999,3895.2076905
1461,VietMode RP-53,Outdoor,Activewear,M,black,22.2904441215024,14.0604687495887
1462,VietMode RP-54,Outdoor,Activewear,L,orange,31.4904785523547,19.7202355725413
1463,VietMode RP-55,Outdoor,Activewear,XL,blue,3275.37,2244.283524
1464,VietMode RP-56,Outdoor,Activewear,S,white,3275.37,2097.874485
1465,VietMode RP-57,Outdoor,Activewear,M,purple,2802.24,1672.096608
1466,VietMode RP-58,Outdoor,Activewear,L,green,2802.24,1524.138336
1467,VietMode RP-59,Outdoor,Activewear,XL,silver,5448.87,5056.55136
1468,VietMode RP-60,Outdoor,Activewear,S,pink,5448.87,2760.942429
1469,VietMode RP-61,Outdoor,Activewear,M,yellow,5963.98764705882,4995.43605317647
1470,VietMode RP-62,Outdoor,Activewear,L,red,5963.98764705882,5665.78826470588
1471,VietMode RP-63,Outdoor,Activewear,XL,black,3202.94930232558,2458.90417939534
1472,VietMode RP-64,Outdoor,Activewear,S,orange,3202.94930232558,2647.23759837209
1473,VietMode RP-65,Outdoor,Activewear,M,blue,4111.74,2674.68687
1474,VietMode RP-66,Outdoor,Activewear,L,white,4111.74,3318.996528
1475,VietMode RP-67,Outdoor,Activewear,XL,purple,33.8618822691226,21.3255824330524
1476,VietMode RP-68,Outdoor,Activewear,S,green,51.2992743774898,30.4491117057039
1477,VietMode RP-69,Outdoor,Activewear,M,silver,4030.73999999999,2267.694324
1478,VietMode RP-70,Outdoor,Activewear,L,pink,4030.73999999999,3829.20299999999
1479,VietMode RP-71,Outdoor,Activewear,XL,yellow,4469.56758620689,2982.54245027586
1480,VietMode RP-72,Outdoor,Activewear,S,red,4469.56758620689,3598.00190689655
1481,VietMode RP-73,Outdoor,Activewear,M,black,5051.4376744186,4798.86579069767
1482,VietMode RP-74,Outdoor,Activewear,L,orange,5051.4376744186,3821.91774446511
1483,VietMode RP-75,Outdoor,Activewear,XL,blue,984.432857142857,641.554893
1484,VietMode RP-76,Outdoor,Activewear,S,white,984.432857142857,935.211214285714
1485,VietMode RP-77,Outdoor,Activewear,M,purple,4230.24,2410.813776
1486,VietMode RP-78,Outdoor,Activewear,L,green,4230.24,4018.728
1487,VietMode RP-79,Outdoor,Activewear,XL,silver,6219.40846153846,5908.43803846153
1488,VietMode RP-80,Outdoor,Activewear,S,pink,6219.40846153846,5736.16042407692
1489,VietMode RP-81,Outdoor,Activewear,M,yellow,3248.54715976331,2722.28251988165
1490,VietMode RP-82,Outdoor,Activewear,L,red,3248.54715976331,3086.11980177514
1491,VietMode RP-83,Outdoor,Activewear,XL,black,3652.74,2082.0618
1492,VietMode RP-84,Outdoor,Activewear,S,orange,3652.74,2041.516386
1493,VietMode RP-85,Outdoor,Activewear,M,blue,4610.88523636363,3650.89893015272
1494,VietMode RP-86,Outdoor,Activewear,L,white,4610.88523636363,2685.84065018181
1495,VietMode RP-87,Outdoor,Activewear,XL,purple,4625.33931034482,4394.07234482758
1496,VietMode RP-88,Outdoor,Activewear,S,green,4625.33931034482,2817.29417393103
1497,VietMode RP-89,Outdoor,Activewear,M,silver,5669.37,5385.9015
1498,VietMode RP-90,Outdoor,Activewear,L,pink,5669.37,3994.071165
1499,VietMode RP-91,Outdoor,Activewear,XL,yellow,16.8274948711696,10.6313322869585
1500,VietMode RP-92,Outdoor,Activewear,S,red,61.0577493990352,34.3157316073007
1501,VietMode RP-93,Outdoor,Activewear,M,black,4400.33999999999,3290.134218
1502,VietMode RP-94,Outdoor,Activewear,L,orange,4400.33999999999,2938.107018
1503,VietMode RP-95,Outdoor,Activewear,XL,blue,4245.68117647058,3343.89849458823
1504,VietMode RP-96,Outdoor,Activewear,S,white,4245.68117647058,3142.65320682352
1505,VietMode RP-97,Outdoor,Activewear,M,purple,31.0872211911064,18.790636957554
1506,VietMode RP-98,Outdoor,Activewear,L,green,27.917328019886,15.3706070523454
1507,VietMode RP-99,Outdoor,Activewear,XL,silver,1537.08912,860.308780464
1508,VietMode RP-00,Outdoor,Activewear,S,pink,1537.08912,1460.23466399999
1509,VietMode RP-01,Outdoor,Activewear,M,yellow,22.0907341173259,12.866937691187
1510,VietMode RP-02,Outdoor,Activewear,L,red,17.0825475505868,10.0214108123129
1511,VietMode RP-03,Outdoor,Activewear,XL,black,4566.24,4337.928
1512,VietMode RP-04,Outdoor,Activewear,S,orange,4566.24,3794.54544
1513,VietMode RP-05,Outdoor,Activewear,M,blue,4848.65379310344,2439.35772331034
1514,VietMode RP-06,Outdoor,Activewear,L,white,4848.65379310344,4606.22110344827
1515,VietMode RP-07,Outdoor,Activewear,XL,purple,46.0288435455585,27.1394010339677
1516,VietMode RP-08,Outdoor,Activewear,S,green,34.1010162833227,21.1271728098122
1517,VietMode RP-09,Outdoor,Activewear,M,silver,2317.90116220735,1762.06846351003
1518,VietMode RP-10,Outdoor,Activewear,L,pink,2317.90116220735,2173.26412968561
1519,VietMode RP-11,Outdoor,Activewear,XL,yellow,2622.89026490066,2278.5047731192
1520,VietMode RP-12,Outdoor,Activewear,S,red,2622.89026490066,2491.74575165562
1521,VietMode RP-13,Outdoor,Activewear,M,black,6298.74,4021.74549
1522,VietMode RP-14,Outdoor,Activewear,L,orange,6298.74,5983.803
1523,VietMode RP-15,Outdoor,Activewear,XL,blue,4011.27450511945,3810.71077986348
1524,VietMode RP-16,Outdoor,Activewear,S,white,4011.27450511945,2500.22739904095
1525,VietMode RP-17,Outdoor,Activewear,M,purple,19.7670347801419,11.6399332792697
1526,VietMode RP-18,Outdoor,Activewear,L,green,19.7266101078417,11.7347559744479
1527,VietMode RP-19,Outdoor,Activewear,XL,silver,4448.66624999999,4226.23293749999
1528,VietMode RP-20,Outdoor,Activewear,S,pink,4448.66624999999,3015.750850875
1529,VietMode RP-21,Outdoor,Activewear,M,yellow,4668.84197260274,4435.3998739726
1530,VietMode RP-22,Outdoor,Activewear,L,red,4668.84197260274,3285.46409612054
1531,VietMode RP-23,Outdoor,Activewear,XL,black,5354.37,2882.257371
1532,VietMode RP-24,Outdoor,Activewear,S,orange,5354.37,5086.6515
1533,VietMode RP-25,Outdoor,Activewear,M,blue,28.9533559703721,16.6121157616923
1534,VietMode RP-26,Outdoor,Activewear,L,white,64.5608771280647,37.9182287261568
1535,VietMode RP-27,Outdoor,Activewear,XL,purple,29.8493618023584,17.0955343243836
1536,VietMode RP-28,Outdoor,Activewear,S,green,18.1513115308442,10.1160815434752
1537,VietMode RP-29,Outdoor,Activewear,M,silver,30.0151656130762,18.3196020341239
1538,VietMode RP-30,Outdoor,Activewear,L,pink,29.6929775612244,18.3152604220351
1539,VietMode RP-31,Outdoor,Activewear,XL,yellow,4534.74,4308.003
1540,VietMode RP-32,Outdoor,Activewear,S,red,4534.74,2815.620066
1541,VietMode RP-33,Outdoor,Activewear,M,black,4865.71701117318,4089.63514789106
1542,VietMode RP-34,Outdoor,Activewear,L,orange,4865.71701117318,4293.99526236033
1543,VietMode RP-35,Outdoor,Activewear,XL,blue,4093.74,2254.013244
1544,VietMode RP-36,Outdoor,Activewear,S,white,4093.74,3134.576718
1545,VietMode RP-37,Outdoor,Activewear,M,purple,4695.10363636363,2763.53800036363
1546,VietMode RP-38,Outdoor,Activewear,L,green,4695.10363636363,3569.68729472727
1547,VietMode RP-39,Outdoor,Activewear,XL,silver,4241.65304347826,3226.62547017391
1548,VietMode RP-40,Outdoor,Activewear,S,pink,4241.65304347826,3493.00128130434
1549,VietMode RP-41,Outdoor,Activewear,M,yellow,5038.74,4786.803
1550,VietMode RP-42,Outdoor,Activewear,L,red,5038.74,2568.245778
1551,VietMode RP-43,Outdoor,Activewear,XL,black,5038.74,4786.803
1552,VietMode RP-44,Outdoor,Activewear,S,orange,5038.74,4378.16118599999
1553,VietMode RP-45,Outdoor,Activewear,M,blue,11.2598729891755,6.89046840545539
1554,VietMode RP-46,Outdoor,Activewear,L,white,32.4040058788842,19.3241096054004
1555,VietMode RP-47,Outdoor,Activewear,XL,purple,3716.37,2789.878959
1556,VietMode RP-48,Outdoor,Activewear,S,green,3716.37,3061.173969
1557,VietMode RP-49,Outdoor,Activewear,M,silver,5479.74,3912.53436
1558,VietMode RP-50,Outdoor,Activewear,L,pink,5479.74,5205.753
1559,VietMode RP-51,Outdoor,Activewear,XL,yellow,4556.32333333333,4328.50716666666
1560,VietMode RP-52,Outdoor,Activewear,S,red,4556.32333333333,3423.16572033333
1561,VietMode RP-53,Outdoor,Activewear,M,black,4970.07,4721.5665
1562,VietMode RP-54,Outdoor,Activewear,L,orange,4970.07,2879.658558
1563,VietMode RS-01,Outdoor,Premium,XL,blue,3463.74,3132.260082
1564,VietMode RS-02,Outdoor,Premium,S,white,4112.82,3718.400562
1565,VietMode RS-03,Outdoor,Premium,M,purple,3747.24,2006.272296
1566,VietMode RS-04,Outdoor,Premium,L,green,4467.96,3904.103448
1567,VietMode RS-05,Outdoor,Premium,XL,silver,4999.05,4046.23107
1568,VietMode RS-06,Outdoor,Premium,S,pink,5303.07,3703.664088
1569,VietMode RS-07,Outdoor,Premium,M,yellow,5039.37,2522.708622
1570,VietMode RS-08,Outdoor,Premium,L,red,14.6480486537606,9.08540086617764
1571,VietMode RS-09,Outdoor,Premium,XL,black,29.7323972031188,18.0167881568789
1572,VietMode RS-10,Outdoor,Premium,S,orange,3873.24,2666.338416
1573,VietMode RS-11,Outdoor,Premium,M,blue,44.1245758312785,24.3116301569915
1574,VietMode RS-12,Outdoor,Premium,L,white,60.3972045049115,35.1901975173967
1575,VietMode RS-13,Outdoor,Premium,XL,purple,3356.79452830188,3188.95480188679
1576,VietMode RS-14,Outdoor,Premium,S,green,2706.40701219512,2571.08666158536
1577,VietMode RS-15,Outdoor,Premium,M,silver,5983.74,5684.553
1578,VietMode RS-16,Outdoor,Premium,L,pink,34.1116139779841,20.527385660996
1579,VietMode RS-17,Outdoor,Premium,XL,yellow,63.525806075255,35.4973723599089
1580,VietMode RS-18,Outdoor,Premium,S,red,19.0670061897543,11.1553939911308
1581,VietMode RS-19,Outdoor,Premium,M,black,16.7541673486057,9.27042108585161
1582,VietMode RS-20,Outdoor,Premium,L,orange,32.387771231975,18.0677724165471
1583,VietMode RS-21,Outdoor,Premium,XL,blue,5668.74,2943.209808
1584,VietMode RS-22,Outdoor,Premium,S,white,4358.77448275862,3938.15274517241
1585,VietMode RS-23,Outdoor,Premium,M,purple,5039.37,4674.519612
1586,VietMode RS-24,Outdoor,Premium,L,green,4661.37,3649.386573
1587,VietMode RS-25,Outdoor,Premium,XL,silver,38.614435358395,22.7706362662301
1588,VietMode RS-26,Outdoor,Premium,S,pink,3529.89,2537.637921
1589,VietMode RS-27,Outdoor,Premium,M,yellow,32.6851910018164,18.4106390279837
1590,VietMode RS-28,Outdoor,Premium,L,red,5246.28743119266,4392.71646613761
1591,VietMode RS-29,Outdoor,Premium,XL,black,14.4836895834066,8.78803781808601
1592,VietMode RS-30,Outdoor,Premium,S,orange,5868.39272727272,5574.97309090909
1593,VietMode RS-31,Outdoor,Premium,M,blue,31.955745234205,19.7788965689787
1594,VietMode RS-32,Outdoor,Premium,L,white,19.6526502068381,12.3823226495448
1595,VietMode RS-33,Outdoor,Premium,XL,purple,4408.74,2394.386694
1596,VietMode RS-34,Outdoor,Premium,S,green,4692.24,4457.628
1597,VietMode RS-35,Outdoor,Premium,M,silver,2063.38022346368,1049.43518165363
1598,VietMode RS-36,Outdoor,Premium,L,pink,43.287721191183,24.6746514520723
1599,VietMode RS-37,Outdoor,Premium,XL,yellow,38.3455812080791,21.7322913603389
1600,VietMode RS-38,Outdoor,Premium,S,red,22.7382399272334,12.743800824198
1601,VietMode RS-39,Outdoor,Premium,M,black,3793.49068965517,2490.04728868965
1602,VietMode RS-40,Outdoor,Premium,L,orange,4535.37,4308.6015
1603,VietMode RS-41,Outdoor,Premium,XL,blue,3621.24,2054.691576
1604,VietMode RS-42,Outdoor,Premium,S,white,26.9626677436724,16.5454529950666
1605,VietMode RS-43,Outdoor,Premium,M,purple,5118.75329842931,4862.81563350785
1606,VietMode RS-44,Outdoor,Premium,L,green,21.6783613720389,13.4546223645571
1607,VietMode RS-45,Outdoor,Premium,XL,silver,5235.27410958904,4973.51040410958
1608,VietMode RS-46,Outdoor,Premium,S,pink,5496.29696629213,5221.48211797752
1609,VietMode RS-47,Outdoor,Premium,M,yellow,32.2955148382789,17.8645422419434
1610,VietMode RS-48,Outdoor,Premium,L,red,48.5239227154899,31.2310265617218
1611,VietMode RS-49,Outdoor,Premium,XL,black,22.3250548013166,12.3948063162855
1612,VietMode RS-50,Outdoor,Premium,S,orange,6110.37,4649.99157
1613,VietMode RS-51,Outdoor,Premium,M,blue,40.512825630229,24.4749985012593
1614,VietMode RS-52,Outdoor,Premium,L,white,26.7864711614754,16.6318820544127
1615,VietMode RS-53,Outdoor,Premium,XL,purple,3167.8994117647,3009.50444117647
1616,VietMode RS-54,Outdoor,Premium,S,green,24.1154054627487,15.3638503609789
1617,VietMode RS-55,Outdoor,Premium,M,silver,4535.37,3411.958851
1618,VietMode RS-56,Outdoor,Premium,L,pink,31.7276282845675,19.7158240310686
1619,VietMode RS-57,Outdoor,Premium,XL,yellow,21.8872236374811,13.7927331856743
1620,VietMode RS-58,Outdoor,Premium,S,red,26.537007756013,15.496153505036
1621,VietMode RS-59,Outdoor,Premium,M,black,20.508692957401,12.9508809337512
1622,VietMode RS-60,Outdoor,Premium,L,orange,72.6671956125703,40.5491297082843
1623,VietMode RS-61,Outdoor,Premium,XL,blue,33.5858692605654,21.4775476155735
1624,VietMode RS-62,Outdoor,Premium,S,white,25.0308683397847,15.1376488540189
1625,VietMode RS-63,Outdoor,Premium,M,purple,4755.24,4200.779016
1626,VietMode RS-64,Outdoor,Premium,L,green,36.0747063374829,22.7894661897832
1627,VietMode RS-65,Outdoor,Premium,XL,silver,31.6604662181702,18.8453171966788
1628,VietMode RS-66,Outdoor,Premium,S,pink,30.3140760329803,18.6236881366709
1629,VietMode RS-67,Outdoor,Premium,M,yellow,2770.74,1718.690022
1630,VietMode RS-68,Outdoor,Premium,L,red,3274.74,1882.9755
1631,VietMode RS-69,Outdoor,Premium,XL,black,5700.87,5223.707181
1632,VietMode RS-70,Outdoor,Premium,S,orange,5039.37,4028.472378
1633,VietMode RS-71,Outdoor,Premium,M,blue,5228.37,4966.95149999999
1634,VietMode RS-72,Outdoor,Premium,L,white,4258.17,3702.904632
1635,VietMode RS-73,Outdoor,Premium,XL,purple,42.3372231929733,25.514115450678
1636,VietMode RS-74,Outdoor,Premium,S,green,44.8356276771281,27.9397227634115
1637,VietMode RS-75,Outdoor,Premium,M,silver,26.783861972995,14.9497607023038
1638,VietMode RS-76,Outdoor,Premium,L,pink,26.3027291494782,14.625243484094
1639,VietMode RS-77,Outdoor,Premium,XL,yellow,29.6653388186183,17.0489764662488
1640,VietMode RS-78,Outdoor,Premium,S,red,4786.74,4547.40299999999
1641,VietMode RS-79,Outdoor,Premium,M,black,13.187000504801,7.46324185535967
1642,VietMode RS-80,Outdoor,Premium,L,orange,18.0640463832321,11.5100193890837
1643,VietMode RS-81,Outdoor,Premium,XL,blue,5070.87,4513.0743
1644,VietMode RS-82,Outdoor,Premium,S,white,4566.87,3274.44579
1645,VietMode RS-83,Outdoor,Premium,M,purple,5039.37,2724.283422
1646,VietMode RS-84,Outdoor,Premium,L,green,5069.35916666666,3323.47186966666
1647,VietMode RS-85,Outdoor,Premium,XL,silver,57.21120134809,32.7203102983553
1648,VietMode RS-86,Outdoor,Premium,S,pink,63.9426818129378,41.4084191516302
1649,VietMode RS-87,Outdoor,Premium,M,yellow,29.9756559580117,17.4964780116897
1650,VietMode RS-88,Outdoor,Premium,L,red,5909.28428571428,4975.61736857142
1651,VietMode RS-89,Outdoor,Premium,XL,black,6002.08875,5701.9843125
1652,VietMode RS-90,Outdoor,Premium,S,orange,41.7050733812103,23.6973144634486
1653,VietMode RS-91,Outdoor,Premium,M,blue,4849.74,4297.839588
1654,VietMode RS-92,Outdoor,Premium,L,white,37.5059678063518,23.5901229720544
1655,VietMode RS-93,Outdoor,Premium,XL,purple,3401.37,2796.266277
1656,VietMode RS-94,Outdoor,Premium,S,green,4970.07,3734.510598
1657,VietMode RS-95,Outdoor,Premium,M,silver,4746.14777777777,3926.96267133333
1658,VietMode RS-96,Outdoor,Premium,L,pink,113.471570274446,69.8838242147528
1659,VietMode RS-97,Outdoor,Premium,XL,yellow,51.8227874437407,31.0843221659707
1660,VietMode RS-98,Outdoor,Premium,S,red,31.4636516412732,19.0523849327965
1661,VietMode RS-99,Outdoor,Premium,M,black,22.5962468467591,14.0530618571643
1662,VietMode RS-00,Outdoor,Premium,L,orange,2078.37,1489.567779
1663,VietMode RS-01,Outdoor,Premium,XL,blue,17.4165598979533,9.97699751251116
1664,VietMode RS-02,Outdoor,Premium,S,white,35.9232764454125,23.3369599148215
1665,VietMode RS-03,Outdoor,Premium,M,purple,24.4702893455543,15.8440062130348
1666,VietMode RS-04,Outdoor,Premium,L,green,2847.54272727272,2029.15894745454
1667,VietMode RS-05,Outdoor,Premium,XL,silver,4426.66411764705,3156.65418229411
1668,VietMode UR-01,Streetwear,Standard,S,pink,5164.74,2678.950638
1669,VietMode UR-02,Streetwear,Standard,M,yellow,5227.74,4966.35299999999
1670,VietMode UR-03,Streetwear,Standard,L,red,5353.74,4705.93746
1671,VietMode UE-01,Streetwear,Performance,XL,black,4408.74,4188.303
1672,VietMode UE-02,Streetwear,Performance,S,orange,8188.74,4955.825448
1673,VietMode UE-03,Streetwear,Performance,M,blue,11048.4876923076,6622.46352276923
1674,VietMode UE-04,Streetwear,Performance,L,white,12599.37,11969.4015
1675,VietMode UE-05,Streetwear,Performance,XL,purple,5857.74,4998.40954199999
1676,VietMode UE-06,Streetwear,Performance,S,green,6171.30818181818,4136.01074345454
1677,VietMode UE-07,Streetwear,Performance,M,silver,10520.37,6982.369569
1678,VietMode UE-08,Streetwear,Performance,L,pink,8819.02,8378.069
1679,VietMode UE-09,Streetwear,Performance,XL,yellow,10719.6020689655,10183.6219655172
1680,VietMode UE-10,Streetwear,Performance,S,red,4610.20875,2840.81063175
1681,VietMode UE-11,Streetwear,Performance,M,black,6053.19044776119,5750.53092537313
1682,VietMode UE-12,Streetwear,Performance,L,orange,8921.64,8475.558
1683,VietMode UE-13,Streetwear,Performance,XL,blue,6613.74,5271.81215399999
1684,VietMode UE-14,Streetwear,Performance,S,white,5416.74,3482.422146
1685,VietMode UE-15,Streetwear,Performance,M,purple,8188.74,4606.985124
1686,VietMode UE-16,Streetwear,Performance,L,green,9826.74,9335.403
1687,VietMode UE-17,Streetwear,Performance,XL,silver,8819.22176470588,8378.26067647058
1688,NamStyle UE-01,Streetwear,Performance,S,pink,1889.37,1143.446724
1689,NamStyle UC-01,Streetwear,Everyday,M,yellow,2708.37,1355.268348
1690,NamStyle YY-01,GenZ,Trendy,L,red,1889.37,1538.51399099999
1691,NamStyle YY-02,GenZ,Trendy,XL,black,2834.37,1825.901154
1692,NamStyle YY-03,GenZ,Trendy,S,orange,1205.09307692307,1144.83842307692
1693,NamStyle YY-04,GenZ,Trendy,M,blue,3987.59033898305,3788.21082203389
1694,NamStyle YY-05,GenZ,Trendy,L,white,24.5473863285494,13.6789006550015
1695,NamStyle YY-06,GenZ,Trendy,XL,purple,2015.37,1265.65236
1696,NamStyle YY-07,GenZ,Trendy,S,green,2204.37,2094.1515
1697,NamStyle YY-08,GenZ,Trendy,M,silver,2834.37,2279.683791
1698,NamStyle YY-09,GenZ,Trendy,L,pink,1898.70333333333,1803.76816666666
1699,NamStyle YY-10,GenZ,Trendy,XL,yellow,2088.48111111111,1689.16352266666
1700,NamStyle YY-11,GenZ,Trendy,S,red,1301.63582278481,745.44683570886
1701,NamStyle YY-12,GenZ,Trendy,M,black,3401.37,1813.950621
1702,NamStyle YY-13,GenZ,Trendy,L,orange,1322.37,1232.316603
1703,NamStyle YY-14,GenZ,Trendy,XL,blue,1242.55220338983,1180.42459322033
1704,NamStyle YY-15,GenZ,Trendy,S,white,1637.37,870.917102999999
1705,NamStyle YY-16,GenZ,Trendy,M,purple,1812.57710059171,1721.94824556213
1706,NamStyle YY-17,GenZ,Trendy,L,green,2828.07,2686.6665
1707,NamStyle YY-18,GenZ,Trendy,XL,silver,1539.96726962457,1326.06581587372
1708,NamStyle YY-19,GenZ,Trendy,S,pink,61.5876146969055,36.2904622755973
1709,NamStyle YY-20,GenZ,Trendy,M,yellow,34.6837006160182,20.7406408245429
1710,NamStyle YY-21,GenZ,Trendy,L,red,3275.37,2180.086272
1711,NamStyle YY-22,GenZ,Trendy,XL,black,1386.882,1076.913873
1712,NamStyle YY-23,GenZ,Trendy,S,orange,3086.37,2034.843741
1713,NamStyle YY-24,GenZ,Trendy,M,blue,1353.87,1286.17649999999
1714,NamStyle YY-25,GenZ,Trendy,L,white,1321.58739130434,1255.50802173913
1715,NamStyle YY-26,GenZ,Trendy,XL,purple,3144.39631578947,2987.1765
1716,NamStyle YY-27,GenZ,Trendy,S,green,4283.37,4069.2015
1717,NamStyle YY-28,GenZ,Trendy,M,silver,2204.37,1660.33148399999
1718,NamStyle YY-29,GenZ,Trendy,L,pink,1889.37,1718.382015
1719,NamStyle YY-30,GenZ,Trendy,XL,yellow,53.0756828692648,32.3762756107979
1720,NamStyle YY-31,GenZ,Trendy,S,red,3527.37,2218.362993
1721,NamStyle YY-32,GenZ,Trendy,M,black,34.0220006252104,19.7043947873856
1722,NamStyle YY-33,GenZ,Trendy,L,orange,965.804911242603,495.457919467455
1723,NamStyle YY-34,GenZ,Trendy,XL,blue,75.5125728309303,46.7799020862424
1724,NamStyle YY-35,GenZ,Trendy,S,white,66.8289478002943,42.504028768524
1725,NamStyle YY-36,GenZ,Trendy,M,purple,1542.87,1465.72649999999
1726,SaigonCore MA-01,Casual,All-weather,L,green,5417.37,3360.936348
1727,SaigonCore MA-02,Casual,All-weather,XL,silver,10073.7,7977.36302999999
1728,SaigonCore MA-03,Casual,All-weather,S,pink,5993.05965517241,4755.49283637931
1729,SaigonCore MA-04,Casual,All-weather,M,yellow,5858.37,4860.103752
1730,SaigonCore MA-05,Casual,All-weather,L,red,9553.2652173913,6129.37496347826
1731,SaigonCore MA-06,Casual,All-weather,XL,black,5543.37,3675.25431
1732,SaigonCore RP-01,Outdoor,Activewear,S,orange,5354.37,5086.6515
1733,SaigonCore RP-02,Outdoor,Activewear,M,blue,5354.37,3965.446422
1734,SaigonCore RP-03,Outdoor,Activewear,L,white,5398.47,3692.013633
1735,SaigonCore RP-04,Outdoor,Activewear,XL,purple,5398.47,3275.791596
1736,SaigonCore RP-05,Outdoor,Activewear,S,green,15.6689842286484,9.32649126999495
1737,SaigonCore RP-06,Outdoor,Activewear,M,silver,28.7717673614348,18.511395523686
1738,SaigonCore RP-07,Outdoor,Activewear,L,pink,33.3603260684142,19.4028864126822
1739,SaigonCore RP-08,Outdoor,Activewear,XL,yellow,64.7526693304179,38.8984489157176
1740,SaigonCore RP-09,Outdoor,Activewear,S,red,5414.745,3403.1672325
1741,SaigonCore RP-10,Outdoor,Activewear,M,black,5414.745,5144.00775
1742,SaigonCore RP-11,Outdoor,Activewear,L,orange,3464.37,2540.422521
1743,SaigonCore RP-12,Outdoor,Activewear,XL,blue,3464.37,3142.18359
1744,SaigonCore RP-13,Outdoor,Activewear,S,white,5217.50793103448,4956.63253448275
1745,SaigonCore RP-14,Outdoor,Activewear,M,purple,5217.50793103448,3797.30227220689
1746,SaigonCore RS-01,Outdoor,Premium,L,green,23.1185223938369,14.723315732629
1747,SaigonCore RS-02,Outdoor,Premium,XL,silver,40.3167763368041,25.3052151470293
1748,SaigonCore RS-03,Outdoor,Premium,S,pink,19.5291206288788,12.2465589158324
1749,SaigonCore UM-01,Streetwear,Balanced,M,yellow,7101.18818181818,6343.49140281818
1750,SaigonCore UM-02,Streetwear,Balanced,L,red,4962.51,2940.287175
1751,SaigonCore UM-03,Streetwear,Balanced,XL,black,8189.37,6178.060728
1752,SaigonCore UM-04,Streetwear,Balanced,S,orange,9766.06363636363,9277.76045454545
1753,SaigonCore UM-05,Streetwear,Balanced,M,blue,11333.7,6682.34952
1754,SaigonCore UM-06,Streetwear,Balanced,L,white,38.6337772411487,23.6278896049577
1755,SaigonCore UR-01,Streetwear,Standard,XL,purple,6236.36999999999,4906.775916
1756,SaigonCore UR-02,Streetwear,Standard,S,green,5663.7,5380.51499999999
1757,SaigonCore UR-03,Streetwear,Standard,M,silver,6307.3719402985,3885.97185241791
1758,SaigonCore UR-04,Streetwear,Standard,L,pink,5789.7,5500.21499999999
1759,SaigonCore UR-05,Streetwear,Standard,XL,yellow,5297.99268292682,5033.09304878048
1760,SaigonCore UR-06,Streetwear,Standard,S,red,8561.7,6144.73209
1761,SaigonCore UR-07,Streetwear,Standard,M,black,10076.85,8257.978575
1762,SaigonCore UR-08,Streetwear,Standard,L,orange,5510.7,5235.165
1763,SaigonCore UR-09,Streetwear,Standard,XL,blue,5743.9913592233,5456.79179126213
1764,SaigonCore UR-10,Streetwear,Standard,S,white,6828.57,5400.033156
1765,SaigonCore UR-11,Streetwear,Standard,M,purple,2235.93096774193,2124.13441935483
1766,SaigonCore UE-01,Streetwear,Performance,L,green,8892.50286713286,5203.89267784615
1767,SaigonCore UE-02,Streetwear,Performance,XL,silver,11969.37,6986.521269
1768,SaigonCore UE-03,Streetwear,Performance,S,pink,10898.37,10353.4515
1769,SaigonCore UE-04,Streetwear,Performance,M,yellow,12221.37,11610.3015
1770,SaigonCore UE-05,Streetwear,Performance,L,red,7559.37,4246.098129
1771,SaigonCore UE-06,Streetwear,Performance,XL,black,10709.37,7600.439889
1772,SaigonCore UE-07,Streetwear,Performance,S,orange,7868.7,5265.73404
1773,SaigonCore UE-08,Streetwear,Performance,M,blue,13497.12,7885.017504
1774,SaigonCore UE-09,Streetwear,Performance,L,white,10302.293076923,8867.18365130769
1775,SaigonCore UE-10,Streetwear,Performance,XL,purple,8504.37,7461.734238
1776,SaigonCore UE-11,Streetwear,Performance,S,green,17639.37,16157.66292
1777,SaigonCore UE-12,Streetwear,Performance,M,silver,7626.91034482758,6550.75329517241
1778,SaigonCore UE-13,Streetwear,Performance,L,pink,8251.72714285714,4414.67402142857
1779,SaigonCore UE-14,Streetwear,Performance,XL,yellow,9449.37,6418.012104
1780,SaigonCore UE-15,Streetwear,Performance,S,red,17143.7,14587.57433
1781,SaigonCore UE-16,Streetwear,Performance,M,black,6970.45695652174,6092.87642569565
1782,SaigonCore UE-17,Streetwear,Performance,L,orange,6087.37,3511.803753
1783,SaigonCore UE-18,Streetwear,Performance,XL,blue,7627.72499999999,6845.8831875
1784,SaigonCore UE-19,Streetwear,Performance,S,white,7238.7,5703.37173
1785,SaigonCore UE-20,Streetwear,Performance,M,purple,9443.7,8971.515
1786,SaigonCore UE-21,Streetwear,Performance,L,green,7948.03935483871,7430.62199283871
1787,SaigonCore UE-22,Streetwear,Performance,XL,silver,9128.7,8672.265
1788,SaigonCore UE-23,Streetwear,Performance,S,pink,7245.0,6546.582
1789,SaigonCore UE-24,Streetwear,Performance,M,yellow,11313.77625,8076.904864875
1790,SaigonCore UE-25,Streetwear,Performance,L,red,5087.7,4690.35063
1791,SaigonCore UE-26,Streetwear,Performance,XL,black,9507.39631578947,8027.09470942105
1792,SaigonCore UE-27,Streetwear,Performance,S,orange,11339.37,7818.495615
1793,SaigonCore UE-28,Streetwear,Performance,M,blue,6713.7,3936.91368
1794,SaigonCore UE-29,Streetwear,Performance,L,white,38.2003633980293,24.1996637146897
1795,SaigonCore UC-01,Streetwear,Everyday,XL,purple,6835.11818181818,5533.71167999999
1796,SaigonCore UC-02,Streetwear,Everyday,S,green,9002.7,7059.01707
1797,SaigonCore UC-03,Streetwear,Everyday,M,silver,5696.85789473684,3744.54469421052
1798,SaigonCore UC-04,Streetwear,Everyday,L,pink,8498.7,5991.5835
1799,SaigonCore UC-05,Streetwear,Everyday,XL,yellow,9443.7,8971.515
1800,SaigonCore UC-06,Streetwear,Everyday,S,red,7633.08,7251.42599999999
1801,SaigonCore UC-07,Streetwear,Everyday,M,black,9474.18387096774,7096.16371935484
1802,SaigonCore UC-08,Streetwear,Everyday,L,orange,8498.7,7093.86489
1803,SaigonCore UC-09,Streetwear,Everyday,XL,blue,5351.85,4369.25034
1804,SaigonCore UC-10,Streetwear,Everyday,S,white,8096.86216216216,5747.1527627027
1805,SaigonCore UC-11,Streetwear,Everyday,M,purple,5532.45,3212.14047
1806,SaigonCore YY-01,GenZ,Trendy,L,green,1385.37,1258.74718199999
1807,SaigonCore YY-02,GenZ,Trendy,XL,silver,2141.37,1976.912784
1808,SaigonCore YY-03,GenZ,Trendy,S,pink,1385.37,1090.42472699999
1809,SaigonCore YY-04,GenZ,Trendy,M,yellow,2719.39499999999,2583.42525
1810,SaigonCore YY-05,GenZ,Trendy,L,red,3308.53666666666,1751.53931133333
1811,SaigonCore YY-06,GenZ,Trendy,XL,black,2708.37,2572.9515
1812,SaigonCore YY-07,GenZ,Trendy,S,orange,1103.37,1048.2015
1813,SaigonCore YY-08,GenZ,Trendy,M,blue,1700.37,905.276987999999
1814,SaigonCore YY-09,GenZ,Trendy,L,white,6265.98,4713.270156
1815,SaigonCore YY-10,GenZ,Trendy,XL,purple,3912.07212765957,3222.76501876595
1816,SaigonCore YY-11,GenZ,Trendy,S,green,2229.066,1633.6824714
1817,SaigonCore YY-12,GenZ,Trendy,M,silver,2735.53513761467,2598.75838073394
1818,SaigonCore YY-13,GenZ,Trendy,L,pink,2515.8053649635,2390.01509671532
1819,SaigonCore YY-14,GenZ,Trendy,XL,yellow,3156.62038880248,2453.00970413841
1820,SaigonCore YY-15,GenZ,Trendy,S,red,4598.37,3172.8753
1821,SaigonCore YY-16,GenZ,Trendy,M,black,3791.745,3602.15775
1822,SaigonCore YY-17,GenZ,Trendy,L,orange,4346.37,2195.351487
1823,SaigonCore YY-18,GenZ,Trendy,XL,blue,5480.37,4908.767409
1824,SaigonCore YY-19,GenZ,Trendy,S,white,29.9765179632856,18.8248065975318
1825,SaigonCore YY-20,GenZ,Trendy,M,purple,1196.37,1136.55149999999
1826,SaigonCore YY-21,GenZ,Trendy,L,green,2652.65791773778,2520.02502185089
1827,SaigonCore YY-22,GenZ,Trendy,XL,silver,3026.86999999999,1800.684963
1828,SaigonCore YY-23,GenZ,Trendy,S,pink,3471.43542056074,3117.34900766355
1829,SaigonCore YY-24,GenZ,Trendy,M,yellow,3934.18097560975,3731.17723726829
1830,SaigonCore YY-25,GenZ,Trendy,L,red,3707.15773584905,2126.05496150943
1831,SaigonCore YY-26,GenZ,Trendy,XL,black,4346.37,4129.0515
1832,SaigonCore YY-27,GenZ,Trendy,S,orange,4371.08538461538,3285.30777507692
1833,SaigonCore YY-28,GenZ,Trendy,M,blue,1408.51285714285,1187.37633857142
1834,SaigonCore YY-29,GenZ,Trendy,L,white,3023.37,2052.86823
1835,SaigonCore YY-30,GenZ,Trendy,XL,purple,48.843845380214,27.0576285370637
1836,SaigonCore YY-31,GenZ,Trendy,S,green,1705.57661157024,1041.7661943471
1837,SaigonCore YY-32,GenZ,Trendy,M,silver,1924.838503937,1828.59657874015
1838,SaigonCore YY-33,GenZ,Trendy,L,pink,3592.58052631578,3074.17115636842
1839,SaigonCore YY-34,GenZ,Trendy,XL,yellow,3149.37,1598.93514899999
1840,SaigonCore YY-35,GenZ,Trendy,S,red,3968.37,2471.103999
1841,SaigonCore YY-36,GenZ,Trendy,M,black,1826.37,1111.163508
1842,SaigonCore YY-37,GenZ,Trendy,L,orange,3086.37,2932.0515
1843,SaigonCore YY-38,GenZ,Trendy,XL,blue,1704.79105263157,1064.98297057894
1844,SaigonCore YY-39,GenZ,Trendy,S,white,2026.10333333333,1822.885169
1845,SaigonCore YY-40,GenZ,Trendy,M,purple,1211.14524429967,735.528506863192
1846,SaigonCore YY-41,GenZ,Trendy,L,green,5606.37,3945.763206
1847,SaigonCore YY-42,GenZ,Trendy,XL,silver,1562.14058823529,1484.03355882352
1848,SaigonCore YY-43,GenZ,Trendy,S,pink,4365.57731707317,4147.29845121951
1849,SaigonCore YY-44,GenZ,Trendy,M,yellow,2771.37,2632.8015
1850,SaigonCore YY-45,GenZ,Trendy,L,red,1929.0104494382,1460.83961335955
1851,SaigonCore YY-46,GenZ,Trendy,XL,black,3909.23072423398,2716.91535334261
1852,SaigonCore YY-47,GenZ,Trendy,S,orange,2043.24272727272,1941.08059090909
1853,SaigonCore YY-48,GenZ,Trendy,M,blue,4462.20870967741,4239.09827419354
1854,SaigonCore YY-49,GenZ,Trendy,L,white,2267.37,1763.106912
1855,SaigonCore YY-50,GenZ,Trendy,XL,purple,2934.6376056338,2787.90572535211
1856,SaigonCore YY-51,GenZ,Trendy,S,green,1322.37,1104.311187
1857,SaigonCore YY-52,GenZ,Trendy,M,silver,1203.69558139534,1114.38136925581
1858,SaigonCore YY-53,GenZ,Trendy,L,pink,3149.37,2862.77732999999
1859,SaigonCore YY-54,GenZ,Trendy,XL,yellow,1885.74773613193,1552.15896161019
1860,SaigonCore YY-55,GenZ,Trendy,S,red,2319.87,1394.473857
1861,SaigonCore YY-56,GenZ,Trendy,M,black,1259.37,828.161712
1862,SaigonCore YY-57,GenZ,Trendy,L,orange,2656.23206896551,1842.62818624137
1863,BambooCraft UM-01,Streetwear,Balanced,XL,blue,10115.0991666666,6342.1671775
1864,BambooCraft UM-02,Streetwear,Balanced,S,white,11978.2850943396,7438.5150435849
1865,BambooCraft UM-03,Streetwear,Balanced,M,purple,23.253531791775,13.3311555407141
1866,BambooCraft UM-04,Streetwear,Balanced,L,green,13638.1458620689,9430.77786362069
1867,BambooCraft UM-05,Streetwear,Balanced,XL,silver,11388.2493103448,5870.64251948275
1868,BambooCraft UM-06,Streetwear,Balanced,S,pink,14247.5124932975,13535.1368686327
1869,BambooCraft UM-07,Streetwear,Balanced,M,yellow,11339.37,7381.92987
1870,BambooCraft UM-08,Streetwear,Balanced,L,red,10134.107704918,9627.40231967213
1871,BambooCraft UM-09,Streetwear,Balanced,XL,black,12087.1526086956,7307.89246721739
1872,BambooCraft UM-10,Streetwear,Balanced,S,orange,15214.6025581395,10097.9317178372
1873,BambooCraft UM-11,Streetwear,Balanced,M,blue,9675.59727272727,9191.8174090909
1874,BambooCraft UM-12,Streetwear,Balanced,L,white,10118.745,9612.80775
1875,BambooCraft UM-13,Streetwear,Balanced,XL,purple,13973.8509358752,11114.8010343951
1876,BambooCraft UM-14,Streetwear,Balanced,S,green,17668.0063636363,16784.6060454545
1877,BambooCraft UM-15,Streetwear,Balanced,M,silver,35.2156308535287,19.4545258610241
1878,BambooCraft UM-16,Streetwear,Balanced,L,pink,9708.28463414634,7207.43051239024
1879,BambooCraft UM-17,Streetwear,Balanced,XL,yellow,12504.4916216216,11879.2670405405
1880,BambooCraft UM-18,Streetwear,Balanced,S,red,11356.87,6008.919917
1881,BambooCraft UM-19,Streetwear,Balanced,M,black,11652.1516901408,7134.61247987324
1882,BambooCraft UC-01,Streetwear,Everyday,L,orange,35.4650360970734,22.5405004663431
1883,BambooCraft UC-02,Streetwear,Everyday,XL,blue,9147.14027027027,8689.78325675675
1884,BambooCraft UC-03,Streetwear,Everyday,S,white,10289.2259850374,8385.71917780548
1885,BambooCraft UC-04,Streetwear,Everyday,M,purple,10079.37,8501.948595
1886,BambooCraft UC-05,Streetwear,Everyday,L,green,10602.9884210526,8157.93929115789
1887,BambooCraft UC-06,Streetwear,Everyday,XL,silver,31.6184460816117,20.0151715472559
1888,BambooCraft UC-07,Streetwear,Everyday,S,pink,10940.58,10050.016788
1889,BambooCraft UC-08,Streetwear,Everyday,M,yellow,8251.83692307692,7839.24507692307
1890,BambooCraft UC-09,Streetwear,Everyday,L,red,29.3578074188817,17.312837837634
1891,BambooCraft UC-10,Streetwear,Everyday,XL,black,8630.37,5459.572062
1892,BambooCraft UC-11,Streetwear,Everyday,S,orange,10488.3715822784,9963.95300316455
1893,BambooCraft UC-12,Streetwear,Everyday,M,blue,8686.73842105263,7189.14471726315
1894,BambooCraft UC-13,Streetwear,Everyday,L,white,8725.29,4900.122864
1895,BambooCraft UC-14,Streetwear,Everyday,XL,purple,9014.51634146341,8563.79052439024
1896,BambooCraft UC-15,Streetwear,Everyday,S,green,8833.75888888889,7271.95031733333
1897,BambooCraft UC-16,Streetwear,Everyday,M,silver,8661.21827586207,4709.1043765862
1898,BambooCraft UC-17,Streetwear,Everyday,L,pink,12242.0368965517,11629.9350517241
1899,BambooCraft UC-18,Streetwear,Everyday,XL,yellow,11430.5789552238,10859.0500074626
1900,BambooCraft UC-19,Streetwear,Everyday,S,red,18.330955787804,11.3066895933887
1901,BambooCraft UC-20,Streetwear,Everyday,M,black,9899.9325,9404.935875
1902,BambooCraft UC-21,Streetwear,Everyday,L,orange,19529.37,16287.49458
1903,BambooCraft UC-22,Streetwear,Everyday,XL,blue,9629.85648648648,9148.36366216216
1904,BambooCraft UC-23,Streetwear,Everyday,S,white,8222.52789473684,5716.30139242105
1905,BambooCraft UC-24,Streetwear,Everyday,M,purple,11412.1453521126,8450.69363323943
1906,BambooCraft UC-25,Streetwear,Everyday,L,green,8808.87,7972.02735
1907,BambooCraft UC-26,Streetwear,Everyday,XL,silver,12729.0839737991,6993.35873520524
1908,UrbanVN MA-01,Casual,All-weather,S,pink,5137.83818181818,4880.94627272727
1909,UrbanVN MA-02,Casual,All-weather,M,yellow,2481.64278562259,2028.4948129679
1910,UrbanVN MA-03,Casual,All-weather,L,red,43.6436412867068,27.0314845305859
1911,UrbanVN MA-04,Casual,All-weather,XL,black,28.2053538072544,16.1356330978496
1912,UrbanVN MA-05,Casual,All-weather,S,orange,3973.69013358778,2680.65136411832
1913,UrbanVN MA-06,Casual,All-weather,M,blue,36.2209250803528,20.2199005623233
1914,UrbanVN MA-07,Casual,All-weather,L,white,33.2826739677088,20.5703543228604
1915,UrbanVN MA-08,Casual,All-weather,XL,purple,5795.88533742331,3976.55693000613
1916,UrbanVN MA-09,Casual,All-weather,S,green,3559.95030112923,3381.95278607277
1917,UrbanVN MA-10,Casual,All-weather,M,silver,34.4348949879716,21.1929947366064
1918,UrbanVN MA-11,Casual,All-weather,L,pink,8819.37,8378.4015
1919,UrbanVN MA-12,Casual,All-weather,XL,yellow,24.307770829746,14.033506952292
1920,UrbanVN MA-13,Casual,All-weather,S,red,3366.60297213622,3198.27282352941
1921,UrbanVN MA-14,Casual,All-weather,M,black,33.4417148968986,21.572794008757
1922,UrbanVN MA-15,Casual,All-weather,L,orange,40.414931832577,22.8387119478271
1923,UrbanVN MA-16,Casual,All-weather,XL,blue,59.1725317271898,35.1031269231005
1924,UrbanVN MA-17,Casual,All-weather,S,white,4242.38584653878,4030.26655421184
1925,UrbanVN MA-18,Casual,All-weather,M,purple,48.6041214317883,31.318629064363
1926,UrbanVN RP-01,Outdoor,Activewear,L,green,1137.86028077753,1058.43763317926
1927,UrbanVN RP-02,Outdoor,Activewear,XL,silver,1137.86028077753,1080.96726673866
1928,UrbanVN RP-03,Outdoor,Activewear,S,pink,37.7419025049447,20.9149502570328
1929,UrbanVN RP-04,Outdoor,Activewear,M,yellow,30.3367481679087,17.1352365253506
1930,UrbanVN RP-05,Outdoor,Activewear,L,red,46.1437826996903,29.9317650847078
1931,UrbanVN RP-06,Outdoor,Activewear,XL,black,13.6746790253813,8.84084230347545
1932,UrbanVN RP-07,Outdoor,Activewear,S,orange,5291.37,2847.286197
1933,UrbanVN RP-08,Outdoor,Activewear,M,blue,5291.37,3064.232367
1934,UrbanVN RP-09,Outdoor,Activewear,L,white,1609.91150943396,1337.83646433962
1935,UrbanVN RP-10,Outdoor,Activewear,XL,purple,1609.91150943396,1048.69635724528
1936,UrbanVN RP-11,Outdoor,Activewear,S,green,3441.09570850202,2500.64425136842
1937,UrbanVN RP-12,Outdoor,Activewear,M,silver,3441.09570850202,3269.04092307692
1938,UrbanVN RP-13,Outdoor,Activewear,L,pink,3527.37,3268.46104199999
1939,UrbanVN RP-14,Outdoor,Activewear,XL,yellow,3527.37,1932.99876
1940,UrbanVN RP-15,Outdoor,Activewear,S,red,2011.35726114649,1582.33475734394
1941,UrbanVN RP-16,Outdoor,Activewear,M,black,2011.35726114649,1626.18234563694
1942,UrbanVN RP-17,Outdoor,Activewear,L,orange,1481.99682481751,1407.89698357664
1943,UrbanVN RP-18,Outdoor,Activewear,XL,blue,1481.99682481751,1063.77732085401
1944,UrbanVN RP-19,Outdoor,Activewear,S,white,36.3882464670787,20.0315112812716
1945,UrbanVN RP-20,Outdoor,Activewear,M,purple,45.0758252616327,29.082074066068
1946,UrbanVN RP-21,Outdoor,Activewear,L,green,3369.87,2625.465717
1947,UrbanVN RP-22,Outdoor,Activewear,XL,silver,3369.87,2821.255164
1948,UrbanVN RP-23,Outdoor,Activewear,S,pink,3728.773125,2971.086426
1949,UrbanVN RP-24,Outdoor,Activewear,M,yellow,3728.773125,2876.7484659375
1950,UrbanVN RP-25,Outdoor,Activewear,L,red,4031.37,3108.589407
1951,UrbanVN RP-26,Outdoor,Activewear,XL,black,4031.37,3130.35880499999
1952,UrbanVN RP-27,Outdoor,Activewear,S,orange,18.3304846486091,11.2533043776097
1953,UrbanVN RP-28,Outdoor,Activewear,M,blue,52.3264310534146,33.3210437591979
1954,UrbanVN RP-29,Outdoor,Activewear,L,white,37.916962184055,22.5785645921954
1955,UrbanVN RP-30,Outdoor,Activewear,XL,purple,28.0470886304099,16.8719954978304
1956,UrbanVN RP-31,Outdoor,Activewear,S,green,42.653645558126,25.5446139336274
1957,UrbanVN RP-32,Outdoor,Activewear,M,silver,82.1278470206298,50.6471284340736
1958,UrbanVN RP-33,Outdoor,Activewear,L,pink,944.37,860.226633
1959,UrbanVN RP-34,Outdoor,Activewear,XL,yellow,944.37,782.221671
1960,UrbanVN RP-35,Outdoor,Activewear,S,red,1177.47,615.816809999999
1961,UrbanVN RP-36,Outdoor,Activewear,M,black,1177.47,861.908039999999
1962,UrbanVN RP-37,Outdoor,Activewear,L,orange,1794.87,1680.53678099999
1963,UrbanVN RP-38,Outdoor,Activewear,XL,blue,1794.87,1050.357924
1964,UrbanVN RP-39,Outdoor,Activewear,S,white,1070.37,1016.8515
1965,UrbanVN RP-40,Outdoor,Activewear,M,purple,1070.37,1016.8515
1966,UrbanVN RP-41,Outdoor,Activewear,L,green,2939.72836177474,1892.00917363822
1967,UrbanVN RP-42,Outdoor,Activewear,XL,silver,2939.72836177474,2792.741943686
1968,UrbanVN RP-43,Outdoor,Activewear,S,pink,2865.87,2722.5765
1969,UrbanVN RP-44,Outdoor,Activewear,M,yellow,2865.87,2094.664383
1970,UrbanVN RP-45,Outdoor,Activewear,L,red,35.6142736249899,20.0852082936409
1971,UrbanVN RP-46,Outdoor,Activewear,XL,black,36.5721943520954,20.2243268890778
1972,UrbanVN RP-47,Outdoor,Activewear,S,orange,27.5569739138437,16.004897389386
1973,UrbanVN RP-48,Outdoor,Activewear,M,blue,23.5720632965249,14.6257127673958
1974,UrbanVN RP-49,Outdoor,Activewear,L,white,692.308596491228,657.693166666666
1975,UrbanVN RP-50,Outdoor,Activewear,XL,purple,692.308596491228,657.693166666666
1976,UrbanVN RP-51,Outdoor,Activewear,S,green,46.1609557258219,26.3203004758572
1977,UrbanVN RP-52,Outdoor,Activewear,M,silver,23.5133059049673,14.5157805288415
1978,UrbanVN RP-53,Outdoor,Activewear,L,pink,3185.15571428571,1873.82710671428
1979,UrbanVN RP-54,Outdoor,Activewear,XL,yellow,3185.15571428571,1959.826311
1980,UrbanVN RP-55,Outdoor,Activewear,S,red,2026.07821529745,1593.30790850991
1981,UrbanVN RP-56,Outdoor,Activewear,M,black,2026.07821529745,1031.07120376487
1982,UrbanVN RS-01,Outdoor,Premium,L,orange,3984.92421686747,3601.9729996265
1983,UrbanVN RS-02,Outdoor,Premium,XL,blue,4409.37,3421.67111999999
1984,UrbanVN RS-03,Outdoor,Premium,S,white,2204.37,1377.510813
1985,UrbanVN RS-04,Outdoor,Premium,M,purple,1920.87,1824.8265
1986,UrbanVN RS-05,Outdoor,Premium,L,green,2015.37,1507.295223
1987,UrbanVN RS-06,Outdoor,Premium,XL,silver,1972.5575,1723.42348775
1988,UrbanVN RS-07,Outdoor,Premium,S,pink,68.8949931033266,43.7123796743215
1989,UrbanVN RS-08,Outdoor,Premium,M,yellow,4632.06451294697,4400.46128729962
1990,UrbanVN RS-09,Outdoor,Premium,L,red,3180.105,2713.5835965
1991,UrbanVN RS-10,Outdoor,Premium,XL,black,3784.93974459724,3327.7190234499
1992,UrbanVN RS-11,Outdoor,Premium,S,orange,53.0787175402978,33.2327123928291
1993,UrbanVN RS-12,Outdoor,Premium,M,blue,1448.37,800.514099
1994,UrbanVN UM-01,Streetwear,Balanced,L,white,7359.56808306709,5306.24858789137
1995,UrbanVN UM-02,Streetwear,Balanced,XL,purple,5159.31285073957,3025.42105567368
1996,UrbanVN UM-03,Streetwear,Balanced,S,green,33.8955415276398,21.591795091548
1997,UrbanVN UM-04,Streetwear,Balanced,M,silver,9479.08698113207,7933.04789450943
1998,UrbanVN UR-01,Streetwear,Standard,L,pink,34.0530919280601,19.9983201934683
1999,UrbanVN UR-02,Streetwear,Standard,XL,yellow,8126.36999999999,5654.32824599999
2000,UrbanVN UR-03,Streetwear,Standard,S,red,28.3853895763699,16.3492855016007
2001,UrbanVN UR-04,Streetwear,Standard,M,black,34.653784418547,21.5665058965813
2002,UrbanVN UR-05,Streetwear,Standard,L,orange,43.1573297483076,25.8765986228671
2003,UrbanVN UR-06,Streetwear,Standard,XL,blue,62.4525286446072,34.8550448665849
2004,UrbanVN UR-07,Streetwear,Standard,S,white,5358.40353658536,3888.5934465
2005,UrbanVN UR-08,Streetwear,Standard,M,purple,3684.87,2645.368173
2006,UrbanVN UR-09,Streetwear,Standard,L,green,20.183668765728,11.5454283027436
2007,UrbanVN UR-10,Streetwear,Standard,XL,silver,77.7278287687271,48.0611278414464
2008,UrbanVN UR-11,Streetwear,Standard,S,pink,15.1676501492356,8.45768020631057
2009,UrbanVN UR-12,Streetwear,Standard,M,yellow,31.1646974430768,19.7933441874707
2010,UrbanVN UR-13,Streetwear,Standard,L,red,41.9017202677075,25.1206952738858
2011,UrbanVN UR-14,Streetwear,Standard,XL,black,37.054757353193,22.1609184452602
2012,UrbanVN UR-15,Streetwear,Standard,S,orange,4660.62296442687,4277.05369445454
2013,UrbanVN UR-16,Streetwear,Standard,M,blue,25.8140829058925,15.7269919649705
2014,UrbanVN UR-17,Streetwear,Standard,L,white,30.4702592051106,19.2714668421368
2015,UrbanVN UR-18,Streetwear,Standard,XL,purple,4382.41326923076,3917.00098003846
2016,UrbanVN UR-19,Streetwear,Standard,S,green,3743.54135761589,1998.67673083112
2017,UrbanVN UR-20,Streetwear,Standard,M,silver,27.188650525599,15.8994040894032
2018,UrbanVN UR-21,Streetwear,Standard,L,pink,26.160590454431,16.1620550387957
2019,UrbanVN UR-22,Streetwear,Standard,XL,yellow,46.5180699791051,28.216614397565
2020,UrbanVN UR-23,Streetwear,Standard,S,red,38.198879945568,22.0294020534898
2021,UrbanVN UR-24,Streetwear,Standard,M,black,25.0992047381245,16.0098539976268
2022,UrbanVN UR-25,Streetwear,Standard,L,orange,2988.25524590164,1860.48771609836
2023,UrbanVN UR-26,Streetwear,Standard,XL,blue,47.4577551554952,29.8861702243266
2024,UrbanVN UR-27,Streetwear,Standard,S,white,37.4467456760137,23.0613979610434
2025,UrbanVN UR-28,Streetwear,Standard,M,purple,45.8394396153432,29.1107107693117
2026,UrbanVN UR-29,Streetwear,Standard,L,green,4409.37,2827.288044
2027,UrbanVN UR-30,Streetwear,Standard,XL,silver,42.5998842770066,27.1245996118543
2028,UrbanVN UR-31,Streetwear,Standard,S,pink,8504.37,5160.451716
2029,UrbanVN UR-32,Streetwear,Standard,M,yellow,2519.37,2246.270292
2030,UrbanVN UR-33,Streetwear,Standard,L,red,23.7694702738407,14.7569499224241
2031,UrbanVN UR-34,Streetwear,Standard,XL,black,26.4677651708951,16.7726580659962
2032,UrbanVN UR-35,Streetwear,Standard,S,orange,44.6528190545406,27.6734571773598
2033,UrbanVN UR-36,Streetwear,Standard,M,blue,42.2729797847311,26.1252965911415
2034,UrbanVN UR-37,Streetwear,Standard,L,white,5039.37,4787.4015
2035,UrbanVN UR-38,Streetwear,Standard,XL,purple,32.8397398369714,20.093360582412
2036,UrbanVN UR-39,Streetwear,Standard,S,green,2521.25059701492,2395.18806716417
2037,UrbanVN UR-40,Streetwear,Standard,M,silver,34.7066375778157,21.7010770285904
2038,UrbanVN UR-41,Streetwear,Standard,L,pink,55.2056861706311,31.238717760634
2039,UrbanVN UR-42,Streetwear,Standard,XL,yellow,4661.37,2832.714549
2040,UrbanVN UR-43,Streetwear,Standard,S,red,26.1375099246959,16.6780072796764
2041,UrbanVN UE-01,Streetwear,Performance,M,black,8922.08739130434,8475.98302173913
2042,UrbanVN UE-02,Streetwear,Performance,L,orange,7307.37,5269.344507
2043,UrbanVN UE-03,Streetwear,Performance,XL,blue,9308.54647058823,5375.6855867647
2044,UrbanVN UE-04,Streetwear,Performance,S,white,4691.61,4457.0295
2045,UrbanVN UE-05,Streetwear,Performance,M,purple,5569.46231274638,2996.37072425755
2046,UrbanVN UE-06,Streetwear,Performance,L,green,5196.87,3738.628278
2047,UrbanVN UE-07,Streetwear,Performance,XL,silver,4488.82757071547,2369.65207458069
2048,UrbanVN UE-08,Streetwear,Performance,S,pink,59.8090877154664,38.782617880806
2049,UrbanVN UE-09,Streetwear,Performance,M,yellow,5425.35847262247,5021.1692664121
2050,UrbanVN UE-10,Streetwear,Performance,L,red,6047.04357512953,5297.81487617098
2051,UrbanVN UE-11,Streetwear,Performance,XL,black,9008.37,6208.568604
2052,UrbanVN UE-12,Streetwear,Performance,S,orange,9086.84368421052,7847.39820568421
2053,UrbanVN UE-13,Streetwear,Performance,M,blue,4015.52422885572,2068.39653028358
2054,UrbanVN UE-14,Streetwear,Performance,L,white,7071.60157248157,6718.02149385749
2055,UrbanVN UE-15,Streetwear,Performance,XL,purple,7240.10290734824,6878.09776198083
2056,UrbanVN UE-16,Streetwear,Performance,S,green,3991.44733812949,3791.87497122302
2057,UrbanVN UE-17,Streetwear,Performance,M,silver,5726.07,5053.256775
2058,UrbanVN UE-18,Streetwear,Performance,L,pink,3259.52349264705,1700.49340611397
2059,UrbanVN UE-19,Streetwear,Performance,XL,yellow,26.9152196455343,16.2182774772616
2060,UrbanVN UE-20,Streetwear,Performance,S,red,4438.98940298507,2234.58726546268
2061,UrbanVN UE-21,Streetwear,Performance,M,black,4375.11524714828,4156.35948479087
2062,UrbanVN UE-22,Streetwear,Performance,L,orange,23.9651947459203,13.5922898621756
2063,UrbanVN UE-23,Streetwear,Performance,XL,blue,27.093590379955,15.6392530251929
2064,UrbanVN UE-24,Streetwear,Performance,S,white,6479.72127186009,5307.5396937806
2065,UrbanVN UE-25,Streetwear,Performance,M,purple,47.7586807913317,26.3551058803091
2066,UrbanVN UC-01,Streetwear,Everyday,L,green,4537.14298311444,3082.08122842964
2067,UrbanVN UC-02,Streetwear,Everyday,XL,silver,6547.54571884984,6220.16843290734
2068,UrbanVN UC-03,Streetwear,Everyday,S,pink,24.8302412773125,14.1656136538453
2069,UrbanVN UC-04,Streetwear,Everyday,M,yellow,6299.37,5984.4015
2070,UrbanVN UC-05,Streetwear,Everyday,L,red,6299.11095394736,5095.98076174342
2071,UrbanVN UC-06,Streetwear,Everyday,XL,black,4194.77126582278,2699.75478668354
2072,UrbanVN UC-07,Streetwear,Everyday,S,orange,27.5428918054256,15.9560041147426
2073,UrbanVN UC-08,Streetwear,Everyday,M,blue,4327.88527331189,4111.4910096463
2074,UrbanVN UC-09,Streetwear,Everyday,L,white,4031.37,2954.187936
2075,UrbanVN UC-10,Streetwear,Everyday,XL,purple,5543.37,4112.626203
2076,UrbanVN UC-11,Streetwear,Everyday,S,green,8618.80965517241,8187.86917241379
2077,UrbanVN UC-12,Streetwear,Everyday,M,silver,4480.87572082379,2845.35608272311
2078,UrbanVN UC-13,Streetwear,Everyday,L,pink,6929.37,4147.227945
2079,UrbanVN UC-14,Streetwear,Everyday,XL,yellow,6564.18724137931,6235.97787931034
2080,UrbanVN UC-15,Streetwear,Everyday,S,red,6929.37,3718.992879
2081,UrbanVN UC-16,Streetwear,Everyday,M,black,2708.37,2432.11626
2082,UrbanVN UC-17,Streetwear,Everyday,L,orange,4066.09440944881,3089.41853229921
2083,UrbanVN UC-18,Streetwear,Everyday,XL,blue,3872.07959147424,3180.91338439609
2084,UrbanVN UC-19,Streetwear,Everyday,S,white,8001.93048387096,7425.79148903225
2085,UrbanVN UC-20,Streetwear,Everyday,M,purple,8000.37,7600.3515
2086,UrbanVN UC-21,Streetwear,Everyday,L,green,2916.65419182948,2528.44751889698
2087,UrbanVN UC-22,Streetwear,Everyday,XL,silver,8712.5254054054,7795.09648021621
2088,UrbanVN UC-23,Streetwear,Everyday,S,pink,7055.37,6285.629133
2089,UrbanVN UC-24,Streetwear,Everyday,M,yellow,9449.37,5547.725127
2090,UrbanVN UC-25,Streetwear,Everyday,L,red,4301.70426609005,3533.85005459297
2091,UrbanVN UC-26,Streetwear,Everyday,XL,black,2019.99612107623,1168.16375681838
2092,UrbanVN UC-27,Streetwear,Everyday,S,orange,4099.84165259348,3894.84956996381
2093,UrbanVN UC-28,Streetwear,Everyday,M,blue,5324.79253521126,3625.11875797183
2094,UrbanVN UC-29,Streetwear,Everyday,L,white,5259.78176470588,4996.79267647058
2095,UrbanVN UC-30,Streetwear,Everyday,XL,purple,50.5442348495942,32.3297899788202
2096,UrbanVN UC-31,Streetwear,Everyday,S,green,37.9947242980959,20.9464988138663
2097,UrbanVN YY-01,GenZ,Trendy,M,silver,5908.77,5613.3315
2098,UrbanVN YY-02,GenZ,Trendy,L,pink,3660.19809430255,3166.0713515717
2099,UrbanVN YY-03,GenZ,Trendy,XL,yellow,4994.5647761194,4502.10068919403
2100,UrbanVN YY-04,GenZ,Trendy,S,red,4801.84659574468,2893.11257393617
2101,UrbanVN YY-05,GenZ,Trendy,M,black,42.8690611240214,25.637871787463
2102,PhoenixWear MA-01,Casual,All-weather,L,orange,6299.37,3167.323236
2103,PhoenixWear MA-02,Casual,All-weather,XL,blue,7489.31190871369,4647.11803935684
2104,PhoenixWear MA-03,Casual,All-weather,S,white,6859.9568263473,6101.93159703592
2105,PhoenixWear MA-04,Casual,All-weather,M,purple,6929.37,3756.411477
2106,PhoenixWear MA-05,Casual,All-weather,L,green,10011.4395652173,7381.43439143478
2107,PhoenixWear MA-06,Casual,All-weather,XL,silver,7874.37,5049.046044
2108,PhoenixWear RP-01,Outdoor,Activewear,S,pink,34.0771303437643,22.0476036107888
2109,PhoenixWear RP-02,Outdoor,Activewear,M,yellow,27.3560311327352,15.3026922134565
2110,PhoenixWear UM-01,Streetwear,Balanced,L,red,10835.37,10293.6015
2111,PhoenixWear UM-02,Streetwear,Balanced,XL,black,6929.37,5689.01277
2112,PhoenixWear UM-03,Streetwear,Balanced,S,orange,6863.706,6505.4205468
2113,PhoenixWear UM-04,Streetwear,Balanced,M,blue,20.9641090115704,11.5748493811317
2114,PhoenixWear UM-05,Streetwear,Balanced,L,white,10851.12,5601.348144
2115,PhoenixWear UM-06,Streetwear,Balanced,XL,purple,7572.40448275862,5696.71989237931
2116,PhoenixWear UM-07,Streetwear,Balanced,S,green,6892.43896551724,6547.81701724137
2117,PhoenixWear UM-08,Streetwear,Balanced,M,silver,8322.37,7906.2515
2118,PhoenixWear UM-09,Streetwear,Balanced,L,pink,38.2106756611958,24.3581658051818
2119,PhoenixWear UM-10,Streetwear,Balanced,XL,yellow,8315.37,7063.90681499999
2120,PhoenixWear UM-11,Streetwear,Balanced,S,red,6667.36722580645,3474.36506136774
2121,PhoenixWear UM-12,Streetwear,Balanced,M,black,7559.25,6029.25779999999
2122,PhoenixWear UM-13,Streetwear,Balanced,L,orange,12072.0873913043,9086.66017943478
2123,PhoenixWear UM-14,Streetwear,Balanced,XL,blue,7489.42932203389,5615.57410566101
2124,PhoenixWear UM-15,Streetwear,Balanced,S,white,10854.3563013698,6990.20545808219
2125,PhoenixWear UR-01,Streetwear,Standard,M,purple,6173.37,4869.55425599999
2126,PhoenixWear UR-02,Streetwear,Standard,L,green,5499.56076923076,4003.13028392307
2127,PhoenixWear UR-03,Streetwear,Standard,XL,silver,5036.85,4118.12856
2128,PhoenixWear UR-04,Streetwear,Standard,S,pink,4874.562,3880.6388082
2129,PhoenixWear UR-05,Streetwear,Standard,M,yellow,41.2165119877601,26.2625165145443
2130,PhoenixWear UR-06,Streetwear,Standard,L,red,30.5426155342606,16.8877673959579
2131,PhoenixWear UR-07,Streetwear,Standard,XL,black,5354.37,2739.295692
2132,PhoenixWear UR-08,Streetwear,Standard,S,orange,4448.24658227848,2596.44153007594
2133,PhoenixWear UR-09,Streetwear,Standard,M,blue,5497.10029045643,5222.2452759336
2134,PhoenixWear UR-10,Streetwear,Standard,L,white,6133.81602272727,5691.56788748863
2135,PhoenixWear UR-11,Streetwear,Standard,XL,purple,30.3539761469637,19.2013690756706
2136,PhoenixWear UR-12,Streetwear,Standard,S,green,5342.82497630331,4014.59868719431
2137,PhoenixWear UR-13,Streetwear,Standard,M,silver,5666.85,5383.5075
2138,PhoenixWear UR-14,Streetwear,Standard,L,pink,5385.87,4297.92426
2139,PhoenixWear UR-15,Streetwear,Standard,XL,yellow,51.3934504296752,28.9287044509089
2140,PhoenixWear UR-16,Streetwear,Standard,S,red,6611.85,4492.09089
2141,PhoenixWear UR-17,Streetwear,Standard,M,black,5669.37,3855.1716
2142,PhoenixWear UR-18,Streetwear,Standard,L,orange,6299.37,5456.514294
2143,PhoenixWear UR-19,Streetwear,Standard,XL,blue,5280.81502617801,4593.78099127225
2144,PhoenixWear UR-20,Streetwear,Standard,S,white,5279.31642857142,3096.847017
2145,PhoenixWear UR-21,Streetwear,Standard,M,purple,4797.61028268551,3923.96545020848
2146,PhoenixWear UR-22,Streetwear,Standard,L,green,4598.37,2925.482994
2147,PhoenixWear UR-23,Streetwear,Standard,XL,silver,5889.87,3678.223815
2148,PhoenixWear UE-01,Streetwear,Performance,S,pink,7739.00513513513,4210.01879351351
2149,PhoenixWear UE-02,Streetwear,Performance,M,yellow,5228.37,4966.95149999999
2150,PhoenixWear UE-03,Streetwear,Performance,L,red,5932.94530120481,4969.43498428915
2151,PhoenixWear UE-04,Streetwear,Performance,XL,black,6235.61096385542,4723.47530512048
2152,PhoenixWear UE-05,Streetwear,Performance,S,orange,37.769445054736,24.2264506339046
2153,PhoenixWear UE-06,Streetwear,Performance,M,blue,6751.03153846153,6413.47996153846
2154,PhoenixWear UE-07,Streetwear,Performance,L,white,10009.1007692307,5308.827048
2155,PhoenixWear UE-08,Streetwear,Performance,XL,purple,7564.62,3894.266376
2156,PhoenixWear UE-09,Streetwear,Performance,S,green,26.7918012845072,15.0509670678618
2157,PhoenixWear UE-10,Streetwear,Performance,M,silver,5480.37,3292.606296
2158,PhoenixWear UE-11,Streetwear,Performance,L,pink,40.6625277093022,24.7086519561629
2159,PhoenixWear UE-12,Streetwear,Performance,XL,yellow,5663.07,4892.326173
2160,PhoenixWear UE-13,Streetwear,Performance,S,red,34.4266515832779,19.8781387305205
2161,PhoenixWear UE-14,Streetwear,Performance,M,black,6821.85,5840.86797
2162,PhoenixWear UE-15,Streetwear,Performance,L,orange,48.7867127569287,29.5363443188054
2163,PhoenixWear UE-16,Streetwear,Performance,XL,blue,8504.37,7320.561696
2164,PhoenixWear UE-17,Streetwear,Performance,S,white,4574.49631578947,2482.57915057894
2165,PhoenixWear UE-18,Streetwear,Performance,M,purple,7994.64272727272,6223.82936318181
2166,PhoenixWear UE-19,Streetwear,Performance,L,green,7559.37,4870.502091
2167,PhoenixWear UE-20,Streetwear,Performance,XL,silver,6928.53,6582.10349999999
2168,PhoenixWear UE-21,Streetwear,Performance,S,pink,5039.37,4227.527493
2169,PhoenixWear UE-22,Streetwear,Performance,M,yellow,6603.96256578947,3515.94967002631
2170,PhoenixWear UE-23,Streetwear,Performance,L,red,8441.37,5207.481153
2171,PhoenixWear UC-01,Streetwear,Everyday,XL,black,5395.67166270783,3942.07771677434
2172,PhoenixWear UC-02,Streetwear,Everyday,S,orange,16.359093790389,9.13738579232661
2173,PhoenixWear UC-03,Streetwear,Everyday,M,blue,9084.63315789473,6667.21227457894
2174,PhoenixWear UC-04,Streetwear,Everyday,L,white,5039.37,2880.503892
2175,PhoenixWear UC-05,Streetwear,Everyday,XL,purple,5666.85,3381.409395
2176,PhoenixWear UC-06,Streetwear,Everyday,S,green,8819.37,7504.401933
2177,PhoenixWear UC-07,Streetwear,Everyday,M,silver,7876.33875,5431.523202
2178,PhoenixWear UC-08,Streetwear,Everyday,L,pink,10331.37,9814.8015
2179,PhoenixWear UC-09,Streetwear,Everyday,XL,yellow,9154.69258064516,7143.40662067742
2180,PhoenixWear UC-10,Streetwear,Everyday,S,red,5147.28314837153,4889.91899095295
2181,PhoenixWear UC-11,Streetwear,Everyday,M,black,9449.37,8976.9015
2182,PhoenixWear UC-12,Streetwear,Everyday,L,orange,9449.37,8976.9015
2183,PhoenixWear UC-13,Streetwear,Everyday,XL,blue,8685.85295454545,8251.56030681818
2184,PhoenixWear UC-14,Streetwear,Everyday,S,white,10003.1687131367,9503.01027747989
2185,PhoenixWear UC-15,Streetwear,Everyday,M,purple,10064.3047826086,6988.65324104347
2186,PhoenixWear UC-16,Streetwear,Everyday,L,green,5332.64586206896,4611.67214151724
2187,VietMotion MA-01,Casual,All-weather,XL,silver,78.3568178593941,46.385099514966
2188,VietMotion MA-02,Casual,All-weather,S,pink,24.3628876107288,14.9552217758483
2189,VietMotion MA-03,Casual,All-weather,M,yellow,3943.04699208443,2853.5831081715
2190,VietMotion MA-04,Casual,All-weather,L,red,46.9427256157472,27.6849155616535
2191,VietMotion MA-05,Casual,All-weather,XL,black,35.6353029465923,20.5765908014513
2192,VietMotion MA-06,Casual,All-weather,S,orange,2587.68492932862,2458.30068286219
2193,VietMotion MA-07,Casual,All-weather,M,blue,9177.03529411764,5596.15612235294
2194,VietMotion MA-08,Casual,All-weather,L,white,79.5130511254816,51.556084621871
2195,VietMotion MA-09,Casual,All-weather,XL,purple,23.9670671481964,14.1629404930473
2196,VietMotion MA-10,Casual,All-weather,S,green,23.667700325095,15.1333623801606
2197,VietMotion MA-11,Casual,All-weather,M,silver,2982.69297684674,2833.5583280044
2198,VietMotion MA-12,Casual,All-weather,L,pink,26.0558664333377,14.9298931880186
2199,VietMotion MA-13,Casual,All-weather,XL,yellow,2387.29941987363,2267.93444887995
2200,VietMotion MA-14,Casual,All-weather,S,red,14.1602920106796,8.08992308965826
2201,VietMotion MA-15,Casual,All-weather,M,black,26.8347581023203,14.8426645145705
2202,VietMotion MA-16,Casual,All-weather,L,orange,3857.99354838709,3393.10532580645
2203,VietMotion MA-17,Casual,All-weather,XL,blue,10199.7,8504.50986
2204,VietMotion RP-01,Outdoor,Activewear,S,white,1771.10076923076,1588.50027992307
2205,VietMotion RP-02,Outdoor,Activewear,M,purple,1771.10076923076,1682.54573076923
2206,VietMotion RP-03,Outdoor,Activewear,L,green,1254.47356646595,700.874381584529
2207,VietMotion RP-04,Outdoor,Activewear,XL,silver,1254.47356646595,1191.74988814265
2208,VietMotion RP-05,Outdoor,Activewear,S,pink,25.4051141036626,16.1433878355667
2209,VietMotion RP-06,Outdoor,Activewear,M,yellow,41.605795290707,24.9313485820413
2210,VietMotion RP-07,Outdoor,Activewear,L,red,1290.87,907.997958
2211,VietMotion RP-08,Outdoor,Activewear,XL,black,1290.87,790.916048999999
2212,VietMotion RP-09,Outdoor,Activewear,S,orange,1075.94716948165,854.517242002329
2213,VietMotion RP-10,Outdoor,Activewear,M,blue,1075.94716948165,753.700992221898
2214,VietMotion RP-11,Outdoor,Activewear,L,white,4408.75913669064,4188.32117985611
2215,VietMotion RP-12,Outdoor,Activewear,XL,purple,4408.75913669064,3776.98395240287
2216,VietMotion RP-13,Outdoor,Activewear,S,green,24.4027623603992,14.0248314138963
2217,VietMotion RP-14,Outdoor,Activewear,M,silver,16.0875737905064,10.2489909137583
2218,VietMotion RP-15,Outdoor,Activewear,L,pink,1768.29992412746,1081.84589358118
2219,VietMotion RP-16,Outdoor,Activewear,XL,yellow,1768.29992412746,1679.88492792109
2220,VietMotion RP-17,Outdoor,Activewear,S,red,17.2702095327954,10.2676667490325
2221,VietMotion RP-18,Outdoor,Activewear,M,black,33.75855878047,20.3051565196426
2222,VietMotion RP-19,Outdoor,Activewear,L,orange,2772.163006993,1759.21464423776
2223,VietMotion RP-20,Outdoor,Activewear,XL,blue,2772.163006993,2178.9201234965
2224,VietMotion RP-21,Outdoor,Activewear,S,white,768.182423415862,443.241258310952
2225,VietMotion RP-22,Outdoor,Activewear,M,purple,768.182423415862,444.854441400125
2226,VietMotion RP-23,Outdoor,Activewear,L,green,3905.37,3541.780053
2227,VietMotion RP-24,Outdoor,Activewear,XL,silver,3905.37,3396.109752
2228,VietMotion RP-25,Outdoor,Activewear,S,pink,36.7408421235763,21.5273168190307
2229,VietMotion RP-26,Outdoor,Activewear,M,yellow,23.0640089862466,14.0527873190254
2230,VietMotion RP-27,Outdoor,Activewear,L,red,42.7528980407049,24.2132058675726
2231,VietMotion RP-28,Outdoor,Activewear,XL,black,17.0370771016122,10.036681035182
2232,VietMotion RP-29,Outdoor,Activewear,S,orange,32.2516137432755,20.8648987365944
2233,VietMotion RP-30,Outdoor,Activewear,M,blue,20.4011958676449,11.747280799257
2234,VietMotion RP-31,Outdoor,Activewear,L,white,815.461889559965,609.068485312338
2235,VietMotion RP-32,Outdoor,Activewear,XL,purple,815.461889559965,614.042802838654
2236,VietMotion RP-33,Outdoor,Activewear,S,green,2193.0293107221,1526.78700612472
2237,VietMotion RP-34,Outdoor,Activewear,M,silver,2193.0293107221,1336.65136488512
2238,VietMotion RP-35,Outdoor,Activewear,L,pink,1546.06955056179,846.473078932584
2239,VietMotion RP-36,Outdoor,Activewear,XL,yellow,1546.06955056179,1225.10551186516
2240,VietMotion RP-37,Outdoor,Activewear,S,red,1070.20734939759,1005.35278402409
2241,VietMotion RP-38,Outdoor,Activewear,M,black,1070.20734939759,622.646635879518
2242,VietMotion RP-39,Outdoor,Activewear,L,orange,25.5149755659087,15.7088985561505
2243,VietMotion RP-40,Outdoor,Activewear,XL,blue,33.7492929856764,19.659604617477
2244,VietMotion RP-41,Outdoor,Activewear,S,white,23.4726204315062,14.7254853466496
2245,VietMotion RP-42,Outdoor,Activewear,M,purple,28.3939979291316,15.9883015061638
2246,VietMotion RP-43,Outdoor,Activewear,L,green,1574.37,1030.74003899999
2247,VietMotion RP-44,Outdoor,Activewear,XL,silver,1574.37,850.159799999999
2248,VietMotion RP-45,Outdoor,Activewear,S,pink,49.526957816482,32.0430553979793
2249,VietMotion RP-46,Outdoor,Activewear,M,yellow,26.2914358267802,15.6533675653443
2250,VietMotion RP-47,Outdoor,Activewear,L,red,1511.37,944.455113
2251,VietMotion RP-48,Outdoor,Activewear,XL,black,1511.37,1150.605981
2252,VietMotion RP-49,Outdoor,Activewear,S,orange,1621.55374760994,1087.41394314722
2253,VietMotion RP-50,Outdoor,Activewear,M,blue,1621.55374760994,1250.8665609063
2254,VietMotion RP-51,Outdoor,Activewear,L,white,715.600871757925,486.680152882564
2255,VietMotion RP-52,Outdoor,Activewear,XL,purple,715.600871757925,679.820828170028
2256,VietMotion RP-53,Outdoor,Activewear,S,green,46.2599624379482,26.5349478976583
2257,VietMotion RP-54,Outdoor,Activewear,M,silver,21.0756270801274,11.746493897903
2258,VietMotion RP-55,Outdoor,Activewear,L,pink,40.9323895902397,23.2076739453385
2259,VietMotion RP-56,Outdoor,Activewear,XL,yellow,58.9463346783967,35.4843609859876
2260,VietMotion RP-57,Outdoor,Activewear,S,red,12.3214568256416,7.19203826295315
2261,VietMotion RP-58,Outdoor,Activewear,M,black,24.0766357141371,15.2378219277617
2262,VietMotion RP-59,Outdoor,Activewear,L,orange,3918.23956891963,3722.32759047365
2263,VietMotion RP-60,Outdoor,Activewear,XL,blue,3918.23956891963,3722.32759047365
2264,VietMotion RP-61,Outdoor,Activewear,S,white,41.7136682497843,24.7399074588813
2265,VietMotion RP-62,Outdoor,Activewear,M,purple,30.5321994248846,17.5520890607326
2266,VietMotion RP-63,Outdoor,Activewear,L,green,38.4153972526801,23.4992554712634
2267,VietMotion RP-64,Outdoor,Activewear,XL,silver,26.0080453140917,16.1426143111228
2268,VietMotion RS-01,Outdoor,Premium,S,pink,27.4490000477244,16.8158621900831
2269,VietMotion RS-02,Outdoor,Premium,M,yellow,3915.42778687234,3719.65639752872
2270,VietMotion RS-03,Outdoor,Premium,L,red,3778.76423076923,3589.82601923076
2271,VietMotion RS-04,Outdoor,Premium,XL,black,16.6889393957152,9.39795044860731
2272,VietMotion RS-05,Outdoor,Premium,S,orange,56.9144321555593,31.488058589151
2273,VietMotion RS-06,Outdoor,Premium,M,blue,31.6324680137911,20.3107264167449
2274,VietMotion RS-07,Outdoor,Premium,L,white,54.3327146242125,33.2334215994955
2275,VietMotion RS-08,Outdoor,Premium,XL,purple,4487.59171875,3906.89735034375
2276,VietMotion RS-09,Outdoor,Premium,S,green,17.500490979061,11.019249406005
2277,VietMotion RS-10,Outdoor,Premium,M,silver,3358.79423185673,3190.8545202639
2278,VietMotion RS-11,Outdoor,Premium,L,pink,26.0560501016859,15.5854846075365
2279,VietMotion RS-12,Outdoor,Premium,XL,yellow,2006.37,1041.105393
2280,VietMotion RS-13,Outdoor,Premium,S,red,1977.48457627118,1878.61034745762
2281,VietMotion RS-14,Outdoor,Premium,M,black,33.1849838485121,18.6410281522832
2282,VietMotion RS-15,Outdoor,Premium,L,orange,33.7436495288573,18.981429790679
2283,VietMotion RS-16,Outdoor,Premium,XL,blue,27.659626182375,17.1090423571428
2284,VietMotion RS-17,Outdoor,Premium,S,white,3915.93924135056,2108.34168754314
2285,VietMotion RS-18,Outdoor,Premium,M,purple,42.4845284396583,25.1946249447729
2286,VietMotion UM-01,Streetwear,Balanced,L,green,8937.97313193588,8294.43906643649
2287,VietMotion UM-02,Streetwear,Balanced,XL,silver,10079.37,7890.130836
2288,VietMotion UM-03,Streetwear,Balanced,S,pink,41.4427853835863,24.9855947736624
2289,VietMotion UM-04,Streetwear,Balanced,M,yellow,11018.7,9739.42892999999
2290,VietMotion UM-05,Streetwear,Balanced,L,red,9669.87,7081.245801
2291,VietMotion UM-06,Streetwear,Balanced,XL,black,11018.7,7937.87148
2292,VietMotion UM-07,Streetwear,Balanced,S,orange,8635.53870967742,6930.88336838709
2293,VietMotion UM-08,Streetwear,Balanced,M,blue,9638.37,9156.4515
2294,VietMotion UM-09,Streetwear,Balanced,L,white,51.0711877289124,32.8850835229928
2295,VietMotion UM-10,Streetwear,Balanced,XL,purple,10934.4536968085,10387.731011968
2296,VietMotion UM-11,Streetwear,Balanced,S,green,10640.7,8784.96192
2297,VietMotion UM-12,Streetwear,Balanced,M,silver,50.4771531385676,31.7944645978789
2298,VietMotion UR-01,Streetwear,Standard,L,pink,46.0702101095042,26.8825151629648
2299,VietMotion UR-02,Streetwear,Standard,XL,yellow,45.8513138825683,28.6273056787633
2300,VietMotion UR-03,Streetwear,Standard,S,red,55.8233099312733,31.6002354123627
2301,VietMotion UR-04,Streetwear,Standard,M,black,33.3948446627007,21.0987527354521
2302,VietMotion UR-05,Streetwear,Standard,L,orange,43.5008809023348,27.5453414732944
2303,VietMotion UR-06,Streetwear,Standard,XL,blue,29.2504014205334,17.5720842733407
2304,VietMotion UR-07,Streetwear,Standard,S,white,37.7002430353945,20.7592085610387
2305,VietMotion UR-08,Streetwear,Standard,M,purple,31.4356556283337,18.1919337862522
2306,VietMotion UR-09,Streetwear,Standard,L,green,34.4255281311391,21.0578439704666
2307,VietMotion UR-10,Streetwear,Standard,XL,silver,3338.37,1819.41165
2308,VietMotion UR-11,Streetwear,Standard,S,pink,42.0165173064613,27.2316871215487
2309,VietMotion UR-12,Streetwear,Standard,M,yellow,3773.7,3585.01499999999
2310,VietMotion UR-13,Streetwear,Standard,L,red,23.8721313604639,14.6379457994811
2311,VietMotion UR-14,Streetwear,Standard,XL,black,76.4743132757245,44.047702346494
2312,VietMotion UR-15,Streetwear,Standard,S,orange,22.1445861143704,13.5835017518328
2313,VietMotion UR-16,Streetwear,Standard,M,blue,20.375323878643,12.3066658333979
2314,VietMotion UR-17,Streetwear,Standard,L,white,52.6277922196157,33.0494398627325
2315,VietMotion UR-18,Streetwear,Standard,XL,purple,45.4523751409669,25.4850587404101
2316,VietMotion UR-19,Streetwear,Standard,S,green,42.5061141025948,26.6131966423281
2317,VietMotion UR-20,Streetwear,Standard,M,silver,42.5780219597013,25.7225181051281
2318,VietMotion UR-21,Streetwear,Standard,L,pink,32.9536256850873,21.2979019300881
2319,VietMotion UR-22,Streetwear,Standard,XL,yellow,23.1292546515138,13.5118148969899
2320,VietMotion UR-23,Streetwear,Standard,S,red,34.1349512691561,20.9336749474287
2321,VietMotion UR-24,Streetwear,Standard,M,black,25.2578074885812,16.2458927650115
2322,VietMotion UR-25,Streetwear,Standard,L,orange,48.9132290868715,27.4036841786634
2323,VietMotion UR-26,Streetwear,Standard,XL,blue,31.2236883086261,20.099401585688
2324,VietMotion UR-27,Streetwear,Standard,S,white,23.8027500252792,14.728869703292
2325,VietMotion UR-28,Streetwear,Standard,M,purple,1889.37,1169.708967
2326,VietMotion UR-29,Streetwear,Standard,L,green,29.1205952191835,16.2138729244571
2327,VietMotion UE-01,Streetwear,Performance,XL,silver,7343.27605427975,6976.11225156576
2328,VietMotion UE-02,Streetwear,Performance,S,pink,4409.37,4087.926927
2329,VietMotion UE-03,Streetwear,Performance,M,yellow,25.007574586777,15.383210417633
2330,VietMotion UE-04,Streetwear,Performance,L,red,8976.87,5674.279527
2331,VietMotion UE-05,Streetwear,Performance,XL,black,7365.66177014885,6671.81643140083
2332,VietMotion UE-06,Streetwear,Performance,S,orange,5799.62895029821,4554.44861466918
2333,VietMotion UE-07,Streetwear,Performance,M,blue,29.0475790176154,18.3863675204288
2334,VietMotion UE-08,Streetwear,Performance,L,white,4289.17958690987,2661.43593367757
2335,VietMotion UE-09,Streetwear,Performance,XL,purple,28.3083478659464,16.1539358430635
2336,VietMotion UE-10,Streetwear,Performance,S,green,8688.96482388974,8254.51658269525
2337,VietMotion UE-11,Streetwear,Performance,M,silver,5033.7,3153.61305
2338,VietMotion UE-12,Streetwear,Performance,L,pink,18.4413240878248,10.1630060122941
2339,VietMotion UE-13,Streetwear,Performance,XL,yellow,37.2796689926641,21.014123043847
2340,VietMotion UE-14,Streetwear,Performance,S,red,5543.37,5210.7678
2341,VietMotion UE-15,Streetwear,Performance,M,black,5457.50597014925,5184.63067164179
2342,VietMotion UE-16,Streetwear,Performance,L,orange,36.7604341890572,23.5267464092397
2343,VietMotion UE-17,Streetwear,Performance,XL,blue,5703.50918918919,4446.45576389189
2344,VietMotion UE-18,Streetwear,Performance,S,white,33.1832550477997,21.1506420090396
2345,VietMotion UE-19,Streetwear,Performance,M,purple,5244.73003521126,4313.26598095774
2346,VietMotion UE-20,Streetwear,Performance,L,green,30.1494037437198,18.383336940958
2347,VietMotion UE-21,Streetwear,Performance,XL,silver,18.7999028671168,11.4689124415361
2348,VietMotion UE-22,Streetwear,Performance,S,pink,9921.92680327869,6549.46388284426
2349,VietMotion UE-23,Streetwear,Performance,M,yellow,27.9870490961516,17.2541184090101
2350,VietMotion UE-24,Streetwear,Performance,L,red,4649.89626168224,4417.40144859813
2351,VietMotion UE-25,Streetwear,Performance,XL,black,28.8732105142569,16.3866189674262
2352,VietMotion UE-26,Streetwear,Performance,S,orange,4441.32302013422,3680.96851908724
2353,VietMotion UC-01,Streetwear,Everyday,M,blue,5207.48244979919,4504.99306732128
2354,VietMotion UC-02,Streetwear,Everyday,L,white,4403.30027247956,4183.13525885558
2355,VietMotion UC-03,Streetwear,Everyday,XL,purple,7179.42682129277,5081.59830411102
2356,VietMotion UC-04,Streetwear,Everyday,S,green,8744.4,5883.23231999999
2357,VietMotion UC-05,Streetwear,Everyday,M,silver,37.699000710803,21.5181607989932
2358,VietMotion UC-06,Streetwear,Everyday,L,pink,28.3880161008474,15.6887285185421
2359,VietMotion UC-07,Streetwear,Everyday,XL,yellow,5399.82590125996,3136.75886604191
2360,VietMotion UC-08,Streetwear,Everyday,S,red,7081.97732079906,5403.54869576968
2361,VietMotion UC-09,Streetwear,Everyday,M,black,7197.01437125748,6837.16365269461
2362,VietMotion UC-10,Streetwear,Everyday,L,orange,25.2602294364921,14.3514362618984
2363,VietMotion UC-11,Streetwear,Everyday,XL,blue,11768.9595394736,11180.5115625
2364,VietMotion UC-12,Streetwear,Everyday,S,white,42.2950693545675,25.728266470793
2365,VietMotion UC-13,Streetwear,Everyday,M,purple,6423.10253164557,4688.2225378481
2366,VietMotion UC-14,Streetwear,Everyday,L,green,5124.64991055456,4868.41741502683
2367,VietMotion UC-15,Streetwear,Everyday,XL,silver,5855.09240506329,3272.41114518987
2368,VietMotion UC-16,Streetwear,Everyday,S,pink,9060.45798712697,5234.22657916325
2369,VietMotion UC-17,Streetwear,Everyday,M,yellow,5168.68832684824,2624.14306354085
2370,VietMotion UC-18,Streetwear,Everyday,L,red,8898.12,4748.926644
2371,VietMotion UC-19,Streetwear,Everyday,XL,black,6958.29715231788,4658.57994347682
2372,VietMotion UC-20,Streetwear,Everyday,S,orange,4787.37,2481.772608
2373,VietMotion UC-21,Streetwear,Everyday,M,blue,7213.40846153846,4297.74876138461
2374,VietMotion UC-22,Streetwear,Everyday,L,white,7830.72153583617,5726.60665915699
2375,VietMotion UC-23,Streetwear,Everyday,XL,purple,8378.37,5122.535418
2376,VietMotion UC-24,Streetwear,Everyday,S,green,8381.71783645655,7962.63194463373
2377,VietMotion UC-25,Streetwear,Everyday,M,silver,10451.7,9744.11991
2378,VietMotion UC-26,Streetwear,Everyday,L,pink,9752.4,9264.78
2379,VietMotion UC-27,Streetwear,Everyday,XL,yellow,2324.0054368932,2207.80516504854
2380,VietMotion UC-28,Streetwear,Everyday,S,red,3754.70710093056,2446.94261767644
2381,VietMotion UC-29,Streetwear,Everyday,M,black,7536.50248638838,7159.67736206896
2382,VietMotion UC-30,Streetwear,Everyday,L,orange,50.0188437284808,29.6182809246076
2383,VietMotion UC-31,Streetwear,Everyday,XL,blue,48.0629710331015,30.725079527362
2384,VietMotion UC-32,Streetwear,Everyday,S,white,7792.5319987775,4305.37392932457
2385,VietMotion UC-33,Streetwear,Everyday,M,purple,9105.60255785627,6343.87330205846
2386,VietMotion UC-34,Streetwear,Everyday,L,green,23.672475234682,14.9549526261755
2387,VietMotion UC-35,Streetwear,Everyday,XL,silver,6091.44509881423,4494.26819390513
2388,VietMotion UC-36,Streetwear,Everyday,S,pink,3825.8711237785,2462.33065526384
2389,VietMotion UC-37,Streetwear,Everyday,M,yellow,10194.3043352601,9156.52415393063
2390,VietMotion UC-38,Streetwear,Everyday,L,red,29.262740446341,17.0947584897666
2391,VietMotion UC-39,Streetwear,Everyday,XL,black,9057.2655109489,8604.40223540146
2392,VietMotion YY-01,GenZ,Trendy,S,orange,57.2514301559873,32.0890268638893
2393,VietMotion YY-02,GenZ,Trendy,M,blue,1278.22996655518,1214.31846822742
2394,VietMotion YY-03,GenZ,Trendy,L,white,1618.17486486486,1252.4673454054
2395,VietMotion YY-04,GenZ,Trendy,XL,purple,1987.56912442396,1152.39257834101
2396,VietMotion YY-05,GenZ,Trendy,S,green,1182.85089041095,799.015776472602
2397,VietMotion YY-06,GenZ,Trendy,M,silver,22.5115973853933,12.9262605565901
2398,VietMotion YY-07,GenZ,Trendy,L,pink,43.5722545387457,28.2638513620796
2399,VietMotion YY-08,GenZ,Trendy,XL,yellow,1631.7,1550.115
2400,VietMotion YY-09,GenZ,Trendy,S,red,1109.26106145251,1053.79800837988
2401,VietMotion YY-10,GenZ,Trendy,M,black,2015.37,1140.90095699999
2402,VietMotion YY-11,GenZ,Trendy,L,orange,3733.94873394495,1874.44226444036
2403,VietMotion YY-12,GenZ,Trendy,XL,blue,1616.80265577119,850.276516670071
2404,VietMotion YY-13,GenZ,Trendy,S,white,3296.84727272727,2940.12839781818
2405,VietMotion YY-14,GenZ,Trendy,M,purple,5084.86539473684,2906.0005730921
2406,VietMotion YY-15,GenZ,Trendy,L,green,1085.29105263157,871.271657052631
2407,VietMotion YY-16,GenZ,Trendy,XL,silver,936.012857142857,826.405751571428
2408,VietMotion YY-17,GenZ,Trendy,S,pink,50.5705704150135,28.53442181687
2409,VietMotion YY-18,GenZ,Trendy,M,yellow,16.3872600287941,9.830534005426
2410,VietMotion YY-19,GenZ,Trendy,L,red,1234.16999999999,1020.041505
2411,VietMotion YY-20,GenZ,Trendy,XL,black,20.6289740512679,12.6211275884864
2412,VietMotion YY-21,GenZ,Trendy,S,orange,1233.09190728476,836.529549901986
